{
"metadata": {
    "version": {
        "essentia": "2.1-dev",
        "essentia_git_sha": "v2.1_beta3-415-gd5473f3",
        "extractor": "music 2.0"
    },
    "audio_properties": {
        "analysis": {
            "equal_loudness": 0,
            "length": 330.501220703,
            "sample_rate": 44100,
            "start_time": 0,
            "downmix": "mix"
        },
        "bit_rate": 160000,
        "length": 330.501220703,
        "lossless": 0,
        "number_channels": 2,
        "replay_gain": -4.70679473877,
        "sample_rate": 44100,
        "codec": "mp3",
        "md5_encoded": "af082cca124745ec8ed6f90148775152"
    },
    "tags": {
        "file_name": "chopin-sonata_in_gm_op_65-finale.mp3",
        "album": ["Complete Chopin Edition v08CD2"],
        "artist": ["Frederic Chopin"],
        "date": ["1981"],
        "genre": ["Classical"],
        "title": ["Cello Sonata in Gm,Op.65-Final"],
        "tracknumber": ["10"]
    }
},
"lowlevel": {
    "average_loudness": 0.190607175231,
    "barkbands_crest": {
        "mean": 12.1302947998,
        "stdev": 4.56169223785
    },
    "barkbands_flatness_db": {
        "mean": 0.244111225009,
        "stdev": 0.0675896629691
    },
    "barkbands_kurtosis": {
        "mean": 6.89400148392,
        "stdev": 17.6652679443
    },
    "barkbands_skewness": {
        "mean": 1.28498446941,
        "stdev": 1.50983524323
    },
    "barkbands_spread": {
        "mean": 7.88069438934,
        "stdev": 6.17678689957
    },
    "dissonance": {
        "mean": 0.413399964571,
        "stdev": 0.0551307946444
    },
    "dynamic_complexity": 6.3878455162,
    "erbbands_crest": {
        "mean": 13.5939035416,
        "stdev": 6.14965677261
    },
    "erbbands_flatness_db": {
        "mean": 0.279777109623,
        "stdev": 0.068677097559
    },
    "erbbands_kurtosis": {
        "mean": 2.63455414772,
        "stdev": 5.72236442566
    },
    "erbbands_skewness": {
        "mean": 0.931614995003,
        "stdev": 0.877945721149
    },
    "erbbands_spread": {
        "mean": 17.8297958374,
        "stdev": 12.8625268936
    },
    "hfc": {
        "mean": 8.21822547913,
        "stdev": 11.0378761292
    },
    "loudness_ebu128": {
        "integrated": -18.9936847687,
        "loudness_range": 13.7365112305,
        "momentary": {
            "mean": -24.5508575439,
            "stdev": 17.5095310211
        },
        "short_term": {
            "mean": -22.5342617035,
            "stdev": 8.10011196136
        }
    },
    "melbands_crest": {
        "mean": 15.1452417374,
        "stdev": 5.88663434982
    },
    "melbands_flatness_db": {
        "mean": 0.32325091958,
        "stdev": 0.0822059884667
    },
    "melbands_kurtosis": {
        "mean": 10.6425542831,
        "stdev": 35.4356498718
    },
    "melbands_skewness": {
        "mean": 1.69158816338,
        "stdev": 1.91037595272
    },
    "melbands_spread": {
        "mean": 10.4563035965,
        "stdev": 10.0995416641
    },
    "pitch_salience": {
        "mean": 0.531284034252,
        "stdev": 0.124835155904
    },
    "silence_rate_20dB": {
        "mean": 1,
        "stdev": 0
    },
    "silence_rate_30dB": {
        "mean": 0.99213206768,
        "stdev": 0.0883487388492
    },
    "silence_rate_60dB": {
        "mean": 0.291113466024,
        "stdev": 0.454252809286
    },
    "spectral_centroid": {
        "mean": 687.391052246,
        "stdev": 702.530212402
    },
    "spectral_complexity": {
        "mean": 10.0646295547,
        "stdev": 6.07439756393
    },
    "spectral_decrease": {
        "mean": -4.26021395938e-09,
        "stdev": 5.51309620178e-09
    },
    "spectral_energy": {
        "mean": 0.0168244671077,
        "stdev": 0.0217300709337
    },
    "spectral_energyband_high": {
        "mean": 2.35501593124e-05,
        "stdev": 6.26948312856e-05
    },
    "spectral_energyband_low": {
        "mean": 0.00144741509575,
        "stdev": 0.00422331318259
    },
    "spectral_energyband_middle_high": {
        "mean": 0.00212569232099,
        "stdev": 0.00399623671547
    },
    "spectral_energyband_middle_low": {
        "mean": 0.0139126330614,
        "stdev": 0.0189527552575
    },
    "spectral_entropy": {
        "mean": 6.3655166626,
        "stdev": 0.620965659618
    },
    "spectral_flux": {
        "mean": 0.0419524610043,
        "stdev": 0.0316289737821
    },
    "spectral_kurtosis": {
        "mean": 28.7100811005,
        "stdev": 30.1141929626
    },
    "spectral_rms": {
        "mean": 0.00336281326599,
        "stdev": 0.00225953618065
    },
    "spectral_rolloff": {
        "mean": 780.72064209,
        "stdev": 1237.75183105
    },
    "spectral_skewness": {
        "mean": 3.43415617943,
        "stdev": 1.78974318504
    },
    "spectral_spread": {
        "mean": 2134813.25,
        "stdev": 2574724.25
    },
    "spectral_strongpeak": {
        "mean": 1.03632748127,
        "stdev": 1.06936299801
    },
    "zerocrossingrate": {
        "mean": 0.0306113418192,
        "stdev": 0.0332061760128
    },
    "barkbands": {
        "mean": [0.00023947119189, 0.00040770357009, 0.000422028708272, 0.00127306755167, 0.00367991952226, 0.00228167767636, 0.00265438714996, 0.00242535979487, 0.00102994951885, 0.000992621178739, 0.000345064618159, 0.000365285755834, 0.000187119221664, 9.39410238061e-05, 0.000108519212517, 0.000138393239467, 7.67198944231e-05, 4.30429245171e-05, 3.08068447339e-05, 1.6371062884e-05, 7.88320630818e-06, 2.90640377898e-06, 1.04623234165e-06, 6.69699886657e-07, 4.17445050971e-07, 8.51750669995e-08, 5.1217963204e-09],
        "stdev": [0.00151577673387, 0.00225813710131, 0.00102108996361, 0.00416747387499, 0.00700662285089, 0.00396453728899, 0.00682037509978, 0.00632654735819, 0.00290327961557, 0.00255507580005, 0.00109332089778, 0.00177099579014, 0.000961124198511, 0.000230142090004, 0.000233359329286, 0.000462614611024, 0.000161097908858, 8.74576217029e-05, 5.92149517615e-05, 3.88979933632e-05, 3.51243761543e-05, 1.04909559013e-05, 3.34177866534e-06, 1.92422021428e-06, 1.2958056459e-06, 2.97057027865e-07, 2.13963424756e-08]
    },
    "erbbands": {
        "mean": [0.0211861841381, 0.0611132383347, 0.376149058342, 2.46639347076, 10.6638345718, 9.76603507996, 17.9783706665, 16.5612392426, 20.8212928772, 61.5830116272, 51.4593658447, 27.1563796997, 32.1478881836, 21.5980606079, 12.6966085434, 15.9093503952, 9.61845207214, 5.30633401871, 5.1827583313, 8.27759552002, 5.75620269775, 3.70629930496, 2.74528861046, 1.73265731335, 1.25479054451, 0.874228060246, 0.476267576218, 0.21122302115, 0.101254962385, 0.0747999995947, 0.0256663616747, 0.0157097615302, 0.0105598969385, 0.00629524840042, 0.00197286135517, 0.000548639392946, 0.000138146802783, 2.47086682066e-05, 8.79710842128e-06, 1.90307509911e-05],
        "stdev": [0.159094616771, 0.180366843939, 0.824129760265, 6.54576635361, 28.3696498871, 17.5471286774, 37.9599952698, 32.2754592896, 38.3633155823, 160.956329346, 157.088439941, 70.1610946655, 86.0439987183, 60.7257270813, 38.4480705261, 82.5538864136, 41.813835144, 16.3079853058, 9.9505109787, 22.2552757263, 24.857257843, 7.12020969391, 5.38722324371, 3.39322543144, 2.66847991943, 2.1262114048, 2.21151614189, 0.60107678175, 0.408717513084, 0.190265849233, 0.0759306102991, 0.0514461658895, 0.0288533512503, 0.0177583936602, 0.00521784927696, 0.00191991834436, 0.000435651571024, 5.64323636354e-05, 1.21749790196e-05, 2.45070023084e-05]
    },
    "gfcc": {
        "mean": [-160.844116211, 180.284561157, -137.083343506, -2.30970692635, -52.3109474182, -18.8070812225, -32.4888000488, -2.64848279953, -12.906001091, -10.2878437042, -6.07863998413, -8.74502754211, 3.82441091537],
        "cov": [[20504.71875, 558.760620117, -2536.71679688, 355.573944092, -864.483398438, -550.518920898, -443.259368896, -46.0323524475, -541.129211426, -21.1714420319, -489.021820068, -181.551239014, -240.976150513], [558.760620117, 1623.61914062, 56.857383728, -532.322998047, 168.081756592, -294.608703613, 73.2178039551, -173.452804565, 120.015525818, -158.454849243, 71.1442947388, -176.633743286, 28.9804840088], [-2536.71679688, 56.857383728, 721.73059082, -39.3754005432, 145.300567627, 88.3360443115, 19.4452419281, -33.025932312, 26.4908924103, -36.6130104065, -23.2189941406, -35.6502532959, -24.3007888794], [355.573944092, -532.322998047, -39.3754005432, 466.758148193, -5.98804759979, 133.918991089, -43.390460968, 20.5657596588, -94.8075027466, 20.0088748932, -64.1792907715, 55.8401756287, 8.15093612671], [-864.483398438, 168.081756592, 145.300567627, -5.98804759979, 210.328125, 14.7622365952, 30.8035316467, -38.8234062195, 6.15375137329, -30.8147525787, 8.18207931519, -15.6841211319, -2.74285268784], [-550.518920898, -294.608703613, 88.3360443115, 133.918991089, 14.7622365952, 218.612121582, 25.8555431366, 49.3866157532, -31.3515548706, 18.2305755615, -9.23318195343, 38.6898918152, 7.03856706619], [-443.259368896, 73.2178039551, 19.4452419281, -43.390460968, 30.8035316467, 25.8555431366, 172.857650757, 29.1912879944, 55.9537391663, 9.33481025696, 19.9151000977, -12.2470932007, -10.2406396866], [-46.0323524475, -173.452804565, -33.025932312, 20.5657596588, -38.8234062195, 49.3866157532, 29.1912879944, 139.708786011, 36.0815811157, 37.1216163635, 9.66961574554, 22.5148200989, 3.25899553299], [-541.129211426, 120.015525818, 26.4908924103, -94.8075027466, 6.15375137329, -31.3515548706, 55.9537391663, 36.0815811157, 153.650619507, 56.1961669922, 63.1826782227, -3.58282995224, 1.63083839417], [-21.1714420319, -158.454849243, -36.6130104065, 20.0088748932, -30.8147525787, 18.2305755615, 9.33481025696, 37.1216163635, 56.1961669922, 125.745544434, 59.3202781677, 34.8339653015, -11.1911945343], [-489.021820068, 71.1442947388, -23.2189941406, -64.1792907715, 8.18207931519, -9.23318195343, 19.9151000977, 9.66961574554, 63.1826782227, 59.3202781677, 144.209686279, 50.3736953735, 23.4295730591], [-181.551239014, -176.633743286, -35.6502532959, 55.8401756287, -15.6841211319, 38.6898918152, -12.2470932007, 22.5148200989, -3.58282995224, 34.8339653015, 50.3736953735, 111.941360474, 42.0803031921], [-240.976150513, 28.9804840088, -24.3007888794, 8.15093612671, -2.74285268784, 7.03856706619, -10.2406396866, 3.25899553299, 1.63083839417, -11.1911945343, 23.4295730591, 42.0803031921, 114.503440857]],
        "icov": [[0.000230803474551, -0.000555453472771, 0.000647310575005, -0.000366779946489, 0.000631979608443, 4.47275924671e-05, 0.000302022177493, -0.000306820817059, 0.000742100295611, -0.000829822267406, 0.00097411160823, -0.000356387667125, 0.000677914766129], [-0.000555453472771, 0.00338598689996, -0.00133124354761, 0.00213621091098, -0.00252346950583, 0.000876041362062, -0.00104550085962, 0.00204356969334, -0.00271657947451, 0.004054967314, -0.00374107295647, 0.00310837943107, -0.00266834511422], [0.000647310575005, -0.00133124354761, 0.00371951470152, -0.000531692465302, 0.000577024766244, -0.00102295551915, 0.00124229351059, -0.000199569753022, 0.00103302183561, -0.00169338972773, 0.00306921615265, -0.000615269877017, 0.00213781441562], [-0.000366779946489, 0.00213621091098, -0.000531692465302, 0.00480642588809, -0.00215648021549, -0.00112162111327, -0.000182305971975, 0.0013745254837, -0.000512795930263, 0.00104799505789, -0.000344667088939, 0.000489255704451, -0.00180523737799], [0.000631979608443, -0.00252346950583, 0.000577024766244, -0.00215648021549, 0.0085394801572, -0.000602225773036, -0.000126146798721, 8.59402134665e-05, 0.00205806014128, -0.00155901454855, 0.00188997772057, -0.00155374070164, 0.00247511523776], [4.47275924671e-05, 0.000876041362062, -0.00102295551915, -0.00112162111327, -0.000602225773036, 0.00804123561829, -0.00184237677604, -0.00197144644335, 0.00209068926051, -0.000225422845688, -0.000612036907114, -0.000305842899252, -0.000696411938407], [0.000302022177493, -0.00104550085962, 0.00124229351059, -0.000182305971975, -0.000126146798721, -0.00184237677604, 0.00790580455214, -0.00148117844947, -0.00170276511926, -0.000428075349191, 0.00119532586541, -2.02496012207e-05, 0.00178156804759], [-0.000306820817059, 0.00204356969334, -0.000199569753022, 0.0013745254837, 8.59402134665e-05, -0.00197144644335, -0.00148117844947, 0.0111441696063, -0.00447097653523, 0.00142528209835, -0.000726765603758, 0.000566773815081, -0.00148614577483], [0.000742100295611, -0.00271657947451, 0.00103302183561, -0.000512795930263, 0.00205806014128, 0.00209068926051, -0.00170276511926, -0.00447097653523, 0.0155423199758, -0.00853972323239, 0.000816652260255, 0.000145248966874, 0.00112432951573], [-0.000829822267406, 0.004054967314, -0.00169338972773, 0.00104799505789, -0.00155901454855, -0.000225422845688, -0.000428075349191, 0.00142528209835, -0.00853972323239, 0.0193592347205, -0.00929844658822, 0.00136322795879, 0.00010637305968], [0.00097411160823, -0.00374107295647, 0.00306921615265, -0.000344667088939, 0.00188997772057, -0.000612036907114, 0.00119532586541, -0.000726765603758, 0.000816652260255, -0.00929844658822, 0.0182477496564, -0.00861239340156, 0.00239410507493], [-0.000356387667125, 0.00310837943107, -0.000615269877017, 0.000489255704451, -0.00155374070164, -0.000305842899252, -2.02496012207e-05, 0.000566773815081, 0.000145248966874, 0.00136322795879, -0.00861239340156, 0.0185526125133, -0.00666322186589], [0.000677914766129, -0.00266834511422, 0.00213781441562, -0.00180523737799, 0.00247511523776, -0.000696411938407, 0.00178156804759, -0.00148614577483, 0.00112432951573, 0.00010637305968, 0.00239410507493, -0.00666322186589, 0.0136746009812]]
    },
    "melbands": {
        "mean": [0.000159412040375, 0.00015148219245, 0.00068198016379, 0.000766337558161, 0.000570612901356, 0.000380098674214, 0.000390259374399, 0.000634873984382, 0.000395355484216, 0.000147215730976, 0.000156119451276, 8.56207043398e-05, 4.38416209363e-05, 4.13936686527e-05, 3.17513404298e-05, 1.69701143022e-05, 8.77125512488e-06, 7.84304756962e-06, 8.78686387296e-06, 1.18916586871e-05, 6.1423702391e-06, 4.04780803365e-06, 3.14092812914e-06, 1.83414442745e-06, 1.38572806918e-06, 1.07525545445e-06, 5.56822044473e-07, 5.99917086674e-07, 3.01570338479e-07, 2.33863389099e-07, 8.17874976633e-08, 5.62981874452e-08, 5.3480661677e-08, 3.4943258953e-08, 1.51075596477e-08, 1.06670370315e-08, 8.5109892467e-09, 7.81708742181e-09, 6.10739947504e-09, 4.98280483541e-09],
        "stdev": [0.00104455812834, 0.000331033807015, 0.00179060944356, 0.00163772515953, 0.00111508520786, 0.000686920422595, 0.000821907713544, 0.00155104789883, 0.00125491525978, 0.000385468301829, 0.000428275030572, 0.000252233701758, 0.000123297926621, 0.000197478686459, 0.000165583827766, 0.000103390135337, 2.33951850532e-05, 1.6537396732e-05, 2.14802184928e-05, 3.04052118736e-05, 3.57157114195e-05, 8.43653560878e-06, 6.82014888298e-06, 4.1831708586e-06, 3.00082365357e-06, 2.28303451877e-06, 1.39376243169e-06, 1.57134866186e-06, 1.43092654525e-06, 8.45174781716e-07, 2.65622560391e-07, 3.20964431921e-07, 1.46456883954e-07, 1.05941019513e-07, 4.93394587409e-08, 3.93467871618e-08, 2.70386379952e-08, 2.22784048987e-08, 2.57240024837e-08, 1.25473622603e-08]
    },
    "melbands128": {
        "mean": [0.000184018936125, 0.000222582035349, 0.000122174868011, 8.88444410521e-05, 0.000127645209432, 0.000238314067246, 0.000392489571823, 0.000753813539632, 0.00131916103419, 0.000840046035592, 0.000407898332924, 0.000527209660504, 0.000742003729101, 0.000476767396322, 0.000357978889951, 0.000367985310731, 0.000245695206104, 0.000262126239249, 0.000695130845997, 0.000880510138813, 0.000467944424599, 0.000379076431273, 0.000519535504282, 0.000214722676901, 0.000181561656063, 8.52327502798e-05, 0.000129720385303, 0.000243714632234, 8.00343041192e-05, 9.63692000369e-05, 8.9017310529e-05, 5.82319589739e-05, 4.01946672355e-05, 3.57378339686e-05, 3.53302821168e-05, 4.32040724263e-05, 5.43080095667e-05, 2.85065234493e-05, 2.36560426856e-05, 1.84250966413e-05, 1.90336177184e-05, 1.02652093119e-05, 7.96727636043e-06, 8.82615222508e-06, 7.08624202161e-06, 7.07258686816e-06, 1.00933066278e-05, 6.73811337037e-06, 6.76660147292e-06, 1.70699950104e-05, 1.42879989653e-05, 6.02319960308e-06, 5.10523568664e-06, 5.93779986957e-06, 7.91352431406e-06, 2.63561014435e-06, 2.34689400713e-06, 4.04999218517e-06, 2.7594551284e-06, 2.87666466647e-06, 1.37722406635e-06, 1.87742864455e-06, 1.19309470392e-06, 1.48208926021e-06, 1.10151643185e-06, 9.96845642476e-07, 1.35699372095e-06, 4.82853124595e-07, 3.74363025912e-07, 4.92232288707e-07, 8.61231058025e-07, 4.54373406455e-07, 3.88530310147e-07, 2.53779091963e-07, 2.28237908573e-07, 3.15362768788e-07, 2.03867472237e-07, 8.82947119862e-08, 7.57980984645e-08, 5.39378106623e-08, 6.86968846253e-08, 4.70642618211e-08, 5.06018729141e-08, 5.30600949844e-08, 6.49404796604e-08, 3.16883870255e-08, 3.5521949826e-08, 1.72311764857e-08, 1.51168642049e-08, 9.60694723773e-09, 1.17460041693e-08, 9.00469832033e-09, 1.30293456024e-08, 8.02565391922e-09, 6.26459017994e-09, 8.24622414797e-09, 8.33860269722e-09, 7.01581903684e-09, 5.25062615608e-09, 6.33963859187e-09, 6.47203446391e-09, 4.65868543742e-09, 3.54666407354e-09, 2.27740826197e-09, 1.64567059979e-09, 2.08115036315e-09, 1.83558068745e-09, 1.16696763364e-09, 7.90885079649e-10, 5.04826680459e-10, 4.2928430255e-10, 3.73627545569e-10, 3.92930271653e-10, 4.83296291875e-10, 3.20767468143e-10, 2.42852904453e-10, 1.70088415574e-10, 2.72827073433e-11, 3.74095112526e-12, 7.1180539761e-12, 3.60724774703e-12, 2.57590801987e-12, 2.52434401507e-12, 2.91469756317e-12, 2.93716201534e-12, 2.43475270327e-12, 2.42063335522e-12, 2.40323364507e-12],
        "stdev": [0.00130608153995, 0.00178629520815, 0.000706094084308, 0.000245341536356, 0.000325161439832, 0.000608107482549, 0.00115246220957, 0.0027016159147, 0.00383952260017, 0.00217505614273, 0.0010371649405, 0.00112139445264, 0.00181723234709, 0.00104209012352, 0.000935864169151, 0.000883769069333, 0.000532110279892, 0.000630819180515, 0.00223698536865, 0.00283728539944, 0.00124217115808, 0.00122068438213, 0.00211032829247, 0.000903507869225, 0.000712051463779, 0.000264400558081, 0.000432387954788, 0.000799037632532, 0.000251029210631, 0.00037751608761, 0.000313095370075, 0.000239210246946, 0.00012945655908, 0.000233958431636, 0.00020389725978, 0.00025549082784, 0.000400252931286, 0.000258827087237, 0.000112418107165, 9.92918285192e-05, 0.000221114009037, 4.29566134699e-05, 3.13770251523e-05, 2.40365170612e-05, 2.30325567827e-05, 2.08186174859e-05, 2.86964677798e-05, 2.21802401938e-05, 2.21548853006e-05, 7.57335728849e-05, 4.11661349062e-05, 1.86195466085e-05, 6.33571762592e-05, 3.43391475326e-05, 2.4622768251e-05, 6.14202053839e-06, 6.50734136798e-06, 1.30753760459e-05, 6.94138498147e-06, 7.88996840129e-06, 5.86060968999e-06, 6.30314480077e-06, 2.92740719487e-06, 4.4396656449e-06, 3.04987861455e-06, 2.59912962974e-06, 4.23273831984e-06, 1.36075209412e-06, 2.16323132918e-06, 1.38434597829e-06, 3.22908090311e-06, 1.32733850933e-06, 1.59751914452e-06, 1.97095528165e-06, 2.73080672741e-06, 1.06591426174e-06, 8.97922177501e-07, 3.09841851731e-07, 3.24955863107e-07, 3.31094213379e-07, 7.7207528193e-07, 2.01942825129e-07, 2.32905989606e-07, 1.82865306897e-07, 2.01267411626e-07, 9.94458702053e-08, 1.98625698999e-07, 5.10971140955e-08, 7.10554957095e-08, 3.47920270372e-08, 6.98050897086e-08, 2.8240462413e-08, 8.28581434575e-08, 2.30362324771e-08, 2.78525114084e-08, 3.00884330784e-08, 2.52201139972e-08, 2.61038390903e-08, 2.84504420023e-08, 4.06270608266e-08, 1.59847548531e-08, 1.321317189e-08, 1.09357332079e-08, 6.81061251839e-09, 5.29898214197e-09, 7.37059346889e-09, 7.11741021675e-09, 4.14123668691e-09, 3.54296303406e-09, 3.88680154728e-09, 2.36790231867e-09, 1.48639789366e-09, 1.4644450097e-09, 1.37068278949e-09, 7.8205336651e-10, 6.09988670686e-10, 4.46489123451e-10, 8.88498510876e-11, 9.22997581143e-11, 4.71146510694e-10, 1.1110518755e-10, 5.26234047657e-12, 5.1586608249e-12, 3.95134480691e-11, 4.3538127964e-11, 4.93770606e-12, 4.89595993955e-12, 4.8693952516e-12]
    },
    "mfcc": {
        "mean": [-783.987854004, 197.370193481, -15.5296134949, 11.1344366074, -3.69785165787, -14.949640274, -10.791762352, -5.02250671387, -1.64312696457, -3.74719643593, -6.10520505905, -3.22634649277, 0.960029542446],
        "cov": [[11043.7285156, 1504.6940918, -2003.72558594, 868.27923584, -547.677124023, -170.419418335, -113.067367554, -195.593093872, -85.1297531128, -91.4762802124, -176.317001343, -151.077438354, -40.7722473145], [1504.6940918, 1664.70617676, -63.3054733276, -56.8796157837, -2.05043125153, -129.651901245, -82.4920196533, -76.7713470459, -30.3959751129, -61.9182929993, -34.2812538147, -30.4811668396, -39.8653755188], [-2003.72558594, -63.3054733276, 743.229675293, -201.690765381, 94.1814422607, 61.1711158752, -15.8256855011, 20.4578762054, 16.2213420868, 23.4350700378, 35.2433700562, 23.5526275635, -16.1780700684], [868.27923584, -56.8796157837, -201.690765381, 284.160949707, 13.4470882416, 27.2818164825, 21.2801704407, -13.08614254, -2.54657697678, -19.8811969757, -45.3045349121, -47.3029060364, -9.10813617706], [-547.677124023, -2.05043125153, 94.1814422607, 13.4470882416, 193.559020996, 37.1250648499, 14.0291633606, 13.1896324158, -10.2637453079, -27.7940540314, -32.83411026, -21.5390815735, -8.10055160522], [-170.419418335, -129.651901245, 61.1711158752, 27.2818164825, 37.1250648499, 142.87713623, 50.060459137, 10.1419992447, 2.55100607872, -7.18644523621, -1.74442398548, -13.0415000916, -9.94476509094], [-113.067367554, -82.4920196533, -15.8256855011, 21.2801704407, 14.0291633606, 50.060459137, 111.192649841, 45.6134376526, 9.59694194794, 0.014003392309, -5.41099262238, -8.48947429657, -14.6467533112], [-195.593093872, -76.7713470459, 20.4578762054, -13.08614254, 13.1896324158, 10.1419992447, 45.6134376526, 104.561897278, 38.5855522156, -1.33456206322, 5.20162725449, -7.29289340973, -8.09864521027], [-85.1297531128, -30.3959751129, 16.2213420868, -2.54657697678, -10.2637453079, 2.55100607872, 9.59694194794, 38.5855522156, 97.0817337036, 33.9362831116, -0.439350098372, -3.67660284042, -10.8172159195], [-91.4762802124, -61.9182929993, 23.4350700378, -19.8811969757, -27.7940540314, -7.18644523621, 0.014003392309, -1.33456206322, 33.9362831116, 110.282806396, 49.4972877502, 17.2043075562, 9.76401805878], [-176.317001343, -34.2812538147, 35.2433700562, -45.3045349121, -32.83411026, -1.74442398548, -5.41099262238, 5.20162725449, -0.439350098372, 49.4972877502, 121.91519165, 63.6592826843, 13.8753490448], [-151.077438354, -30.4811668396, 23.5526275635, -47.3029060364, -21.5390815735, -13.0415000916, -8.48947429657, -7.29289340973, -3.67660284042, 17.2043075562, 63.6592826843, 123.217247009, 46.5001106262], [-40.7722473145, -39.8653755188, -16.1780700684, -9.10813617706, -8.10055160522, -9.94476509094, -14.6467533112, -8.09864521027, -10.8172159195, 9.76401805878, 13.8753490448, 46.5001106262, 102.909996033]],
        "icov": [[0.000349835958332, -0.000322861247696, 0.000677071278915, -0.000673355418257, 0.000797911954578, -0.00042602600297, 0.000529893673956, -0.000218044544454, 0.000307762413286, -0.000238208813244, 0.000359886646038, -0.00014432304306, 0.000211912891245], [-0.000322861247696, 0.00100847636349, -0.000563066569157, 0.000834795122501, -0.000861116976012, 0.00100821780507, -0.000435788097093, 0.000789376441389, -0.00047389374231, 0.000722442986444, -0.000470763712656, 0.000360049889423, 6.02863437962e-05], [0.000677071278915, -0.000563066569157, 0.00333970342763, 0.000183002586709, 0.000546590308659, -0.0019312397344, 0.00184512499254, -0.000619550759438, 0.000418052688474, -0.000844343274366, 0.00061260710936, -0.000418460986111, 0.000892137293704], [-0.000673355418257, 0.000834795122501, 0.000183002586709, 0.00642577884719, -0.00222782115452, -0.000244662573095, -0.00135849881917, 0.00152261473704, -0.00112926121801, 0.000694585382007, -0.000161183954333, 0.001523880288, -0.000469876569696], [0.000797911954578, -0.000861116976012, 0.000546590308659, -0.00222782115452, 0.00820395816118, -0.00209915079176, 0.00126195081975, -0.00168065773323, 0.00179705535993, -2.99603470921e-05, 0.00236577657051, -0.000298892788123, 0.00036938188714], [-0.00042602600297, 0.00100821780507, -0.0019312397344, -0.000244662573095, -0.00209915079176, 0.0107834367082, -0.00553808966652, 0.00268346490338, -0.00149887986481, 0.00205703359097, -0.00224734237418, 0.00160069798585, -0.000576678023208], [0.000529893673956, -0.000435788097093, 0.00184512499254, -0.00135849881917, 0.00126195081975, -0.00553808966652, 0.0150605197996, -0.00714729772881, 0.00268203904852, -0.00246523576789, 0.0025606174022, -0.00187841337174, 0.00237548188306], [-0.000218044544454, 0.000789376441389, -0.000619550759438, 0.00152261473704, -0.00168065773323, 0.00268346490338, -0.00714729772881, 0.0161450095475, -0.00729870935902, 0.0042516393587, -0.00378935388289, 0.00269940146245, -0.00124229735229], [0.000307762413286, -0.00047389374231, 0.000418052688474, -0.00112926121801, 0.00179705535993, -0.00149887986481, 0.00268203904852, -0.00729870935902, 0.0157156232744, -0.00665167858824, 0.00419800402597, -0.00199405057356, 0.00232610898092], [-0.000238208813244, 0.000722442986444, -0.000844343274366, 0.000694585382007, -2.99603470921e-05, 0.00205703359097, -0.00246523576789, 0.0042516393587, -0.00665167858824, 0.0147708365694, -0.0071818404831, 0.00286296149716, -0.00213156477548], [0.000359886646038, -0.000470763712656, 0.00061260710936, -0.000161183954333, 0.00236577657051, -0.00224734237418, 0.0025606174022, -0.00378935388289, 0.00419800402597, -0.0071818404831, 0.0159506443888, -0.00781264994293, 0.00257975445129], [-0.00014432304306, 0.000360049889423, -0.000418460986111, 0.001523880288, -0.000298892788123, 0.00160069798585, -0.00187841337174, 0.00269940146245, -0.00199405057356, 0.00286296149716, -0.00781264994293, 0.0146063696593, -0.0058001508005], [0.000211912891245, 6.02863437962e-05, 0.000892137293704, -0.000469876569696, 0.00036938188714, -0.000576678023208, 0.00237548188306, -0.00124229735229, 0.00232610898092, -0.00213156477548, 0.00257975445129, -0.0058001508005, 0.012856609188]]
    },
    "spectral_contrast_coeffs": {
        "mean": [-0.647782862186, -0.711844027042, -0.716611146927, -0.76083701849, -0.754201591015, -0.78165358305],
        "stdev": [0.0992386564612, 0.0830989703536, 0.0735155716538, 0.0561939924955, 0.0558787323534, 0.0543099455535]
    },
    "spectral_contrast_valleys": {
        "mean": [-7.85905647278, -7.23949623108, -8.48075485229, -9.23743534088, -10.0205307007, -13.3687047958],
        "stdev": [1.66826355457, 1.86164677143, 1.80923044682, 1.7813833952, 1.73119390011, 1.36836123466]
    }
},
"rhythm": {
    "beats_count": 803,
    "beats_loudness": {
        "mean": 0.0208307821304,
        "stdev": 0.025746004656
    },
    "bpm": 154.810409546,
    "bpm_histogram_first_peak_bpm": 157,
    "bpm_histogram_first_peak_weight": 0.465909063816,
    "bpm_histogram_second_peak_bpm": 167,
    "bpm_histogram_second_peak_spread": 0,
    "bpm_histogram_second_peak_weight": 0.109725683928,
    "danceability": 0.851173639297,
    "onset_rate": 2.77145051956,
    "beats_loudness_band_ratio": {
        "mean": [0.222115069628, 0.360565751791, 0.375513285398, 0.101684704423, 0.0283157993108, 0.00429157260805],
        "stdev": [0.216161191463, 0.224934920669, 0.255193918943, 0.109720230103, 0.0368411839008, 0.0106804845855]
    },
    "beats_position": [0.383129239082, 0.766258478165, 1.14938771725, 1.54412698746, 1.92725622654, 2.31038546562, 2.70512461662, 3.11147379875, 3.51782298088, 3.93578219414, 4.34213161469, 4.74848079681, 5.14321994781, 5.52634906769, 5.92108821869, 6.32743740082, 6.6989569664, 7.0936961174, 7.50004529953, 7.91800451279, 8.33596324921, 8.75392246246, 9.16027164459, 9.55501079559, 9.96135997772, 10.3560991287, 10.7508392334, 11.1571884155, 11.5635375977, 11.9466667175, 12.3297958374, 12.7245349884, 13.0960540771, 13.479183197, 13.8623123169, 14.2454423904, 14.6285715103, 15.0000905991, 15.3716096878, 15.7431287766, 16.114648819, 16.4861679077, 16.8692970276, 17.2524261475, 17.6355552673, 18.0186843872, 18.4018135071, 18.784942627, 19.179681778, 19.6208610535, 20.0504302979, 20.4916095734, 20.9211788177, 21.339138031, 21.7570972443, 22.1750564575, 22.6046257019, 23.0458049774, 23.4869842529, 23.9513835907, 24.40417099, 24.8685703278, 25.3329696655, 25.7857589722, 26.2501583099, 26.7029476166, 27.1673469543, 27.6433563232, 28.1077537537, 28.5605430603, 29.0249423981, 29.4777317047, 29.9189109802, 30.3717002869, 30.8128795624, 31.2424488068, 31.6720180511, 32.1015853882, 32.542766571, 32.960723877, 33.3902931213, 33.8082542419, 34.2262115479, 34.6441726685, 35.0621299744, 35.480091095, 35.8980484009, 36.3160095215, 36.7223587036, 37.1287078857, 37.6163253784, 38.1039466858, 38.6031723022, 39.0907936096, 39.5900230408, 40.1008605957, 40.6349182129, 41.1689796448, 41.703037262, 42.2370948792, 42.771156311, 43.3052139282, 43.8392753601, 44.3733329773, 44.919002533, 45.4762802124, 46.0103378296, 46.5211791992, 47.0320167542, 47.5428581238, 47.9724235535, 48.4019927979, 48.8199539185, 49.1798629761, 49.5513839722, 49.9229011536, 50.2944221497, 50.6543312073, 51.0258483887, 51.3857574463, 51.7572784424, 52.1171875, 52.4770965576, 52.8370056152, 53.2085266113, 53.5916557312, 53.9631729126, 54.3346939087, 54.6829910278, 55.0429000854, 55.4028091431, 55.7627182007, 56.122631073, 56.4825401306, 56.8424491882, 57.2139663696, 57.5854873657, 58.0034446716, 58.4214057922, 58.8393630981, 59.2689323425, 59.6985015869, 60.1280708313, 60.5460319519, 60.952381134, 61.3587303162, 61.7766876221, 62.1830368042, 62.6009979248, 63.0189552307, 63.4369163513, 63.8548736572, 64.2844467163, 64.714012146, 65.1551895142, 65.5731506348, 66.0027160645, 66.4322891235, 66.8618545532, 67.2682037354, 67.6629486084, 68.0576858521, 68.4524230957, 68.8471679688, 69.2302932739, 69.6134262085, 70.0081634521, 70.4145126343, 70.8208618164, 71.2272109985, 71.6451721191, 72.0631256104, 72.481086731, 72.9687042236, 73.4679336548, 73.9671630859, 74.4663925171, 74.9540100098, 75.4532394409, 75.917640686, 76.3820419312, 76.8464355469, 77.3224487305, 77.7984542847, 78.2744674683, 78.7504730225, 79.2845306396, 79.8069839478, 80.3410415649, 80.8750991821, 81.3975524902, 81.9199981689, 82.4308395386, 82.9532852173, 83.44090271, 83.928527832, 84.4161453247, 84.7876663208, 85.1591796875, 85.5307006836, 85.9022216797, 86.2621307373, 86.6336517334, 87.0051651001, 87.3882980347, 87.7598190308, 88.1081161499, 88.4680252075, 88.8279342651, 89.1762313843, 89.5361404419, 89.8960494995, 90.2559585571, 90.6158676147, 90.9757843018, 91.3356933594, 91.695602417, 92.0438995361, 92.3921966553, 92.7521057129, 93.1120147705, 93.4719238281, 93.8434448242, 94.2149658203, 94.5864868164, 94.9580001831, 95.3063049316, 95.6546020508, 95.9912872314, 96.33959198, 96.6878890991, 97.0477981567, 97.4077072144, 97.7444000244, 98.1275253296, 98.5106582642, 98.8821716309, 99.2653045654, 99.6716537476, 100.07800293, 100.484352112, 100.890701294, 101.343490601, 101.796279907, 102.249069214, 102.690246582, 103.13142395, 103.560997009, 103.990562439, 104.327255249, 104.66394043, 105.00063324, 105.33732605, 105.685623169, 106.033920288, 106.370613098, 106.718910217, 107.055595398, 107.392288208, 107.740585327, 108.065666199, 108.39074707, 108.773872375, 109.15700531, 109.540130615, 109.934875488, 110.318000793, 110.701133728, 111.084259033, 111.502220154, 111.943397522, 112.38457489, 112.814147949, 113.243713379, 113.684898376, 114.126075745, 114.544036865, 114.973602295, 115.403175354, 115.832740784, 116.262313843, 116.691879272, 117.133056641, 117.527801514, 117.934150696, 118.328887939, 118.723625183, 119.083534241, 119.443443298, 119.803352356, 120.163261414, 120.569610596, 120.975959778, 121.393920898, 121.800270081, 122.206619263, 122.612968445, 123.019317627, 123.495323181, 123.971336365, 124.458953857, 124.993011475, 125.503852844, 126.014694214, 126.513923645, 127.013153076, 127.500770569, 127.883895874, 128.267028809, 128.661773682, 129.044891357, 129.428024292, 129.822769165, 130.217498779, 130.612243652, 130.995376587, 131.366897583, 131.750015259, 132.133148193, 132.504669189, 132.864578247, 133.236099243, 133.596008301, 133.979141235, 134.362258911, 134.757003784, 135.151748657, 135.546478271, 135.952835083, 136.335968018, 136.719085693, 137.090606689, 137.473739624, 137.856872559, 138.228393555, 138.61151123, 138.983032227, 139.366165161, 139.749298096, 140.13243103, 140.503936768, 140.875457764, 141.24697876, 141.630111694, 142.00163269, 142.361541748, 142.721450806, 143.081359863, 143.452880859, 143.812789917, 144.172698975, 144.544219971, 144.927337646, 145.310470581, 145.716827393, 146.111557007, 146.517913818, 146.912643433, 147.307388306, 147.702133179, 148.085250854, 148.479995728, 148.874740601, 149.269470215, 149.664215088, 150.047348022, 150.395645142, 150.743942261, 151.09223938, 151.440536499, 151.835281372, 152.230026245, 152.647979736, 153.054321289, 153.460678101, 153.878631592, 154.284988403, 154.772598267, 155.271835327, 155.782669067, 156.235458374, 156.688247681, 157.152648926, 157.617050171, 158.058227539, 158.499404907, 158.940582275, 159.381759644, 159.822952271, 160.275741577, 160.786575317, 161.297409058, 161.796646118, 162.307479858, 162.829925537, 163.340774536, 163.886444092, 164.443710327, 165.000991821, 165.558273315, 166.103942871, 166.672836304, 167.230117798, 167.787384033, 168.298233032, 168.820678711, 169.331512451, 169.84236145, 170.35319519, 170.864028931, 171.363265991, 171.874099731, 172.373336792, 172.802902222, 173.220855713, 173.638824463, 174.056777954, 174.474731445, 174.881088257, 175.299041748, 175.70539856, 176.111740112, 176.506484985, 176.9012146, 177.284347534, 177.667480469, 178.062225342, 178.468566895, 178.863311768, 179.26965332, 179.676010132, 180.070739746, 180.465484619, 180.871826172, 181.289794922, 181.661315918, 182.044433594, 182.427566528, 182.810699463, 183.182220459, 183.553741455, 183.925262451, 184.285171509, 184.645080566, 184.993377686, 185.341674805, 185.701583862, 186.073104858, 186.444625854, 186.827758789, 187.292144775, 187.756546021, 188.209335327, 188.673736572, 189.138137817, 189.590927124, 190.043716431, 190.484893799, 190.937683105, 191.378860474, 191.820037842, 192.272827148, 192.725616455, 193.201629639, 193.677642822, 194.165252686, 194.687713623, 195.210159302, 195.73260498, 196.243438721, 196.742675781, 197.230285645, 197.717910767, 198.205535889, 198.693145752, 199.180770874, 199.668380737, 200.156005859, 200.643630981, 201.131240845, 201.618865967, 202.10647583, 202.582489014, 203.046890259, 203.511291504, 203.975692749, 204.440093994, 204.90447998, 205.380493164, 205.856506348, 206.332519531, 206.913009644, 207.493515015, 208.062393188, 208.631286621, 209.211791992, 209.734237671, 210.245071411, 210.744308472, 211.197097778, 211.649887085, 212.091064453, 212.54385376, 212.996643066, 213.449432373, 213.913833618, 214.366622925, 214.819412231, 215.283798218, 215.759811401, 216.235824585, 216.711837769, 217.21105957, 217.710296631, 218.197906494, 218.720352173, 219.254425049, 219.788482666, 220.322540283, 220.844985962, 221.367431641, 221.878265381, 222.38911438, 222.888336182, 223.271469116, 223.666213989, 224.037734985, 224.409240723, 224.76914978, 225.129058838, 225.488967896, 225.860488892, 226.220397949, 226.568710327, 226.928619385, 227.288528442, 227.625213623, 227.973510742, 228.321807861, 228.67010498, 229.0184021, 229.378311157, 229.738220215, 230.086532593, 230.469650269, 230.852783203, 231.235916138, 231.619049072, 232.002166748, 232.385299683, 232.768432617, 233.16317749, 233.557907104, 233.964263916, 234.370605469, 234.77696228, 235.183303833, 235.589660645, 235.984390259, 236.367523193, 236.750656128, 237.122177124, 237.49369812, 237.876815796, 238.25994873, 238.643081665, 239.014602661, 239.374511719, 239.746032715, 240.105941772, 240.477462769, 240.848968506, 241.220489502, 241.592010498, 241.951919556, 242.311828613, 242.671737671, 243.043258667, 243.414779663, 243.809524536, 244.192642212, 244.575775146, 244.947296143, 245.330429077, 245.713562012, 246.108291626, 246.491424561, 246.897766113, 247.315734863, 247.733688354, 248.140045166, 248.546386719, 248.941131592, 249.335861206, 249.718994141, 250.113739014, 250.496871948, 250.868392944, 251.239898682, 251.611419678, 251.994552612, 252.366073608, 252.749206543, 253.120727539, 253.492233276, 253.852142334, 254.235275269, 254.606796265, 254.978317261, 255.349838257, 255.721359253, 256.081268311, 256.441162109, 256.801086426, 257.172607422, 257.532501221, 257.904022217, 258.28717041, 258.670288086, 259.041809082, 259.401733398, 259.761627197, 260.133148193, 260.504669189, 260.876190186, 261.236083984, 261.619232178, 262.013977051, 262.408691406, 262.803436279, 263.198181152, 263.604522705, 264.010864258, 264.417236328, 264.858398438, 265.299591064, 265.752380371, 266.239990234, 266.727600098, 267.215240479, 267.702850342, 268.190460205, 268.678100586, 269.165710449, 269.653320312, 270.140960693, 270.628570557, 271.127807617, 271.638641357, 272.05657959, 272.486175537, 272.915740967, 273.333679199, 273.693603516, 274.041900635, 274.390197754, 274.726898193, 275.063568115, 275.411865234, 275.748565674, 276.085266113, 276.421936035, 276.758636475, 277.106933594, 277.455230713, 277.803527832, 278.163452148, 278.511749268, 278.860046387, 279.208343506, 279.568237305, 279.916534424, 280.27645874, 280.636352539, 281.007873535, 281.379394531, 281.739318848, 282.110839844, 282.48236084, 282.853881836, 283.225402832, 283.585296631, 283.945220947, 284.293518066, 284.653411865, 285.001708984, 285.350006104, 285.70993042, 286.058227539, 286.406524658, 286.766448975, 287.114746094, 287.463043213, 287.822937012, 288.182861328, 288.531158447, 288.879455566, 289.227752686, 289.576049805, 289.924346924, 290.272644043, 290.597717285, 290.922821045, 291.271118164, 291.607788086, 291.944488525, 292.281188965, 292.629486084, 292.989379883, 293.349304199, 293.709197998, 294.080718994, 294.46383667, 294.858581543, 295.241729736, 295.636444092, 296.019592285, 296.414337158, 296.797454834, 297.16897583, 297.540496826, 297.912017822, 298.295135498, 298.655059814, 298.980133057, 299.305206299, 299.630279541, 299.955383301, 300.280456543, 300.605529785, 300.930603027, 301.267303467, 301.592376709, 301.929077148, 302.277374268, 302.625671387, 302.985565186, 303.345489502, 303.717010498, 304.076904297, 304.436828613, 304.796722412, 305.156646729, 305.516540527, 305.888061523, 306.25958252, 306.642730713, 307.025848389, 307.408966064, 307.803710938, 308.21005249, 308.616424561, 309.011138916, 309.359436035, 309.707763672, 310.056060791, 310.40435791, 310.752655029, 311.100952148, 311.43762207, 311.77432251, 312.122619629, 312.470916748, 312.819213867, 313.179138184, 313.539031982, 313.875732422, 314.212432861, 314.549102783, 314.897399902, 315.234100342, 315.570800781, 315.907470703, 316.232543945, 316.569244385, 316.905944824, 317.254241943, 317.602539062, 317.950836182, 318.299133301, 318.64743042, 318.995727539, 319.344024658, 319.692321777, 320.063842773, 320.446990967, 320.830108643, 321.317718506, 321.78213501, 322.246520996, 322.72253418, 323.198547363, 323.674560547, 324.243438721, 324.812316895, 325.450866699, 326.077819824, 326.693145752, 327.320098877, 327.935424805, 328.562347412, 329.17767334, 329.792999268],
    "bpm_histogram": [0, 0, 0, 0, 0, 0, 0, 0, 0, 0, 0, 0, 0, 0, 0, 0, 0, 0, 0, 0, 0, 0, 0, 0, 0, 0, 0, 0, 0, 0, 0, 0, 0, 0, 0, 0, 0, 0, 0, 0, 0, 0, 0, 0, 0, 0, 0, 0, 0, 0, 0, 0, 0, 0, 0, 0, 0, 0, 0, 0, 0, 0, 0, 0, 0, 0, 0, 0, 0, 0, 0, 0, 0, 0, 0, 0, 0, 0, 0, 0, 0, 0, 0, 0, 0, 0, 0, 0, 0, 0, 0, 0, 0, 0, 0.0012468828354, 0, 0.00374064827338, 0, 0.00498753134161, 0, 0, 0, 0, 0.00374064827338, 0, 0.00623441394418, 0, 0, 0.00748129654676, 0, 0.00374064827338, 0, 0.0199501253664, 0, 0, 0.0162094756961, 0, 0.0286783035845, 0, 0, 0.0224438905716, 0, 0, 0.043640896678, 0, 0, 0.0236907731742, 0, 0, 0.0311720706522, 0, 0, 0, 0.0324189513922, 0, 0, 0.0324189513922, 0, 0, 0, 0.0361596010625, 0, 0, 0, 0.0548628419638, 0, 0, 0, 0.0698254331946, 0, 0, 0, 0.0748129710555, 0, 0, 0, 0, 0.117206983268, 0, 0, 0, 0.102244392037, 0.0112219452858, 0, 0, 0, 0, 0.109725683928, 0, 0, 0, 0, 0.0872817933559, 0, 0, 0, 0, 0, 0.0386533662677, 0, 0, 0, 0, 0, 0, 0.0162094756961, 0, 0, 0, 0, 0, 0, 0, 0, 0, 0, 0, 0, 0, 0, 0, 0, 0, 0, 0, 0, 0, 0, 0, 0, 0, 0, 0, 0, 0, 0, 0, 0, 0, 0, 0, 0, 0, 0, 0, 0, 0, 0, 0, 0, 0, 0, 0, 0, 0, 0, 0, 0, 0, 0, 0, 0, 0, 0, 0, 0, 0, 0, 0, 0]
},
"tonal": {
    "chords_changes_rate": 0.0543692037463,
    "chords_number_rate": 0.0028097780887,
    "chords_strength": {
        "mean": 0.477390855551,
        "stdev": 0.11681523174
    },
    "hpcp_crest": {
        "mean": 17.3837661743,
        "stdev": 7.7642455101
    },
    "hpcp_entropy": {
        "mean": 1.50773239136,
        "stdev": 0.662931263447
    },
    "key_edma": {
        "strength": 0.68130761385,
        "key": "G",
        "scale": "major"
    },
    "key_krumhansl": {
        "strength": 0.687505245209,
        "key": "G",
        "scale": "major"
    },
    "key_temperley": {
        "strength": 0.68847578764,
        "key": "G",
        "scale": "major"
    },
    "tuning_diatonic_strength": 0.416709750891,
    "tuning_equal_tempered_deviation": 0,
    "tuning_frequency": 442.804626465,
    "tuning_nontempered_energy_ratio": 0.624817192554,
    "hpcp": {
        "mean": [0.15651896596, 0.10147023201, 0.0761223435402, 0.146476462483, 0.0976259931922, 0.109144404531, 0.204171225429, 0.134475827217, 0.132875189185, 0.19707839191, 0.107804015279, 0.0536438338459, 0.0881538242102, 0.0661266520619, 0.147681325674, 0.283451408148, 0.170934230089, 0.0662134438753, 0.0952299535275, 0.0562092959881, 0.0617652498186, 0.135288447142, 0.10488191992, 0.0747943744063, 0.119029335678, 0.0804889798164, 0.0622319094837, 0.100053064525, 0.0742120444775, 0.153303593397, 0.249932825565, 0.148349612951, 0.0627266988158, 0.0744930803776, 0.0541762635112, 0.0850135162473],
        "stdev": [0.27848353982, 0.194263935089, 0.151815652847, 0.298889666796, 0.196828827262, 0.185263738036, 0.332044839859, 0.212346583605, 0.214216545224, 0.313592195511, 0.182239934802, 0.120690502226, 0.206183835864, 0.158844619989, 0.207770332694, 0.36565938592, 0.238091602921, 0.15266533196, 0.237917616963, 0.141288086772, 0.131360054016, 0.2658829391, 0.201548025012, 0.179415658116, 0.250894665718, 0.190200790763, 0.153956919909, 0.232920765877, 0.165774106979, 0.238167747855, 0.342240691185, 0.24488709867, 0.155783042312, 0.19838745892, 0.144240841269, 0.171517297626]
    },
    "chords_histogram": [20.525428772, 3.11885356903, 4.55184030533, 0.295026689768, 4.53779172897, 1.13796007633, 1.51728010178, 0.646248936653, 1.19415569305, 1.51728010178, 3.30148911476, 1.0255689621, 0.337173372507, 3.79320025444, 0.842933416367, 4.62208461761, 1.89660012722, 15.8611965179, 2.34616470337, 7.17898273468, 1.93874680996, 5.54931163788, 6.44844055176, 5.81624031067],
    "thpcp": [1, 0.603046000004, 0.233597159386, 0.335965722799, 0.198303103447, 0.217904195189, 0.477289736271, 0.370017290115, 0.263870179653, 0.41992855072, 0.283960402012, 0.219550535083, 0.352981358767, 0.261815756559, 0.54084610939, 0.881748378277, 0.523368775845, 0.221296131611, 0.262807220221, 0.191130697727, 0.299922704697, 0.552189767361, 0.357981055975, 0.268555164337, 0.516760408878, 0.344418793917, 0.385055065155, 0.720304131508, 0.474422872066, 0.468775898218, 0.695281028748, 0.380326271057, 0.189252316952, 0.31100153923, 0.233290970325, 0.52101111412],
    "chords_key": "G",
    "chords_scale": "major"
}
}