{
"metadata": {
    "version": {
        "essentia": "2.1-dev",
        "essentia_git_sha": "v2.1_beta3-415-gd5473f3",
        "extractor": "music 2.0"
    },
    "audio_properties": {
        "analysis": {
            "equal_loudness": 0,
            "length": 483.317565918,
            "sample_rate": 44100,
            "start_time": 0,
            "downmix": "mix"
        },
        "bit_rate": 64000,
        "length": 483.317565918,
        "lossless": 0,
        "number_channels": 2,
        "replay_gain": -4.24389076233,
        "sample_rate": 22050,
        "codec": "mp3",
        "md5_encoded": "12a1a04ce528ed597049c27ce7d42bd7"
    },
    "tags": {
        "file_name": "kodaly-solo_cello_sonata-allegro_maestoso_ma_appassionato.mp3"
    }
},
"lowlevel": {
    "average_loudness": 0.0195760205388,
    "barkbands_crest": {
        "mean": 13.8605251312,
        "stdev": 4.93729877472
    },
    "barkbands_flatness_db": {
        "mean": 0.301182031631,
        "stdev": 0.0759428814054
    },
    "barkbands_kurtosis": {
        "mean": 10.3342399597,
        "stdev": 17.9681682587
    },
    "barkbands_skewness": {
        "mean": 1.85598444939,
        "stdev": 1.71788811684
    },
    "barkbands_spread": {
        "mean": 7.53485536575,
        "stdev": 6.13601922989
    },
    "dissonance": {
        "mean": 0.421812921762,
        "stdev": 0.0503710731864
    },
    "dynamic_complexity": 7.81075000763,
    "erbbands_crest": {
        "mean": 13.5632343292,
        "stdev": 5.56881952286
    },
    "erbbands_flatness_db": {
        "mean": 0.296421468258,
        "stdev": 0.0583347156644
    },
    "erbbands_kurtosis": {
        "mean": 2.76299715042,
        "stdev": 8.1373128891
    },
    "erbbands_skewness": {
        "mean": 0.975498199463,
        "stdev": 1.19787156582
    },
    "erbbands_spread": {
        "mean": 20.5526580811,
        "stdev": 11.9355840683
    },
    "hfc": {
        "mean": 7.38516998291,
        "stdev": 14.8003797531
    },
    "loudness_ebu128": {
        "integrated": -20.5605010986,
        "loudness_range": 14.2328777313,
        "momentary": {
            "mean": -29.9956207275,
            "stdev": 31.8978691101
        },
        "short_term": {
            "mean": -26.5191574097,
            "stdev": 24.1322345734
        }
    },
    "melbands_crest": {
        "mean": 17.7821063995,
        "stdev": 6.16662168503
    },
    "melbands_flatness_db": {
        "mean": 0.337088346481,
        "stdev": 0.105943098664
    },
    "melbands_kurtosis": {
        "mean": 18.5007953644,
        "stdev": 37.0080795288
    },
    "melbands_skewness": {
        "mean": 2.57699346542,
        "stdev": 1.97672379017
    },
    "melbands_spread": {
        "mean": 11.9221801758,
        "stdev": 17.3325424194
    },
    "pitch_salience": {
        "mean": 0.514679551125,
        "stdev": 0.166737094522
    },
    "silence_rate_20dB": {
        "mean": 0.998318612576,
        "stdev": 0.0409719496965
    },
    "silence_rate_30dB": {
        "mean": 0.975355505943,
        "stdev": 0.15504822135
    },
    "silence_rate_60dB": {
        "mean": 0.382350116968,
        "stdev": 0.485971540213
    },
    "spectral_centroid": {
        "mean": 927.873962402,
        "stdev": 1350.95800781
    },
    "spectral_complexity": {
        "mean": 6.47088766098,
        "stdev": 4.60777187347
    },
    "spectral_decrease": {
        "mean": -4.06081568372e-09,
        "stdev": 8.62957794112e-09
    },
    "spectral_energy": {
        "mean": 0.0159963499755,
        "stdev": 0.033705022186
    },
    "spectral_energyband_high": {
        "mean": 2.21025384235e-05,
        "stdev": 5.20754074387e-05
    },
    "spectral_energyband_low": {
        "mean": 0.00199081096798,
        "stdev": 0.00553210824728
    },
    "spectral_energyband_middle_high": {
        "mean": 0.0020853409078,
        "stdev": 0.00452204514295
    },
    "spectral_energyband_middle_low": {
        "mean": 0.0124742034823,
        "stdev": 0.031153479591
    },
    "spectral_entropy": {
        "mean": 6.17806243896,
        "stdev": 0.776830554008
    },
    "spectral_flux": {
        "mean": 0.0310051999986,
        "stdev": 0.0299834869802
    },
    "spectral_kurtosis": {
        "mean": 21.8217525482,
        "stdev": 21.5784549713
    },
    "spectral_rms": {
        "mean": 0.00295828189701,
        "stdev": 0.00261815218255
    },
    "spectral_rolloff": {
        "mean": 1115.46154785,
        "stdev": 2228.40014648
    },
    "spectral_skewness": {
        "mean": 2.94144701958,
        "stdev": 1.58257484436
    },
    "spectral_spread": {
        "mean": 2670267,
        "stdev": 4554665.5
    },
    "spectral_strongpeak": {
        "mean": 1.08616447449,
        "stdev": 1.46373867989
    },
    "zerocrossingrate": {
        "mean": 0.0392601974308,
        "stdev": 0.060065638274
    },
    "barkbands": {
        "mean": [2.87291163659e-06, 0.000690566375852, 0.000749703438487, 0.00246285274625, 0.00385782145895, 0.00250854925252, 0.00320967379957, 9.69804095803e-05, 0.000278472551145, 0.000144813107909, 0.000524839502759, 0.000227916476433, 0.000159332150361, 0.000181051334948, 0.000404704449465, 0.00017086644948, 0.000157008063979, 0.000107944208139, 2.6243065804e-05, 1.57063150255e-05, 8.18350599729e-06, 5.98565793553e-06, 2.03278932531e-06, 1.49689185491e-06, 5.28255668542e-07, 4.53285103896e-10, 4.8235043737e-10],
        "stdev": [5.75434933126e-06, 0.00273069692776, 0.00221308064647, 0.0116844754666, 0.0107153691351, 0.00750196399167, 0.0211913641542, 0.000357881595846, 0.00155772594735, 0.000485959404614, 0.00218402734026, 0.000957202806603, 0.000717701506801, 0.000699626340065, 0.00221966858953, 0.000823462556582, 0.00064300885424, 0.000366011663573, 9.11110400921e-05, 4.86729259137e-05, 2.46744712058e-05, 1.60512026923e-05, 5.46140881852e-06, 4.16078228227e-06, 2.00737031264e-06, 1.67498359627e-09, 1.78346837298e-09]
    },
    "erbbands": {
        "mean": [0.00386739196256, 0.210770696402, 0.988179564476, 3.78758978844, 15.6870975494, 10.0150279999, 13.6610641479, 21.0581798553, 46.1469345093, 22.631023407, 3.5599925518, 7.07205629349, 4.99896240234, 7.86155176163, 21.8001270294, 7.73969745636, 7.33914136887, 9.68838691711, 24.1738052368, 11.517821312, 9.45197296143, 8.0629901886, 5.86243581772, 3.05988550186, 1.34537065029, 0.64295399189, 0.358006358147, 0.270899862051, 0.19168099761, 0.161649718881, 0.0538375414908, 0.0329953357577, 0.0247347280383, 0.0100089171901, 0.000286506459815, 2.18093864532e-05, 7.21718424757e-06, 1.64221444265e-06, 7.85774682299e-06, 1.80733586603e-05],
        "stdev": [0.0139057785273, 0.815827131271, 3.14382100105, 15.147652626, 58.0524635315, 25.1622409821, 45.4997673035, 73.3475418091, 302.077209473, 132.989654541, 10.6903858185, 44.6871109009, 15.6294174194, 23.4194412231, 83.4155044556, 27.657541275, 32.4770584106, 29.4044418335, 136.978240967, 45.5921974182, 37.2824668884, 28.0243644714, 18.6776771545, 9.115691185, 3.98445439339, 1.76446902752, 1.26661992073, 0.771761596203, 0.495842367411, 0.460352510214, 0.148307293653, 0.0959379896522, 0.0726170241833, 0.0329168997705, 0.000913657306228, 4.53057873528e-05, 1.34860993057e-05, 3.1806109746e-06, 1.60094277817e-05, 3.75748131773e-05]
    },
    "gfcc": {
        "mean": [-218.10559082, 158.118301392, -155.036132812, 18.914642334, -54.1854820251, -9.06752109528, -39.6121673584, -21.1017360687, -4.59240961075, -26.8363761902, 8.51041126251, -13.1685447693, 6.39358615875],
        "cov": [[26740.6152344, 1559.7578125, -4736.67333984, -784.913208008, -988.864929199, -800.35949707, -886.25604248, -500.052215576, -38.889251709, -335.440612793, -50.3629608154, -181.968460083, -30.2899360657], [1559.7578125, 3941.74462891, 2218.3503418, -316.936645508, 452.211761475, -575.166320801, -63.7855987549, -541.489379883, -375.979095459, -453.116271973, -236.537063599, -85.2847976685, -97.1435852051], [-4736.67333984, 2218.3503418, 3277.36621094, 184.219192505, 726.04309082, -114.194618225, 214.148040771, -234.65536499, -281.289733887, -230.523162842, -229.519943237, -66.8003845215, -98.9197387695], [-784.913208008, -316.936645508, 184.219192505, 552.328491211, 83.3139648438, 281.122406006, 59.9440422058, 92.9864883423, 14.7946929932, 10.6280794144, 13.4984807968, -64.9905166626, -16.1260948181], [-988.864929199, 452.211761475, 726.04309082, 83.3139648438, 500.802703857, 109.16934967, 157.201873779, -13.0471715927, -78.3761062622, -118.043525696, -153.124435425, -29.7721233368, -60.2543487549], [-800.35949707, -575.166320801, -114.194618225, 281.122406006, 109.16934967, 406.57333374, 155.965118408, 157.744216919, 31.2417736053, -4.20578956604, -16.7281227112, -30.1379947662, -1.75762450695], [-886.25604248, -63.7855987549, 214.148040771, 59.9440422058, 157.201873779, 155.965118408, 206.424911499, 102.899101257, 5.40759086609, -22.3514480591, -42.405834198, 6.60212516785, -13.9791812897], [-500.052215576, -541.489379883, -234.65536499, 92.9864883423, -13.0471715927, 157.744216919, 102.899101257, 242.793991089, 128.146209717, 79.6399383545, 22.4716567993, -12.4214258194, -7.86435699463], [-38.889251709, -375.979095459, -281.289733887, 14.7946929932, -78.3761062622, 31.2417736053, 5.40759086609, 128.146209717, 216.954727173, 163.628005981, 50.8850631714, -23.3060092926, -33.9759140015], [-335.440612793, -453.116271973, -230.523162842, 10.6280794144, -118.043525696, -4.20578956604, -22.3514480591, 79.6399383545, 163.628005981, 251.601730347, 127.573898315, 1.22746920586, -20.1525115967], [-50.3629608154, -236.537063599, -229.519943237, 13.4984807968, -153.124435425, -16.7281227112, -42.405834198, 22.4716567993, 50.8850631714, 127.573898315, 188.916046143, 80.3907394409, 28.5072937012], [-181.968460083, -85.2847976685, -66.8003845215, -64.9905166626, -29.7721233368, -30.1379947662, 6.60212516785, -12.4214258194, -23.3060092926, 1.22746920586, 80.3907394409, 158.934463501, 95.8978729248], [-30.2899360657, -97.1435852051, -98.9197387695, -16.1260948181, -60.2543487549, -1.75762450695, -13.9791812897, -7.86435699463, -33.9759140015, -20.1525115967, 28.5072937012, 95.8978729248, 157.373535156]],
        "icov": [[0.000105042054201, -0.000210055848584, 0.000314778182656, -0.000113678106572, -2.34943181567e-05, 3.64189945685e-05, 0.000141357901157, -3.26037297782e-05, 0.000115055656352, -0.000124817190226, 0.000246008334216, -7.16911017662e-05, 8.70826188475e-05], [-0.000210055848584, 0.00139318278525, -0.00109550007619, 0.000541262386832, -0.000359158788342, 0.000964424863923, -0.000848217343446, 0.00130392983556, -0.00140331708826, 0.00256449892186, -0.00226519093849, 0.00181568879634, -0.000621163169853], [0.000314778182656, -0.00109550007619, 0.00180465076119, -0.000991518725641, -0.000606152112596, 0.000499014975503, -0.000222196787945, -0.000240283014136, 0.00130265229382, -0.00165931705851, 0.00151437672321, -0.000690833549015, 0.000374244147679], [-0.000113678106572, 0.000541262386832, -0.000991518725641, 0.00392797077075, -0.000365083251381, -0.00270427460782, 0.00138139456976, -0.000101332545455, -0.000665842206217, 0.00145862868521, -0.0028246678412, 0.00263281422667, -0.00101048371289], [-2.34943181567e-05, -0.000359158788342, -0.000606152112596, -0.000365083251381, 0.00523436674848, -0.00158764747903, -0.00124839809723, 9.38227021834e-05, 0.000855989113916, -0.00164536538068, 0.00470721116289, -0.00370560446754, 0.00261501572095], [3.64189945685e-05, 0.000964424863923, 0.000499014975503, -0.00270427460782, -0.00158764747903, 0.00839923135936, -0.00481138424948, -3.06102374452e-05, -0.000601686595473, 0.00286843790673, -0.00254158303142, 0.00331084872596, -0.00162379501853], [0.000141357901157, -0.000848217343446, -0.000222196787945, 0.00138139456976, -0.00124839809723, -0.00481138424948, 0.013225032948, -0.00584446126595, 0.00228913803585, -0.00224581919611, 0.00340375164524, -0.00475843623281, 0.00234615500085], [-3.26037297782e-05, 0.00130392983556, -0.000240283014136, -0.000101332545455, 9.38227021834e-05, -3.06102374452e-05, -0.00584446126595, 0.012177570723, -0.00713890371844, 0.00385395833291, -0.00316710839979, 0.00328583177179, -0.00171411922202], [0.000115055656352, -0.00140331708826, 0.00130265229382, -0.000665842206217, 0.000855989113916, -0.000601686595473, 0.00228913803585, -0.00713890371844, 0.0158441644162, -0.0117447739467, 0.00672350032255, -0.00380484596826, 0.00309137371369], [-0.000124817190226, 0.00256449892186, -0.00165931705851, 0.00145862868521, -0.00164536538068, 0.00286843790673, -0.00224581919611, 0.00385395833291, -0.0117447739467, 0.0192086715251, -0.014064759016, 0.00866314116865, -0.00274647795595], [0.000246008334216, -0.00226519093849, 0.00151437672321, -0.0028246678412, 0.00470721116289, -0.00254158303142, 0.00340375164524, -0.00316710839979, 0.00672350032255, -0.014064759016, 0.0226760040969, -0.0156079065055, 0.00628327578306], [-7.16911017662e-05, 0.00181568879634, -0.000690833549015, 0.00263281422667, -0.00370560446754, 0.00331084872596, -0.00475843623281, 0.00328583177179, -0.00380484596826, 0.00866314116865, -0.0156079065055, 0.0224089454859, -0.011237764731], [8.70826188475e-05, -0.000621163169853, 0.000374244147679, -0.00101048371289, 0.00261501572095, -0.00162379501853, 0.00234615500085, -0.00171411922202, 0.00309137371369, -0.00274647795595, 0.00628327578306, -0.011237764731, 0.0132505884394]]
    },
    "melbands": {
        "mean": [0.000106044841232, 0.000434256857261, 0.00113317812793, 0.000950489018578, 0.000441968353698, 0.000467535894131, 0.000727790116798, 0.000189032129128, 2.76065911748e-05, 4.24691534135e-05, 2.35288771364e-05, 2.64682621491e-05, 8.31957440823e-05, 3.10823234031e-05, 1.09393267849e-05, 1.90257760551e-05, 1.60906165547e-05, 3.73337170458e-05, 2.15611926251e-05, 1.14018757813e-05, 1.17911231428e-05, 9.30782243813e-06, 4.49663957625e-06, 6.37947823634e-06, 1.97109034161e-06, 1.04321702565e-06, 8.04151511602e-07, 3.19204588095e-07, 2.06569794159e-07, 1.82311282515e-07, 1.59312804726e-07, 9.73854668018e-08, 1.37228610697e-07, 6.53783658322e-08, 3.30819531769e-08, 2.22494982438e-08, 1.73771752543e-08, 1.73630372302e-08, 1.87276150143e-08, 4.04878708338e-09],
        "stdev": [0.000412758818129, 0.00149067642633, 0.00454583019018, 0.00277969567105, 0.00131921109278, 0.00154769793153, 0.0047335634008, 0.00110242655501, 0.000121321616462, 0.000248636701144, 7.77833120083e-05, 8.041215915e-05, 0.000341630715411, 0.00012712055468, 3.68285072909e-05, 8.92806565389e-05, 5.82725151617e-05, 0.000210120866541, 9.25761851249e-05, 6.33762028883e-05, 5.48878997506e-05, 3.78227123292e-05, 1.66368990904e-05, 2.37037384068e-05, 6.29247779216e-06, 4.26799260822e-06, 2.78156448985e-06, 1.03502952697e-06, 8.23833318009e-07, 5.98443705258e-07, 5.50665504306e-07, 2.87281011424e-07, 4.59050596646e-07, 1.81058112503e-07, 1.05877731471e-07, 6.6699165302e-08, 5.38510782633e-08, 6.34370849184e-08, 5.67481173164e-08, 1.65326188295e-08]
    },
    "melbands128": {
        "mean": [1.3258419358e-06, 1.93366031453e-06, 6.07924957876e-05, 0.000461923802504, 0.000566620146856, 0.000303680892102, 0.000457760732388, 0.00162581680343, 0.00192416494247, 0.000813671213109, 0.000568160496186, 0.000310062605422, 0.000476127228467, 0.00055876839906, 0.000453859189292, 0.00045990178478, 0.000369595451048, 0.00106544757728, 0.000773869396653, 0.000126435377751, 1.91950530279e-05, 2.12378527067e-05, 1.83517659025e-05, 4.00254284614e-05, 6.60742953187e-05, 2.86648119072e-05, 2.40660283453e-05, 2.71314693236e-05, 1.84637210623e-05, 1.87493515114e-05, 1.26936702145e-05, 7.09503583494e-05, 0.000132563596708, 4.49557992397e-05, 4.6295899665e-05, 2.76770861092e-05, 9.16391672945e-06, 1.1253523553e-05, 7.54816119297e-06, 1.97758909053e-05, 2.02326482395e-05, 2.04592215596e-05, 1.83068204933e-05, 1.05914359665e-05, 1.58886232384e-05, 5.16336222063e-05, 5.79264960834e-05, 1.16474866445e-05, 1.1161774637e-05, 1.89539550774e-05, 1.07831128844e-05, 4.72067176815e-06, 1.23123718367e-05, 1.37950746648e-05, 1.27865023387e-05, 8.67391918291e-06, 6.86294742991e-06, 5.39312395631e-06, 2.88286878458e-06, 4.46223293693e-06, 8.3956592789e-06, 6.68620032229e-06, 2.1892303721e-06, 8.07594290109e-07, 1.00330964869e-06, 1.34260801588e-06, 7.11770553607e-07, 1.07734661015e-06, 7.75834564593e-07, 5.4361595403e-07, 2.82676694496e-07, 2.94981589377e-07, 1.2514242087e-07, 1.85276988418e-07, 3.0937911788e-07, 1.84925681879e-07, 1.3695797918e-07, 1.26862616412e-07, 2.09427810205e-07, 1.29504570623e-07, 1.07290389906e-07, 6.38587920321e-08, 1.03230917148e-07, 1.74963105337e-07, 1.49278591266e-07, 5.99867391315e-08, 4.85810112139e-08, 4.12805363226e-08, 3.95411490217e-08, 1.71147309658e-08, 2.01577279313e-08, 2.43580497994e-08, 2.69672497666e-08, 1.57087782782e-08, 1.18053362641e-08, 1.79545516232e-08, 2.21334044426e-08, 9.62226920365e-09, 2.1140623474e-08, 2.59933727875e-08, 5.88696691395e-09, 3.16325771132e-10, 4.4100283321e-12, 3.88462265827e-12, 3.70805469663e-12, 3.54339149168e-12, 3.3898992554e-12, 3.24652327591e-12, 3.11252672941e-12, 2.98751193055e-12, 2.87058419569e-12, 2.76160734905e-12, 2.66028323502e-12, 2.56596610279e-12, 2.47864229141e-12, 2.39768426467e-12, 2.32313517382e-12, 2.25470748842e-12, 2.19216181666e-12, 2.13539906244e-12, 2.08434094637e-12, 2.03887687983e-12, 1.99900881438e-12, 1.96476277088e-12, 1.93626495046e-12, 1.91360620926e-12, 1.89696977744e-12, 1.8867277532e-12],
        "stdev": [2.42222108682e-06, 6.02034151598e-06, 0.000226530057262, 0.00184235954657, 0.00208048569039, 0.000810244760942, 0.00171552074607, 0.00800522230566, 0.00754117127508, 0.00281460490078, 0.00193313951604, 0.00107237626798, 0.00209588441066, 0.00185883173253, 0.00221783434972, 0.00220199977048, 0.00176432868466, 0.00885203666985, 0.00518899038434, 0.00074272567872, 9.29784146138e-05, 0.000110713823233, 6.81219898979e-05, 0.000263399910182, 0.000553544843569, 0.000143638637383, 8.80174920894e-05, 0.000136440939968, 7.86971431808e-05, 8.93876931514e-05, 5.10995196237e-05, 0.000333188043442, 0.000649160065223, 0.000206500553759, 0.000263271766016, 0.000172849715455, 4.00817662012e-05, 6.04706801823e-05, 4.48309619969e-05, 0.000136953749461, 0.000134290006827, 0.000105597260699, 9.01292660274e-05, 6.06627290836e-05, 0.000111840206955, 0.000315193843562, 0.00043441640446, 5.75327248953e-05, 6.48352652206e-05, 0.000138722898555, 8.2975217083e-05, 4.99044472235e-05, 7.3750190495e-05, 8.14387967694e-05, 0.000103947386378, 4.34131870861e-05, 3.99666751036e-05, 3.00890587823e-05, 1.39508110806e-05, 3.17406083923e-05, 3.75502058887e-05, 3.38421086781e-05, 1.02609174064e-05, 3.5932002902e-06, 7.23634275346e-06, 7.33758497518e-06, 3.48332901012e-06, 5.18041088071e-06, 3.62792138731e-06, 2.71603721558e-06, 1.20503068501e-06, 1.56554892783e-06, 9.96665335151e-07, 1.09446159513e-06, 1.65892697623e-06, 8.6828174517e-07, 6.90188471708e-07, 4.87979207264e-07, 1.00926195046e-06, 5.73002580495e-07, 4.94567245823e-07, 3.03430226722e-07, 4.03501417168e-07, 8.06710318102e-07, 6.2695988845e-07, 2.48386186286e-07, 1.97623279519e-07, 1.79125862587e-07, 1.86310927575e-07, 8.73347403285e-08, 8.00645381105e-08, 1.0720957988e-07, 1.12117092499e-07, 7.32011855575e-08, 4.20140082724e-08, 8.55525073007e-08, 1.0345441126e-07, 4.05621882749e-08, 7.09381140496e-08, 1.11077675058e-07, 3.19811661598e-08, 4.2272261247e-09, 2.35686765243e-11, 1.43500315797e-11, 1.36977503992e-11, 1.30894886943e-11, 1.25227129014e-11, 1.19933854514e-11, 1.14994272785e-11, 1.10383091556e-11, 1.06068712841e-11, 1.02049800901e-11, 9.83114978315e-12, 9.48368727299e-12, 9.16159335895e-12, 8.86298499869e-12, 8.58778933382e-12, 8.33545905909e-12, 8.10462114087e-12, 7.89535797852e-12, 7.70694185553e-12, 7.53911343077e-12, 7.39221357737e-12, 7.26552542088e-12, 7.16047360294e-12, 7.07671985248e-12, 7.01566365766e-12, 6.97740389771e-12]
    },
    "mfcc": {
        "mean": [-828.99987793, 154.776824951, -17.4213409424, 12.3625793457, 8.79452896118, -3.89491224289, -13.6883621216, -3.37285780907, -11.1721963882, -13.2561922073, -7.77304553986, -5.33826732635, -0.528386175632],
        "cov": [[12055.7060547, 1938.04467773, -2770.8828125, -111.954147339, -606.481933594, -358.885528564, -755.641296387, -293.062896729, -389.897857666, -215.806915283, -13.4596605301, -28.715593338, -150.417312622], [1938.04467773, 4522.56445312, 1110.60864258, 143.447021484, 389.648223877, -42.0364227295, 51.8743934631, -139.549118042, -182.938644409, -413.36819458, -356.85244751, -236.689376831, -329.528320312], [-2770.8828125, 1110.60864258, 1836.9564209, 334.042602539, 419.765899658, 213.973358154, 315.78894043, 85.2441177368, 86.3823394775, -43.5306587219, -145.825164795, -87.7528381348, -105.903053284], [-111.954147339, 143.447021484, 334.042602539, 300.39050293, 151.311508179, 98.8423919678, 78.4852905273, 29.1507358551, 36.5936660767, 34.4856910706, 23.9448318481, 8.90968990326, -41.0348587036], [-606.481933594, 389.648223877, 419.765899658, 151.311508179, 293.627349854, 126.8125, 120.278900146, 74.6184844971, 60.8788299561, 8.87147045135, -11.4628152847, -19.6681594849, -47.2473144531], [-358.885528564, -42.0364227295, 213.973358154, 98.8423919678, 126.8125, 208.106964111, 132.6824646, 74.3415527344, 59.1772232056, 27.0204200745, -5.52977848053, -2.01832842827, -4.67170906067], [-755.641296387, 51.8743934631, 315.78894043, 78.4852905273, 120.278900146, 132.6824646, 242.079849243, 133.239715576, 65.3971786499, -7.9426651001, -44.203666687, -20.9754371643, 5.83468770981], [-293.062896729, -139.549118042, 85.2441177368, 29.1507358551, 74.6184844971, 74.3415527344, 133.239715576, 223.788803101, 124.703292847, 23.1946754456, -29.8302764893, -19.8649349213, 16.8480472565], [-389.897857666, -182.938644409, 86.3823394775, 36.5936660767, 60.8788299561, 59.1772232056, 65.3971786499, 124.703292847, 213.58505249, 95.5946044922, 4.6037902832, -2.07733726501, 2.01051950455], [-215.806915283, -413.36819458, -43.5306587219, 34.4856910706, 8.87147045135, 27.0204200745, -7.9426651001, 23.1946754456, 95.5946044922, 224.913696289, 148.872970581, 45.5468025208, -7.12203884125], [-13.4596605301, -356.85244751, -145.825164795, 23.9448318481, -11.4628152847, -5.52977848053, -44.203666687, -29.8302764893, 4.6037902832, 148.872970581, 266.672363281, 136.833496094, -8.92331886292], [-28.715593338, -236.689376831, -87.7528381348, 8.90968990326, -19.6681594849, -2.01832842827, -20.9754371643, -19.8649349213, -2.07733726501, 45.5468025208, 136.833496094, 247.403121948, 108.820503235], [-150.417312622, -329.528320312, -105.903053284, -41.0348587036, -47.2473144531, -4.67170906067, 5.83468770981, 16.8480472565, 2.01051950455, -7.12203884125, -8.92331886292, 108.820503235, 249.901245117]],
        "icov": [[0.000370301946532, -0.000399695622036, 0.000755565415602, -0.000824607035611, 0.000671361922286, -0.000567280512769, 0.000746316683944, -0.000573737372179, 0.000353758310666, -0.000263927417109, 0.000226177449804, -6.96350398357e-05, 4.62366224383e-05], [-0.000399695622036, 0.000840736785904, -0.000957204843871, 0.000962078280281, -0.00129283987917, 0.000961118901614, -0.000745155324694, 0.000859546125866, -0.000310927105602, 0.000775129301473, 4.51825799246e-05, -5.26675648871e-05, 0.000402504258091], [0.000755565415602, -0.000957204843871, 0.00265188608319, -0.0022329131607, 0.00055612885626, -0.000933250004891, 0.000329542293912, -0.00050100608496, 0.000524900737219, -0.000872700533364, 0.00103673303965, -0.000275174767012, 0.000191269558854], [-0.000824607035611, 0.000962078280281, -0.0022329131607, 0.00695971446112, -0.00307298032567, 0.000222922390094, -0.00154466880485, 0.00151881016791, -0.000657927361317, 0.000217363412958, -0.000764151162002, -0.000282805558527, 0.000433041510405], [0.000671361922286, -0.00129283987917, 0.00055612885626, -0.00307298032567, 0.00891070067883, -0.00367122539319, 0.00140534969978, -0.00239201937802, 1.07252562884e-05, -0.000285903020995, -0.000804985174909, 0.000237227344769, 3.46306842403e-05], [-0.000567280512769, 0.000961118901614, -0.000933250004891, 0.000222922390094, -0.00367122539319, 0.0101342573762, -0.00520870694891, 0.00170729251113, -0.000951335823629, -0.000219487585127, 0.000393298716517, -0.000273723271675, 0.000203527350095], [0.000746316683944, -0.000745155324694, 0.000329542293912, -0.00154466880485, 0.00140534969978, -0.00520870694891, 0.0118290549144, -0.00609198538586, 0.00170997204259, 0.000264937087195, 0.000381521094823, 3.96673131036e-05, -0.000354360468918], [-0.000573737372179, 0.000859546125866, -0.00050100608496, 0.00151881016791, -0.00239201937802, 0.00170729251113, -0.00609198538586, 0.0110159572214, -0.00542226154357, 0.00159685895778, -0.000336536526447, 0.000759285176173, -0.000449123734143], [0.000353758310666, -0.000310927105602, 0.000524900737219, -0.000657927361317, 1.07252562884e-05, -0.000951335823629, 0.00170997204259, -0.00542226154357, 0.0102127306163, -0.00544009311125, 0.00315153552219, -0.00129222590476, 0.000665254192427], [-0.000263927417109, 0.000775129301473, -0.000872700533364, 0.000217363412958, -0.000285903020995, -0.000219487585127, 0.000264937087195, 0.00159685895778, -0.00544009311125, 0.011721720919, -0.00698307622224, 0.00243013817817, -0.000572621414904], [0.000226177449804, 4.51825799246e-05, 0.00103673303965, -0.000764151162002, -0.000804985174909, 0.000393298716517, 0.000381521094823, -0.000336536526447, 0.00315153552219, -0.00698307622224, 0.0115150585771, -0.00605603912845, 0.00320245698094], [-6.96350398357e-05, -5.26675648871e-05, -0.000275174767012, -0.000282805558527, 0.000237227344769, -0.000273723271675, 3.96673131036e-05, 0.000759285176173, -0.00129222590476, 0.00243013817817, -0.00605603912845, 0.00872580893338, -0.00422307662666], [4.62366224383e-05, 0.000402504258091, 0.000191269558854, 0.000433041510405, 3.46306842403e-05, 0.000203527350095, -0.000354360468918, -0.000449123734143, 0.000665254192427, -0.000572621414904, 0.00320245698094, -0.00422307662666, 0.00669287098572]]
    },
    "spectral_contrast_coeffs": {
        "mean": [-0.659633517265, -0.68059784174, -0.712699949741, -0.743625402451, -0.726059138775, -0.711786329746],
        "stdev": [0.137473389506, 0.134903684258, 0.11664634198, 0.11922159791, 0.099700987339, 0.0825916454196]
    },
    "spectral_contrast_valleys": {
        "mean": [-8.84460544586, -8.83990764618, -9.58691978455, -9.88256168365, -10.676445961, -14.470489502],
        "stdev": [2.6429104805, 2.56528258324, 2.50032687187, 2.43979525566, 2.28194475174, 1.76993513107]
    }
},
"rhythm": {
    "beats_count": 984,
    "beats_loudness": {
        "mean": 0.021123945713,
        "stdev": 0.039576176554
    },
    "bpm": 163.502792358,
    "bpm_histogram_first_peak_bpm": 161,
    "bpm_histogram_first_peak_weight": 0.304347753525,
    "bpm_histogram_second_peak_bpm": 133,
    "bpm_histogram_second_peak_spread": 0.617449641228,
    "bpm_histogram_second_peak_weight": 0.0579857565463,
    "danceability": 0.935509204865,
    "onset_rate": 2.12688946724,
    "beats_loudness_band_ratio": {
        "mean": [0.301063537598, 0.380353450775, 0.180216342211, 0.111031554639, 0.0909299477935, 0.00740167032927],
        "stdev": [0.332287818193, 0.296054422855, 0.238696306944, 0.166102066636, 0.174709647894, 0.0188453625888]
    },
    "beats_position": [0.673378646374, 1.35836732388, 2.04335594177, 2.73995471001, 3.45977306366, 4.17959165573, 4.8994102478, 5.61922883987, 6.32743740082, 7.05886602402, 7.73224496841, 8.4172334671, 9.05578231812, 9.69433116913, 10.3096599579, 10.9249887466, 11.5403175354, 12.1208162308, 12.7013149261, 13.2818136215, 13.8158731461, 14.3383216858, 14.8491611481, 15.3483896255, 15.8476190567, 16.3468475342, 16.8460769653, 17.3569164276, 17.8329238892, 18.2973232269, 18.7733325958, 19.2377319336, 19.7137413025, 20.1897506714, 20.642539978, 21.153377533, 21.6758270264, 22.1866664886, 22.7091159821, 23.219953537, 23.7307929993, 24.2300224304, 24.7292518616, 25.2168693542, 25.7044887543, 26.2037181854, 26.7145576477, 27.2950553894, 27.8639450073, 28.5837631226, 29.2803630829, 29.9769611359, 30.6735591888, 31.4165973663, 32.1596374512, 32.9026756287, 33.6457138062, 34.3887519836, 35.1317901611, 35.8283882141, 36.5249862671, 37.1635360718, 37.790473938, 38.4058036804, 39.0211334229, 39.6480712891, 40.2634010315, 40.8903388977, 41.4940567017, 42.0513381958, 42.6086158752, 43.1542854309, 43.7115631104, 44.2688446045, 44.8145103455, 45.3485717773, 45.8826293945, 46.4515190125, 47.0320167542, 47.6241264343, 48.2278442383, 48.8199539185, 49.4701118469, 50.1202697754, 50.7936515808, 51.4786376953, 52.152015686, 52.8253974915, 53.4987754822, 54.1721534729, 54.8687515259, 55.5189094543, 56.157459259, 56.7031288147, 57.2371864319, 57.7712478638, 58.2240333557, 58.6536026001, 59.094783783, 59.5475730896, 59.9887504578, 60.4299316406, 60.8827209473, 61.3238983154, 61.7650794983, 62.2062568665, 62.6590461731, 63.100227356, 63.5530128479, 64.0290222168, 64.5050354004, 64.9810409546, 65.4802703857, 65.9794998169, 66.478729248, 66.9547348022, 67.4307479858, 67.90675354, 68.3595428467, 68.8123321533, 69.2535171509, 69.7062988281, 70.1590881348, 70.6118774414, 71.064666748, 71.5174560547, 71.9470291138, 72.3765945435, 72.8061676025, 73.3402252197, 73.8742828369, 74.396736145, 74.9307937622, 75.4764633179, 76.0453491211, 76.6142425537, 77.1831283569, 77.7636260986, 78.3441238403, 78.924621582, 79.4819030762, 80.0391845703, 80.584854126, 81.1305236816, 81.6877975464, 82.1521987915, 82.6166000366, 83.0809936523, 83.5453948975, 84.0214080811, 84.4974136353, 84.9734191895, 85.449432373, 85.9370498657, 86.4595031738, 86.9819488525, 87.4927902222, 88.0152359009, 88.537689209, 89.0485229492, 89.5593643188, 90.0818099976, 90.5926513672, 91.1034927368, 91.6143264771, 92.1251678467, 92.5315170288, 92.9262542725, 93.3209991455, 93.6460723877, 93.9827651978, 94.3194503784, 94.64453125, 94.9696121216, 95.2946929932, 95.6197738647, 95.9564590454, 96.2931518555, 96.6298370361, 96.9665298462, 97.3032150269, 97.6399078369, 97.976600647, 98.3597259521, 98.7428588867, 99.1259841919, 99.5091171265, 99.8806304932, 100.263763428, 100.635284424, 101.006797791, 101.378318787, 101.761451721, 102.144577026, 102.562538147, 102.980499268, 103.398452759, 103.816413879, 104.280815125, 104.74521637, 105.209609985, 105.67401123, 106.126800537, 106.567977905, 106.997550964, 107.427116394, 107.856689453, 108.297866821, 108.739044189, 109.180221558, 109.621406555, 110.074195862, 110.526985168, 110.991378784, 111.444168091, 111.908569336, 112.361358643, 112.825759888, 113.290153503, 113.74294281, 114.195732117, 114.6717453, 115.147750854, 115.623764038, 116.146209717, 116.657051086, 117.167892456, 117.678726196, 118.177955627, 118.688796997, 119.188026428, 119.687255859, 120.186485291, 120.685714722, 121.184944153, 121.684173584, 122.125350952, 122.56652832, 123.007705688, 123.460494995, 123.913284302, 124.366073608, 124.818862915, 125.271652222, 125.724441528, 126.177230835, 126.64163208, 127.106025696, 127.570426941, 128.011611938, 128.452789307, 128.893966675, 129.335144043, 129.776321411, 130.217498779, 130.658676147, 131.111465454, 131.564254761, 132.017044067, 132.527893066, 133.050338745, 133.561172485, 134.083618164, 134.61769104, 135.140136719, 135.650970459, 136.173416138, 136.695877075, 137.218322754, 137.740768433, 138.27482605, 138.808883667, 139.342941284, 139.900222778, 140.457504272, 141.014785767, 141.630111694, 142.245437622, 142.767883301, 143.290344238, 143.812789917, 144.323623657, 144.834457397, 145.345306396, 145.786483765, 146.227661133, 146.668838501, 147.110015869, 147.469924927, 147.841445923, 148.212966919, 148.584487915, 148.956008911, 149.327529907, 149.687438965, 150.047348022, 150.418869019, 150.790390015, 151.150299072, 151.51020813, 151.858505249, 152.206802368, 152.566711426, 152.926620483, 153.286529541, 153.646438599, 154.006347656, 154.366256714, 154.73777771, 155.097686768, 155.457595825, 155.817504883, 156.200637817, 156.595367432, 156.990112305, 157.384857178, 157.767974854, 158.151107788, 158.534240723, 158.917373657, 159.288879395, 159.660400391, 160.031921387, 160.403442383, 160.833007812, 161.262588501, 161.680541992, 162.086883545, 162.493240356, 162.887985229, 163.305938721, 163.723892212, 164.141860962, 164.559814453, 165.01260376, 165.453781128, 165.906570435, 166.359359741, 166.858596802, 167.357818604, 167.857055664, 168.437545776, 169.018051147, 169.59854126, 170.179046631, 170.747940063, 171.316818237, 171.88571167, 172.55909729, 173.220855713, 173.882629395, 174.544403076, 175.206161499, 175.809890747, 176.425216675, 176.982498169, 177.539764404, 178.097045898, 178.712371826, 179.327713013, 179.908203125, 180.477096558, 181.04598999, 181.533599854, 182.021224976, 182.508834839, 182.973236084, 183.437637329, 183.902038574, 184.366439819, 184.830841064, 185.29524231, 185.748016357, 186.200805664, 186.641998291, 187.083175659, 187.512741089, 187.942306519, 188.371871948, 188.731781006, 189.091690063, 189.440002441, 189.799911499, 190.194641113, 190.589385986, 190.972518921, 191.344039917, 191.703948975, 192.063858032, 192.42376709, 192.772064209, 193.120361328, 193.468658447, 193.816955566, 194.176864624, 194.536773682, 194.896682739, 195.256591797, 195.616500854, 195.976409912, 196.440811157, 196.905212402, 197.369613647, 197.822402954, 198.275192261, 198.739593506, 199.192382812, 199.633560181, 200.074737549, 200.515914917, 200.957092285, 201.398269653, 201.827835083, 202.234191895, 202.640533447, 203.070114136, 203.499679565, 203.871200562, 204.242721558, 204.614242554, 204.985748291, 205.357269287, 205.728790283, 206.100311279, 206.471832275, 206.843353271, 207.214874268, 207.586395264, 207.95791626, 208.352645874, 208.735778809, 209.130523682, 209.583312988, 210.036102295, 210.488891602, 210.941680908, 211.557006836, 212.160720825, 212.776046753, 213.368164062, 213.971878052, 214.575592041, 215.190933228, 215.794647217, 216.409973145, 216.978866577, 217.547744751, 218.116638184, 218.685531616, 219.266021729, 219.8465271, 220.427032471, 221.007522583, 221.576416016, 222.156906128, 222.737411499, 223.352737427, 223.968063354, 224.571792603, 225.175506592, 225.779220581, 226.324890137, 226.870559692, 227.393005371, 227.915466309, 228.449523926, 228.971969604, 229.494415283, 230.016860962, 230.632202148, 231.247528076, 231.874465942, 232.454956055, 233.035461426, 233.615966797, 234.184844971, 234.742126465, 235.171691895, 235.612869263, 236.065658569, 236.425567627, 236.797088623, 237.168609619, 237.540130615, 237.946487427, 238.352828979, 238.759185791, 239.153915405, 239.571884155, 239.989837646, 240.396179199, 240.814147949, 241.23210144, 241.65007019, 242.056411743, 242.462768555, 242.880722046, 243.298675537, 243.716644287, 244.146209717, 244.575775146, 245.005340576, 245.376861572, 245.748382568, 246.131515503, 246.491424561, 246.828109741, 247.164810181, 247.501495361, 247.84979248, 248.209701538, 248.569610596, 248.929519653, 249.289428711, 249.649337769, 249.986022949, 250.322723389, 250.671020508, 251.019317627, 251.367614746, 251.727523804, 252.087432861, 252.43572998, 252.888519287, 253.341308594, 253.7940979, 254.200454712, 254.606796265, 255.013153076, 255.419494629, 255.814239502, 256.208984375, 256.603729248, 256.998443604, 257.404815674, 257.811157227, 258.2059021, 258.600616455, 259.006988525, 259.413330078, 259.808074951, 260.226013184, 260.632385254, 261.050323486, 261.468292236, 261.886260986, 262.292602539, 262.710571289, 263.116912842, 263.523254395, 263.929595947, 264.335968018, 264.75390625, 265.16027832, 265.566619873, 265.961364746, 266.356109619, 266.750823975, 267.145568848, 267.621582031, 268.097595215, 268.561981201, 269.061218262, 269.560455322, 270.059692383, 270.558898926, 271.069732666, 271.580596924, 272.265563965, 272.950561523, 273.589111328, 274.239257812, 274.889434814, 275.574401855, 276.259399414, 276.909576416, 277.57131958, 278.233093262, 278.894866943, 279.545043945, 280.19519043, 280.845336914, 281.518737793, 282.180480957, 282.853881836, 283.527252197, 284.189025879, 284.86239624, 285.524169922, 286.20916748, 286.836090088, 287.463043213, 288.101593018, 288.740142822, 289.36706543, 290.005615234, 290.632568359, 291.271118164, 291.921264648, 292.559814453, 293.198364258, 293.836914062, 294.475463867, 295.102386475, 295.740936279, 296.379486084, 297.029663086, 297.714630127, 298.411254883, 299.003356934, 299.583862305, 300.175964355, 300.768066406, 301.348571777, 301.929077148, 302.509552002, 303.090057373, 303.670562744, 304.262664795, 304.854766846, 305.435272217, 306.015777588, 306.526611328, 307.037445068, 307.617950439, 308.186828613, 308.744110107, 309.289794922, 309.835449219, 310.381134033, 310.961639404, 311.553741455, 312.19229126, 312.842437744, 313.562255859, 314.282073975, 315.00189209, 315.744934082, 316.487976074, 317.184570312, 317.881164551, 318.566162109, 319.239532471, 319.843261719, 320.458587646, 321.062316895, 321.666015625, 322.269744873, 322.780578613, 323.291412354, 323.802276611, 324.301483154, 324.800720215, 325.299957275, 325.810791016, 326.298400879, 326.797637939, 327.215606689, 327.633544922, 328.039916992, 328.457855225, 328.875823975, 329.305389404, 329.734954834, 330.141296387, 330.52444458, 330.919189453, 331.302307129, 331.685424805, 332.068572998, 332.451690674, 332.858032227, 333.2527771, 333.647521973, 334.053863525, 334.448608398, 334.843353271, 335.238098145, 335.644439697, 335.981140137, 336.317810059, 336.654510498, 336.99118042, 337.327880859, 337.664581299, 338.001251221, 338.33795166, 338.6746521, 339.011322021, 339.359619141, 339.69631958, 340.03302002, 340.369689941, 340.706390381, 341.031463623, 341.356536865, 341.797729492, 342.227294922, 342.656860352, 343.098052979, 343.690155029, 344.28225708, 344.885986328, 345.489685059, 346.105041504, 346.720367432, 347.324066162, 347.834899902, 348.34576416, 348.8565979, 349.355834961, 349.855041504, 350.342681885, 350.830291748, 351.317901611, 351.805511475, 352.304748535, 352.803985596, 353.291595459, 353.814056396, 354.336486816, 354.858947754, 355.474273682, 356.089599609, 356.704925537, 357.308654785, 357.923980713, 358.539306641, 359.166259766, 359.72354126, 360.269195557, 360.826477051, 361.418579102, 362.02230835, 362.6144104, 363.206512451, 363.787017822, 364.379119873, 364.971252441, 365.563354492, 366.062591553, 366.550201416, 367.037811279, 367.525421143, 368.024658203, 368.523895264, 369.011505127, 369.499145508, 369.998352051, 370.520812988, 371.031646729, 371.600524902, 372.169433594, 372.749938965, 373.214324951, 373.667114258, 374.108306885, 374.561096191, 375.013885498, 375.455047607, 375.896240234, 376.407073975, 376.906311035, 377.486785889, 378.078918457, 378.671020508, 379.251525879, 379.84362793, 380.43572998, 381.039459229, 381.643157959, 382.235290527, 382.827392578, 383.407897949, 383.988372803, 384.580505371, 385.253875732, 385.938873291, 386.635467529, 387.332061768, 388.017059326, 388.690429688, 389.352203369, 390.002349854, 390.664123535, 391.31427002, 391.964447021, 392.602996826, 393.241546631, 393.880096436, 394.51864624, 395.145568848, 395.760894775, 396.376220703, 396.91027832, 397.444335938, 397.978393555, 398.500854492, 399.02331543, 399.54574585, 400.068206787, 400.590637207, 401.124694824, 401.693603516, 402.262481689, 402.796539307, 403.330596924, 403.864654541, 404.387115479, 404.909576416, 405.432006836, 405.954467773, 406.476898193, 406.999359131, 407.405700684, 407.812042236, 408.206787109, 408.61315918, 409.019500732, 409.425842285, 409.832183838, 410.226928711, 410.621673584, 411.016418457, 411.41116333, 411.805877686, 412.200622559, 412.595367432, 412.990112305, 413.442901611, 413.895690918, 414.348480225, 414.812866211, 415.288879395, 415.764892578, 416.298950195, 416.833007812, 417.36706543, 417.889526367, 418.423583984, 418.969238281, 419.503295898, 420.037353516, 420.559814453, 421.082244873, 421.604705811, 422.115539551, 422.626373291, 423.137237549, 423.624847412, 424.112457275, 424.588470459, 425.052886963, 425.517272949, 425.993286133, 426.469299316, 426.95690918, 427.444519043, 428.013427734, 428.570709229, 429.116363525, 429.662017822, 430.196105957, 430.730163574, 431.264221191, 431.798278809, 432.332336426, 432.936035156, 433.551361084, 434.166717529, 434.77041626, 435.385742188, 435.966247559, 436.54675293, 436.999542236, 437.463928223, 437.928344727, 438.392730713, 438.857147217, 439.309936523, 439.77432251, 440.215515137, 440.656677246, 441.109466553, 441.55065918, 441.980224609, 442.421386719, 442.850952148, 443.280548096, 443.721710205, 444.162902832, 444.592468262, 445.033630371, 445.474822998, 445.892791748, 446.31072998, 446.72869873, 447.15826416, 447.58782959, 448.00579834, 448.42376709, 448.841705322, 449.259674072, 449.677642822, 450.095581055, 450.467102051, 450.838623047, 451.210144043, 451.581665039, 451.953186035, 452.324707031, 452.684631348, 453.044525146, 453.392822266, 453.741119385, 454.101043701, 454.4609375, 454.832458496, 455.203979492, 455.575500488, 455.947021484, 456.399810791, 456.852600098, 457.316986084, 457.781402588, 458.257415771, 458.721801758, 459.186218262, 459.55770874, 459.929229736, 460.300750732, 460.672271729, 461.020568848, 461.368865967, 461.717193604, 462.065490723, 462.437011719, 462.808532715, 463.180023193, 463.551544189, 463.934692383, 464.317810059, 464.700958252, 465.084075928, 465.467193604, 465.8387146, 466.210235596, 466.593383789, 466.976501465, 467.348022461, 467.719543457, 468.091064453, 468.462585449, 468.834106445, 469.205627441, 469.588745117, 469.960266113, 470.331787109, 470.703308105, 471.074829102, 471.423126221, 471.77142334, 472.131317139, 472.61895752, 473.106567383, 473.594177246, 474.081817627, 474.56942749, 475.068664551, 475.556274414, 476.032287598, 476.508300781, 476.984313965, 477.483520508, 477.982757568, 478.481994629, 478.946380615, 479.410797119, 479.886779785, 480.409240723, 480.93170166, 481.4425354, 481.96496582, 482.475830078],
    "bpm_histogram": [0, 0, 0, 0, 0, 0, 0, 0, 0, 0, 0, 0, 0, 0, 0, 0, 0, 0, 0, 0, 0, 0, 0, 0, 0, 0, 0, 0, 0, 0, 0, 0, 0, 0, 0, 0, 0, 0, 0, 0, 0, 0, 0, 0, 0, 0, 0, 0, 0, 0, 0, 0, 0, 0, 0, 0, 0, 0, 0, 0, 0, 0, 0, 0, 0, 0, 0, 0, 0, 0, 0, 0, 0, 0, 0, 0, 0, 0, 0, 0, 0, 0.00813835207373, 0.00101729400922, 0.00813835207373, 0, 0.00101729400922, 0.0122075276449, 0, 0.0132248215377, 0.0142421163619, 0, 0.0122075276449, 0.0152594102547, 0, 0.0203458797187, 0, 0.0111902337521, 0, 0.0325534082949, 0.0233977623284, 0, 0.0244150552899, 0, 0.0406917594373, 0, 0.0223804675043, 0, 0, 0.0183112919331, 0, 0.0152594102547, 0, 0.0315361134708, 0, 0, 0.0478128194809, 0, 0.0427263490856, 0, 0, 0.0417090542614, 0, 0, 0.0274669378996, 0, 0, 0.0295015256852, 0, 0, 0.0437436401844, 0, 0, 0, 0.0579857565463, 0, 0, 0.0498474054039, 0, 0, 0, 0.0295015256852, 0, 0, 0, 0.0366225838661, 0, 0, 0, 0.0386571735144, 0, 0, 0, 0.0376398786902, 0, 0, 0, 0, 0.0284842327237, 0, 0, 0, 0.0590030513704, 0.00610376382247, 0, 0, 0, 0, 0.0406917594373, 0, 0, 0, 0, 0.0213631745428, 0, 0, 0, 0, 0, 0.0284842327237, 0, 0, 0, 0, 0, 0, 0.00712105818093, 0, 0, 0, 0, 0, 0, 0, 0, 0, 0, 0, 0, 0, 0, 0, 0, 0, 0, 0, 0, 0, 0, 0, 0, 0, 0, 0, 0, 0, 0, 0, 0, 0, 0, 0, 0, 0, 0, 0, 0, 0, 0, 0, 0, 0, 0, 0, 0, 0, 0, 0, 0, 0, 0, 0, 0, 0, 0, 0, 0, 0, 0, 0, 0]
},
"tonal": {
    "chords_changes_rate": 0.0631184577942,
    "chords_number_rate": 0.00201748497784,
    "chords_strength": {
        "mean": 0.470252007246,
        "stdev": 0.185531824827
    },
    "hpcp_crest": {
        "mean": 16.6400356293,
        "stdev": 8.74909210205
    },
    "hpcp_entropy": {
        "mean": 1.61526930332,
        "stdev": 0.811524450779
    },
    "key_edma": {
        "strength": 0.491646200418,
        "key": "B",
        "scale": "major"
    },
    "key_krumhansl": {
        "strength": 0.482546985149,
        "key": "D#",
        "scale": "minor"
    },
    "key_temperley": {
        "strength": 0.47834610939,
        "key": "D#",
        "scale": "minor"
    },
    "tuning_diatonic_strength": 0.383412599564,
    "tuning_equal_tempered_deviation": 0.100479610264,
    "tuning_frequency": 440.763122559,
    "tuning_nontempered_energy_ratio": 0.800458073616,
    "hpcp": {
        "mean": [0.128836840391, 0.0920290723443, 0.116518206894, 0.133895710111, 0.0721622481942, 0.115685641766, 0.169204205275, 0.104606539011, 0.0487772487104, 0.0301163177937, 0.0221425984055, 0.0470425821841, 0.0698065757751, 0.0551493167877, 0.0531287305057, 0.0575153008103, 0.0549422837794, 0.167507514358, 0.196794837713, 0.0829069465399, 0.0630912035704, 0.0689029023051, 0.0552666150033, 0.110911719501, 0.122182555497, 0.0572290867567, 0.0903293713927, 0.183231040835, 0.156572684646, 0.126730874181, 0.121136464179, 0.0544426776469, 0.0496025085449, 0.0702447891235, 0.0583250932395, 0.0906705334783],
        "stdev": [0.292563974857, 0.208973959088, 0.251505732536, 0.282561451197, 0.167086452246, 0.23388928175, 0.306248158216, 0.211350873113, 0.147163435817, 0.12077768147, 0.0874530151486, 0.153100714087, 0.204271972179, 0.175731375813, 0.163165509701, 0.178386345506, 0.155432134867, 0.299317002296, 0.343485832214, 0.188544124365, 0.18523311615, 0.201132133603, 0.148048952222, 0.244675561786, 0.273156583309, 0.158009573817, 0.188011825085, 0.317157715559, 0.276748150587, 0.264514893293, 0.277574717999, 0.161878824234, 0.154697075486, 0.206976979971, 0.165496259928, 0.210792720318]
    },
    "chords_histogram": [4.1694688797, 4.78432130814, 2.2288403511, 2.54587388039, 0.7781727314, 2.65155148506, 2.08473443985, 8.23326015472, 0.682102024555, 3.12229800224, 3.49697375298, 2.72840809822, 2.04630613327, 1.85416471958, 11.5669136047, 2.01748490334, 7.91622638702, 4.51532316208, 5.28388881683, 4.85157060623, 0.278605043888, 4.67864370346, 3.7851858139, 13.6996831894],
    "thpcp": [1, 0.421286195517, 0.320593804121, 0.350125551224, 0.280833661556, 0.563590586185, 0.620862603188, 0.290805846453, 0.459002763033, 0.931076467037, 0.795613765717, 0.643974602222, 0.615546941757, 0.276646882296, 0.252051889896, 0.356944262981, 0.296375125647, 0.460736334324, 0.654675900936, 0.467639654875, 0.59207957983, 0.68038225174, 0.366687715054, 0.587848961353, 0.859800040722, 0.531551241875, 0.247858375311, 0.153034090996, 0.112516157329, 0.239043787122, 0.35471752286, 0.280237615108, 0.269970148802, 0.292260199785, 0.279185593128, 0.851178407669],
    "chords_key": "B",
    "chords_scale": "major"
}
}