{
"metadata": {
    "version": {
        "essentia": "2.1-dev",
        "essentia_git_sha": "v2.1_beta3-415-gd5473f3",
        "extractor": "music 2.0"
    },
    "audio_properties": {
        "analysis": {
            "equal_loudness": 0,
            "length": 201.064483643,
            "sample_rate": 44100,
            "start_time": 0,
            "downmix": "mix"
        },
        "bit_rate": 192000,
        "length": 201.064483643,
        "lossless": 0,
        "number_channels": 2,
        "replay_gain": -5.50420951843,
        "sample_rate": 44100,
        "codec": "mp3",
        "md5_encoded": "212ae64bd301da810f1d78927ac2f8bc"
    },
    "tags": {
        "file_name": "al_green-i_m_so_in_love_with_you.mp3",
        "artist": ["Al Green"],
        "genre": ["Blues"],
        "title": ["I'm So in love with you"]
    }
},
"lowlevel": {
    "average_loudness": 0.827496170998,
    "barkbands_crest": {
        "mean": 11.9690914154,
        "stdev": 4.62285661697
    },
    "barkbands_flatness_db": {
        "mean": 0.238724634051,
        "stdev": 0.0773201584816
    },
    "barkbands_kurtosis": {
        "mean": 12.7221107483,
        "stdev": 18.638086319
    },
    "barkbands_skewness": {
        "mean": 2.10633897781,
        "stdev": 1.77818715572
    },
    "barkbands_spread": {
        "mean": 10.8274469376,
        "stdev": 10.7720088959
    },
    "dissonance": {
        "mean": 0.417111575603,
        "stdev": 0.0584305375814
    },
    "dynamic_complexity": 4.39974117279,
    "erbbands_crest": {
        "mean": 11.5794630051,
        "stdev": 6.00835609436
    },
    "erbbands_flatness_db": {
        "mean": 0.205813169479,
        "stdev": 0.056416362524
    },
    "erbbands_kurtosis": {
        "mean": 4.16285085678,
        "stdev": 8.78220558167
    },
    "erbbands_skewness": {
        "mean": 1.07681822777,
        "stdev": 1.29236769676
    },
    "erbbands_spread": {
        "mean": 30.1185970306,
        "stdev": 22.0044593811
    },
    "hfc": {
        "mean": 10.7503547668,
        "stdev": 13.8265886307
    },
    "loudness_ebu128": {
        "integrated": -19.0371685028,
        "loudness_range": 4.45530509949,
        "momentary": {
            "mean": -28.5809497833,
            "stdev": 47.3605270386
        },
        "short_term": {
            "mean": -24.8279666901,
            "stdev": 36.0497398376
        }
    },
    "melbands_crest": {
        "mean": 16.0318336487,
        "stdev": 5.70838260651
    },
    "melbands_flatness_db": {
        "mean": 0.309293061495,
        "stdev": 0.111105054617
    },
    "melbands_kurtosis": {
        "mean": 23.4308719635,
        "stdev": 31.8759326935
    },
    "melbands_skewness": {
        "mean": 2.89297652245,
        "stdev": 2.15237927437
    },
    "melbands_spread": {
        "mean": 14.7119674683,
        "stdev": 24.6717319489
    },
    "pitch_salience": {
        "mean": 0.493109941483,
        "stdev": 0.130021467805
    },
    "silence_rate_20dB": {
        "mean": 1,
        "stdev": 0
    },
    "silence_rate_30dB": {
        "mean": 0.986722111702,
        "stdev": 0.11445967108
    },
    "silence_rate_60dB": {
        "mean": 0.0946772918105,
        "stdev": 0.292768865824
    },
    "spectral_centroid": {
        "mean": 1045.76879883,
        "stdev": 1895.69787598
    },
    "spectral_complexity": {
        "mean": 10.0502252579,
        "stdev": 7.74353456497
    },
    "spectral_decrease": {
        "mean": -6.65642030384e-09,
        "stdev": 7.21620585509e-09
    },
    "spectral_energy": {
        "mean": 0.0260979179293,
        "stdev": 0.0281376969069
    },
    "spectral_energyband_high": {
        "mean": 0.000247001938988,
        "stdev": 0.00060054223286
    },
    "spectral_energyband_low": {
        "mean": 0.0125848213211,
        "stdev": 0.0186519939452
    },
    "spectral_energyband_middle_high": {
        "mean": 0.00286568840966,
        "stdev": 0.00641441671178
    },
    "spectral_energyband_middle_low": {
        "mean": 0.0124470107257,
        "stdev": 0.0161359272897
    },
    "spectral_entropy": {
        "mean": 6.82249832153,
        "stdev": 0.910474181175
    },
    "spectral_flux": {
        "mean": 0.0753214359283,
        "stdev": 0.062263019383
    },
    "spectral_kurtosis": {
        "mean": 10.5881795883,
        "stdev": 12.9181785583
    },
    "spectral_rms": {
        "mean": 0.00438627321273,
        "stdev": 0.0024943985045
    },
    "spectral_rolloff": {
        "mean": 1227.36999512,
        "stdev": 3292.14672852
    },
    "spectral_skewness": {
        "mean": 2.19289731979,
        "stdev": 1.38017201424
    },
    "spectral_spread": {
        "mean": 4628119,
        "stdev": 6635688
    },
    "spectral_strongpeak": {
        "mean": 0.847049593925,
        "stdev": 1.17489111423
    },
    "zerocrossingrate": {
        "mean": 0.0433987937868,
        "stdev": 0.0862570479512
    },
    "barkbands": {
        "mean": [0.000109610096843, 0.00565774878487, 0.00491475826129, 0.00261892471462, 0.00274315383285, 0.00322496239096, 0.000990217551589, 0.00128921400756, 0.00127894571051, 0.00112037628423, 0.000485251192003, 0.00032389324042, 0.000229325218243, 0.000183251977433, 0.000178283691639, 0.000138879113365, 8.77647617017e-05, 9.03217151063e-05, 0.000136660906719, 9.98318282655e-05, 6.59482248011e-05, 5.56060986128e-05, 5.08740376972e-05, 1.98360357899e-05, 3.76734556085e-06, 5.46202841178e-07, 9.14516740114e-10],
        "stdev": [0.000309810508043, 0.0128361843526, 0.00743820657954, 0.005201023072, 0.00483077997342, 0.00755037227646, 0.00464634038508, 0.00578940240666, 0.00474883615971, 0.00384584674612, 0.00217167963274, 0.0014285040088, 0.00085517304251, 0.000858372426592, 0.000893480901141, 0.000478058354929, 0.000233704893617, 0.000225520518143, 0.000381222780561, 0.000233281243709, 0.000262229936197, 0.000153827262693, 0.000182257674169, 0.000110598906758, 1.21483644762e-05, 1.70419934875e-06, 1.64204083664e-09]
    },
    "erbbands": {
        "mean": [0.141939848661, 1.36077570915, 4.83405303955, 9.06977176666, 6.08490037918, 9.91700363159, 21.443687439, 26.0337162018, 13.2901239395, 24.0250930786, 25.4717140198, 32.4284133911, 28.7606105804, 29.8540096283, 23.5237636566, 12.0329694748, 10.9128084183, 9.14220809937, 12.028342247, 7.40349197388, 6.70033073425, 4.77289628983, 4.73815202713, 6.28117465973, 6.63175821304, 4.57922077179, 3.11877679825, 2.53771471977, 1.9768153429, 1.77854776382, 1.44755756855, 0.621825277805, 0.237435936928, 0.064637593925, 0.0177389029413, 0.00373947503977, 0.000931050512008, 7.0208508987e-05, 1.47365535668e-05, 2.97092137771e-05],
        "stdev": [0.33325406909, 3.15037918091, 7.51363945007, 16.0508003235, 11.2453126907, 18.7388801575, 50.136505127, 64.6463394165, 48.9716033936, 124.063026428, 89.943649292, 122.934440613, 90.7379150391, 107.125083923, 102.986030579, 43.5416069031, 40.1614837646, 31.6817016602, 68.5804138184, 25.1219673157, 20.4826526642, 12.465218544, 11.94231987, 15.8233575821, 18.6719875336, 10.5082502365, 8.33913040161, 11.6397886276, 5.13366413116, 5.42091274261, 5.47590637207, 3.28753113747, 1.39019811153, 0.227630779147, 0.0541155934334, 0.0131940180436, 0.0027350273449, 0.000143029566971, 1.56073310791e-05, 3.17278208968e-05]
    },
    "gfcc": {
        "mean": [-123.846595764, 142.929656982, -93.1357269287, 36.3228492737, -58.143737793, 4.09315347672, -21.3302135468, -2.14363193512, -19.6924629211, -7.44835042953, -9.3672504425, -4.78356838226, -9.97820949554],
        "cov": [[43242.7578125, 3948.55883789, -5468.71923828, 2208.34936523, -2708.94238281, 429.947418213, -779.34967041, -128.505004883, -320.129547119, -467.360229492, -156.910003662, -606.958374023, -123.629837036], [3948.55883789, 1547.58325195, -17.4899921417, -343.871368408, 23.1097354889, -222.802581787, 41.3862419128, -9.32550811768, -106.316810608, -12.9091758728, -50.5015678406, 62.3098640442, -83.5192260742], [-5468.71923828, -17.4899921417, 1826.6340332, -256.407012939, 220.211486816, -27.5409164429, 63.6333732605, -12.213719368, -13.6963768005, 20.4195346832, 31.0225067139, 187.49937439, -1.95444977283], [2208.34936523, -343.871368408, -256.407012939, 681.697937012, -272.226379395, 127.023658752, -122.679168701, -47.1097755432, 49.7684783936, -51.5311508179, 43.3339805603, -75.3785858154, 40.7646942139], [-2708.94238281, 23.1097354889, 220.211486816, -272.226379395, 590.181030273, -61.8440322876, 58.2379798889, 76.9104309082, 28.2148799896, 88.5476226807, -21.0240287781, 45.5983123779, -19.2073497772], [429.947418213, -222.802581787, -27.5409164429, 127.023658752, -61.8440322876, 317.561431885, -5.78862190247, 27.0664234161, 10.8224563599, -31.1264076233, -2.3582546711, -61.1448020935, 12.1517868042], [-779.34967041, 41.3862419128, 63.6333732605, -122.679168701, 58.2379798889, -5.78862190247, 244.940612793, 27.9176254272, 5.50702619553, 13.1601858139, 1.83977687359, 12.4797592163, 11.240942955], [-128.505004883, -9.32550811768, -12.213719368, -47.1097755432, 76.9104309082, 27.0664234161, 27.9176254272, 158.2603302, 24.0671310425, 12.2855300903, -8.82861709595, -14.333820343, 6.3932800293], [-320.129547119, -106.316810608, -13.6963768005, 49.7684783936, 28.2148799896, 10.8224563599, 5.50702619553, 24.0671310425, 147.760971069, 23.827173233, 21.4292984009, -18.3213596344, 14.8664903641], [-467.360229492, -12.9091758728, 20.4195346832, -51.5311508179, 88.5476226807, -31.1264076233, 13.1601858139, 12.2855300903, 23.827173233, 126.688438416, 25.8622722626, 28.8008861542, 0.498889863491], [-156.910003662, -50.5015678406, 31.0225067139, 43.3339805603, -21.0240287781, -2.3582546711, 1.83977687359, -8.82861709595, 21.4292984009, 25.8622722626, 137.215332031, 29.1062221527, 21.7847919464], [-606.958374023, 62.3098640442, 187.49937439, -75.3785858154, 45.5983123779, -61.1448020935, 12.4797592163, -14.333820343, -18.3213596344, 28.8008861542, 29.1062221527, 131.897323608, 19.89960289], [-123.629837036, -83.5192260742, -1.95444977283, 40.7646942139, -19.2073497772, 12.1517868042, 11.240942955, 6.3932800293, 14.8664903641, 0.498889863491, 21.7847919464, 19.89960289, 104.51638031]],
        "icov": [[0.000333794014296, -0.00114462187048, 0.000747043290175, -0.000926042965148, 0.000853402423672, -0.000671770423651, 0.000438144197688, -0.000413139321608, 0.000189705126104, -0.000184477132279, 0.000211165242945, -0.000192460996914, 3.49356632796e-05], [-0.00114462187048, 0.00477683544159, -0.00249047833495, 0.00352692231536, -0.00276926904917, 0.00274495966733, -0.00153503241017, 0.00132703944109, -0.000326583278365, 0.000837422499899, -0.000627393135801, 0.000402251287596, 0.000393543188693], [0.000747043290175, -0.00249047833495, 0.00236667436548, -0.00190481892787, 0.0017419483047, -0.00167804001831, 0.000923927058466, -0.00080822041491, 0.000323620071867, -0.000116051982332, 0.000412183377193, -0.00145885651, 0.000292373617413], [-0.000926042965148, 0.00352692231536, -0.00190481892787, 0.00505958916619, -0.00158348772675, 0.00143923412543, -0.000319731218042, 0.00156424811576, -0.00117162463721, 0.000862340908498, -0.00115347921383, 0.00108196376823, -0.000608720583841], [0.000853402423672, -0.00276926904917, 0.0017419483047, -0.00158348772675, 0.00467298924923, -0.00152898579836, 0.00110698200297, -0.00190963165369, 3.99741329602e-05, -0.00168824545108, 0.00100942119025, -0.000692050205544, 0.000404760823585], [-0.000671770423651, 0.00274495966733, -0.00167804001831, 0.00143923412543, -0.00152898579836, 0.00540133891627, -0.00108231580816, 1.69996310433e-05, 1.54075769387e-05, 0.000823154114187, -0.000483594601974, 0.00192488904577, -0.000259279069724], [0.000438144197688, -0.00153503241017, 0.000923927058466, -0.000319731218042, 0.00110698200297, -0.00108231580816, 0.00521186273545, -0.000980606302619, -2.40799054154e-05, -0.00028718719841, 3.58005563612e-05, -7.79499605414e-05, -0.000725510064512], [-0.000413139321608, 0.00132703944109, -0.00080822041491, 0.00156424811576, -0.00190963165369, 1.69996310433e-05, -0.000980606302619, 0.00787623412907, -0.00121851195581, 3.95034294343e-05, 1.73010521394e-05, 0.00107324135024, -0.000817527528852], [0.000189705126104, -0.000326583278365, 0.000323620071867, -0.00117162463721, 3.99741329602e-05, 1.54075769387e-05, -2.40799054154e-05, -0.00121851195581, 0.00818976387382, -0.00146994681563, -0.000884363777004, 0.00152853643522, -0.000755471060984], [-0.000184477132279, 0.000837422499899, -0.000116051982332, 0.000862340908498, -0.00168824545108, 0.000823154114187, -0.00028718719841, 3.95034294343e-05, -0.00146994681563, 0.0101015632972, -0.00179631425999, -0.00169297400862, 0.000592591590248], [0.000211165242945, -0.000627393135801, 0.000412183377193, -0.00115347921383, 0.00100942119025, -0.000483594601974, 3.58005563612e-05, 1.73010521394e-05, -0.000884363777004, -0.00179631425999, 0.00877178926021, -0.00208924943581, -0.00085333280731], [-0.000192460996914, 0.000402251287596, -0.00145885651, 0.00108196376823, -0.000692050205544, 0.00192488904577, -7.79499605414e-05, 0.00107324135024, 0.00152853643522, -0.00169297400862, -0.00208924943581, 0.0119203152135, -0.00280720624141], [3.49356632796e-05, 0.000393543188693, 0.000292373617413, -0.000608720583841, 0.000404760823585, -0.000259279069724, -0.000725510064512, -0.000817527528852, -0.000755471060984, 0.000592591590248, -0.00085333280731, -0.00280720624141, 0.0112161170691]]
    },
    "melbands": {
        "mean": [0.00141993304715, 0.00236682826653, 0.00144569005352, 0.000525527866557, 0.000716050039046, 0.000583801127505, 0.000198416746571, 0.000271775643341, 0.000204823343665, 0.000199440604774, 0.000144344434375, 0.000127359526232, 7.31179534341e-05, 4.55658591818e-05, 2.35236475419e-05, 2.19056146307e-05, 1.61174502864e-05, 2.04821772058e-05, 1.02139520095e-05, 1.07062032839e-05, 7.03568002791e-06, 4.87086072098e-06, 4.46132389698e-06, 4.28196335633e-06, 5.06877495354e-06, 5.53493555344e-06, 3.76165894522e-06, 2.87822308565e-06, 2.13289990825e-06, 1.56484111358e-06, 1.41728253311e-06, 1.10572102585e-06, 1.06547304313e-06, 9.47853664002e-07, 9.03504712824e-07, 5.76324396206e-07, 3.07924665321e-07, 1.85559244414e-07, 9.17911791021e-08, 3.89747896179e-08],
        "stdev": [0.00324765359983, 0.00384297082201, 0.00247717066668, 0.000881461484823, 0.00149882328697, 0.00139754719567, 0.000765346107073, 0.00139177578967, 0.000710489868652, 0.00079241959611, 0.000470738770673, 0.000487604964292, 0.000316252524499, 0.000195870263269, 8.58646744746e-05, 9.08064685063e-05, 6.26481050858e-05, 0.000129229651066, 4.35369074694e-05, 3.97169424105e-05, 2.09943518712e-05, 1.30220096253e-05, 1.23196987261e-05, 1.06156812762e-05, 1.3780109839e-05, 1.65524706972e-05, 9.7732836366e-06, 6.84991664457e-06, 5.27952715856e-06, 7.22791446606e-06, 6.68169741402e-06, 2.78363950201e-06, 3.53122277374e-06, 2.85685769086e-06, 3.1849278912e-06, 3.35467279911e-06, 1.6138491219e-06, 1.29688953621e-06, 3.33677292019e-07, 1.28299305402e-07]
    },
    "melbands128": {
        "mean": [0.00010666995513, 0.00098822650034, 0.00194629828911, 0.00230171298608, 0.0023038785439, 0.00252815941349, 0.00209620082751, 0.000964825390838, 0.000519432942383, 0.000478059897432, 0.00050466490211, 0.000635373755358, 0.000688632484525, 0.00094415229978, 0.000719406176358, 0.00031331583159, 0.000214634550503, 0.000162255237228, 0.000192860374227, 0.000299704348436, 0.00032834513695, 0.000199338217499, 0.000203291492653, 0.000172346582985, 0.000236914347624, 0.000207815886824, 0.000116777053336, 0.000139911047881, 0.000140385876875, 0.000212411672692, 8.27024996397e-05, 4.81963943457e-05, 7.43635901017e-05, 0.000100051467598, 5.58451429242e-05, 3.11611656798e-05, 2.77414983429e-05, 1.73150638147e-05, 2.72793986369e-05, 2.63846523012e-05, 2.16237203858e-05, 1.38203813549e-05, 1.75724489964e-05, 1.48691015056e-05, 1.74710494321e-05, 2.68022085947e-05, 1.83759566426e-05, 7.29196699467e-06, 8.54489462654e-06, 9.18294335861e-06, 1.23849094962e-05, 1.09406128104e-05, 6.29477563052e-06, 6.76670379107e-06, 5.4734373407e-06, 3.9291048779e-06, 5.00394207847e-06, 5.08958510181e-06, 3.93425125367e-06, 4.08750884162e-06, 4.09742460761e-06, 4.56568204754e-06, 4.78295532957e-06, 5.46425599168e-06, 5.22638038092e-06, 6.04955812378e-06, 5.6182411754e-06, 3.60480066774e-06, 3.60847502634e-06, 3.49013794221e-06, 2.70012151304e-06, 2.57129158854e-06, 3.00760939353e-06, 1.83336862847e-06, 1.4907525383e-06, 1.55382372213e-06, 1.64394737112e-06, 1.51743256538e-06, 1.46384138588e-06, 1.22395908875e-06, 1.1002989595e-06, 1.06525089905e-06, 1.05742515188e-06, 1.06800325739e-06, 1.10508381113e-06, 9.33052945129e-07, 9.06236664378e-07, 9.30829457957e-07, 9.43788791119e-07, 8.92594300694e-07, 6.54422819935e-07, 5.16908698955e-07, 3.7194766378e-07, 3.05604856976e-07, 2.66873740884e-07, 2.31019186003e-07, 1.63538217635e-07, 1.30873246462e-07, 9.36493975701e-08, 7.15018941833e-08, 5.91094604374e-08, 2.97715789799e-08, 2.08464214779e-08, 1.90173885528e-08, 2.49001708141e-08, 1.64561644311e-08, 9.68910729426e-09, 7.37921901361e-09, 5.46868195173e-09, 3.13560044596e-09, 3.54319973361e-09, 3.92206489508e-09, 2.80188316992e-09, 2.14419415556e-09, 1.70080916018e-09, 2.82420170583e-10, 4.40766693977e-12, 4.24549284617e-12, 4.13910052066e-12, 4.03957466436e-12, 3.95399511743e-12, 3.87886250897e-12, 3.79960819752e-12, 3.73194791042e-12, 3.68953175303e-12, 3.65634519189e-12, 3.63065805718e-12, 3.60407688936e-12],
        "stdev": [0.000305291992845, 0.00254651787691, 0.0050452966243, 0.00567359477282, 0.00425220793113, 0.00392716284841, 0.00387390353717, 0.00201888871379, 0.0011433075415, 0.000904495478608, 0.0011858852813, 0.00170374033041, 0.00204766588286, 0.00287099438719, 0.00206902204081, 0.00118489330634, 0.0011818758212, 0.000824880960863, 0.00148191780318, 0.00192434119526, 0.0022719912231, 0.000963339058217, 0.000998938223347, 0.000855669903103, 0.00113628432155, 0.00124264101032, 0.000571859593038, 0.00064929376822, 0.000654558418319, 0.0010135860648, 0.00035720563028, 0.000340237544151, 0.000409582367865, 0.000632272392977, 0.000380673300242, 0.000149626241182, 0.00017790318816, 0.000105798280856, 0.000120170814625, 0.00015703162353, 0.000137179915328, 5.99064151174e-05, 0.000107856074465, 5.96079917159e-05, 0.000141008466017, 0.000241405607085, 0.000134000991238, 4.70372651762e-05, 5.45231996512e-05, 4.01235774916e-05, 6.148009561e-05, 5.3487092373e-05, 2.58214240603e-05, 2.32528109336e-05, 1.63069053087e-05, 1.37256001835e-05, 1.75993955054e-05, 1.75778914127e-05, 1.45809362948e-05, 1.54414210556e-05, 1.21570146803e-05, 1.45548619912e-05, 1.47750943142e-05, 2.26811844186e-05, 2.07027624128e-05, 2.12314316741e-05, 2.66868264589e-05, 1.21727744045e-05, 1.17612216854e-05, 1.01143104985e-05, 8.00603902462e-06, 7.26347661839e-06, 8.90504270501e-06, 5.21107995155e-06, 5.69760550206e-06, 6.77842126606e-06, 1.03568490886e-05, 1.10893925012e-05, 7.24512892702e-06, 3.90534023609e-06, 2.90278217108e-06, 2.87331454274e-06, 3.58251577381e-06, 3.61230286217e-06, 4.74154967378e-06, 2.92559434456e-06, 2.94258052236e-06, 3.0296444038e-06, 3.49819765688e-06, 3.96854647988e-06, 3.97302756028e-06, 3.68970086129e-06, 2.17093793253e-06, 1.41793145758e-06, 1.3022162193e-06, 2.38663301388e-06, 1.09053200958e-06, 5.4005158745e-07, 3.20512725693e-07, 2.840042157e-07, 2.01627031515e-07, 1.03498926762e-07, 6.74731239769e-08, 6.37961079519e-08, 7.96745851517e-08, 5.59233761521e-08, 4.0668574286e-08, 3.10853707219e-08, 2.36352217797e-08, 1.24810410895e-08, 1.47925858229e-08, 1.66778448829e-08, 8.41959124642e-09, 4.60319515838e-09, 3.61405083638e-09, 6.9070543729e-10, 7.91846536258e-12, 7.67632832299e-12, 7.46581182293e-12, 7.27073826493e-12, 7.09544749344e-12, 6.94089967793e-12, 6.80555568497e-12, 6.68889813329e-12, 6.5901676477e-12, 6.51405795624e-12, 6.45795179485e-12, 6.42290951328e-12]
    },
    "mfcc": {
        "mean": [-748.62121582, 160.9009552, 22.0799560547, 35.9180755615, -6.3792052269, 8.63454627991, 2.46288871765, 7.64945316315, -5.8613114357, 1.87386608124, -3.45614528656, -0.939476072788, -3.20898509026],
        "cov": [[15129.0175781, 62.4774742126, -1371.90710449, 588.892028809, -529.001220703, 248.442169189, -307.952178955, 122.975517273, -110.402915955, 437.480987549, -103.315254211, -43.6629524231, -182.507156372], [62.4774742126, 2599.45629883, 240.021469116, 78.8351211548, 17.0095443726, -123.277023315, 131.513427734, 30.3762340546, -0.10164295882, -89.8940505981, 54.2850532532, -5.85052490234, -16.8065509796], [-1371.90710449, 240.021469116, 1254.55895996, 83.4082565308, 6.02152490616, 79.0620269775, 11.7652015686, 79.260017395, -67.4066925049, -111.495262146, -44.7050704956, 18.5879516602, 59.423789978], [588.892028809, 78.8351211548, 83.4082565308, 352.876190186, 1.29753935337, 8.40379619598, -38.2780914307, -14.2935285568, -19.5772209167, -18.2386283875, -23.2602405548, 16.7106800079, 39.5762672424], [-529.001220703, 17.0095443726, 6.02152490616, 1.29753935337, 335.766693115, 13.9154119492, -3.21336126328, 4.25269794464, 29.3633785248, 3.37739014626, 23.2418479919, 16.9544620514, 22.1075725555], [248.442169189, -123.277023315, 79.0620269775, 8.40379619598, 13.9154119492, 186.357498169, 15.6402568817, 6.74133300781, 3.99339270592, 3.96714925766, 1.09826517105, 9.36300373077, -7.04196071625], [-307.952178955, 131.513427734, 11.7652015686, -38.2780914307, -3.21336126328, 15.6402568817, 180.965332031, 33.9988975525, 19.2586097717, 10.7532720566, 6.28582620621, 6.07508993149, -3.14668655396], [122.975517273, 30.3762340546, 79.260017395, -14.2935285568, 4.25269794464, 6.74133300781, 33.9988975525, 125.243461609, 29.8122463226, 6.37941217422, 2.62217140198, -5.05703926086, -6.97429847717], [-110.402915955, -0.10164295882, -67.4066925049, -19.5772209167, 29.3633785248, 3.99339270592, 19.2586097717, 29.8122463226, 152.366226196, 38.1428756714, 3.55444765091, -7.64714097977, -15.9662923813], [437.480987549, -89.8940505981, -111.495262146, -18.2386283875, 3.37739014626, 3.96714925766, 10.7532720566, 6.37941217422, 38.1428756714, 138.544418335, 33.6457939148, -13.0322628021, -17.5297489166], [-103.315254211, 54.2850532532, -44.7050704956, -23.2602405548, 23.2418479919, 1.09826517105, 6.28582620621, 2.62217140198, 3.55444765091, 33.6457939148, 118.71812439, 25.5880184174, -15.3862009048], [-43.6629524231, -5.85052490234, 18.5879516602, 16.7106800079, 16.9544620514, 9.36300373077, 6.07508993149, -5.05703926086, -7.64714097977, -13.0322628021, 25.5880184174, 95.2218780518, 25.8558387756], [-182.507156372, -16.8065509796, 59.423789978, 39.5762672424, 22.1075725555, -7.04196071625, -3.14668655396, -6.97429847717, -15.9662923813, -17.5297489166, -15.3862009048, 25.8558387756, 92.9064712524]],
        "icov": [[0.000133670866489, -6.28586349194e-05, 0.000188833218999, -0.000232096019317, 0.000184158998309, -0.000296847487334, 0.000309049413772, -0.000381671066862, 0.000286611757474, -0.000491380342282, 0.000322434905684, -0.000167867648997, 0.000201454415219], [-6.28586349194e-05, 0.000488839810714, -0.000184568430996, -6.13194715697e-05, -0.000119985845231, 0.000521872774698, -0.00055410573259, 0.000226190386456, -0.000215254054638, 0.000600549392402, -0.000520323985256, 0.000243585498538, 9.78014868451e-05], [0.000188833218999, -0.000184568430996, 0.001270001987, -0.000435742607806, 0.000259764870862, -0.000923832994886, 0.000516231521033, -0.00130954920314, 0.000791288912296, -0.000131271110149, 0.000631957082078, -0.000217102351598, -0.000225488765864], [-0.000232096019317, -6.13194715697e-05, -0.000435742607806, 0.00358011526987, -0.000259452848695, 0.000208854777156, 0.000236369669437, 0.000827503623441, -0.000372035254259, 0.000647642533295, 5.52134260943e-05, -0.000160242620041, -0.0014536823146], [0.000184158998309, -0.000119985845231, 0.000259764870862, -0.000259452848695, 0.00343372509815, -0.000700692238752, 0.000629789952654, -0.000532206089702, -0.000357188167982, -0.000532213947736, -0.000274616933893, -0.000374687224394, -0.000707376399077], [-0.000296847487334, 0.000521872774698, -0.000923832994886, 0.000208854777156, -0.000700692238752, 0.00667079910636, -0.00148441421334, 0.0010294620879, -0.000804009614512, 0.000923773215618, -0.000763231946621, -0.000264130620053, 0.000695791095495], [0.000309049413772, -0.00055410573259, 0.000516231521033, 0.000236369669437, 0.000629789952654, -0.00148441421334, 0.00713102938607, -0.00239866040647, 0.000334218988428, -0.00174803985283, 0.00106357014738, -0.00110473344103, 8.62753731781e-05], [-0.000381671066862, 0.000226190386456, -0.00130954920314, 0.000827503623441, -0.000532206089702, 0.0010294620879, -0.00239866040647, 0.0104735456407, -0.00264826999046, 0.00121345696971, -0.00124511937611, 0.000942452403251, -8.73285625858e-06], [0.000286611757474, -0.000215254054638, 0.000791288912296, -0.000372035254259, -0.000357188167982, -0.000804009614512, 0.000334218988428, -0.00264826999046, 0.00844301376492, -0.00290590897202, 0.00153307116125, -0.000475425826153, 0.00130189501215], [-0.000491380342282, 0.000600549392402, -0.000131271110149, 0.000647642533295, -0.000532213947736, 0.000923773215618, -0.00174803985283, 0.00121345696971, -0.00290590897202, 0.0111719034612, -0.00415208796039, 0.0024744218681, -0.000587723858189], [0.000322434905684, -0.000520323985256, 0.000631957082078, 5.52134260943e-05, -0.000274616933893, -0.000763231946621, 0.00106357014738, -0.00124511937611, 0.00153307116125, -0.00415208796039, 0.0116314738989, -0.00432324782014, 0.00267107924446], [-0.000167867648997, 0.000243585498538, -0.000217102351598, -0.000160242620041, -0.000374687224394, -0.000264130620053, -0.00110473344103, 0.000942452403251, -0.000475425826153, 0.0024744218681, -0.00432324782014, 0.0132719799876, -0.00400049192831], [0.000201454415219, 9.78014868451e-05, -0.000225488765864, -0.0014536823146, -0.000707376399077, 0.000695791095495, 8.62753731781e-05, -8.73285625858e-06, 0.00130189501215, -0.000587723858189, 0.00267107924446, -0.00400049192831, 0.0138322720304]]
    },
    "spectral_contrast_coeffs": {
        "mean": [-0.709211111069, -0.73013561964, -0.74754935503, -0.78665804863, -0.798123002052, -0.751046359539],
        "stdev": [0.0842581540346, 0.0940185189247, 0.0893575921655, 0.0702537894249, 0.0610166490078, 0.0717740058899]
    },
    "spectral_contrast_valleys": {
        "mean": [-7.23993825912, -7.89365768433, -8.90799427032, -9.68149852753, -9.50093746185, -12.4265775681],
        "stdev": [3.72765040398, 3.64491033554, 3.48947930336, 3.45228075981, 3.5062584877, 3.02247190475]
    }
},
"rhythm": {
    "beats_count": 338,
    "beats_loudness": {
        "mean": 0.0590181238949,
        "stdev": 0.0280971825123
    },
    "bpm": 101.483520508,
    "bpm_histogram_first_peak_bpm": 101,
    "bpm_histogram_first_peak_weight": 0.503067493439,
    "bpm_histogram_second_peak_bpm": 96,
    "bpm_histogram_second_peak_spread": 0.45454543829,
    "bpm_histogram_second_peak_weight": 0.0178041551262,
    "danceability": 1.22364449501,
    "onset_rate": 3.92869067192,
    "beats_loudness_band_ratio": {
        "mean": [0.643873989582, 0.147993043065, 0.0912728309631, 0.0558425076306, 0.0241324752569, 0.0289755966514],
        "stdev": [0.239567831159, 0.133228555322, 0.119936324656, 0.0872041061521, 0.0390764847398, 0.030195210129]
    },
    "beats_position": [0.557278871536, 1.1261677742, 1.70666658878, 2.28716540337, 2.86766433716, 3.47138309479, 4.08671188354, 4.69043064117, 5.31736946106, 5.92108821869, 6.52480697632, 7.12852573395, 7.74385452271, 8.35918331146, 8.97451210022, 9.6014509201, 10.22838974, 10.8437185287, 11.4474372864, 12.051156044, 12.6432647705, 13.235373497, 13.8390922546, 14.4428119659, 15.0465307236, 15.6502494812, 16.2539672852, 16.8576869965, 17.4497947693, 18.0419044495, 18.6456241608, 19.2493419647, 19.853061676, 20.45677948, 21.0604991913, 21.6642169952, 22.2563266754, 22.8484344482, 23.4521541595, 24.0558719635, 24.6595916748, 25.2633094788, 25.8670291901, 26.470746994, 27.0744667053, 27.6781845093, 28.2819042206, 28.8856239319, 29.4893417358, 30.0930614471, 30.6967792511, 31.2888889313, 31.8809967041, 32.4731063843, 33.0652160645, 33.6573219299, 34.2494316101, 34.8531494141, 35.4568710327, 36.0489807129, 36.6410865784, 37.2331962585, 37.8253059387, 38.4290237427, 39.0327415466, 39.6364631653, 40.2285690308, 40.8206787109, 41.4243965149, 42.0165061951, 42.6086158752, 43.2007255554, 43.7928352356, 44.3849411011, 44.9770507812, 45.5575485229, 46.1612701416, 46.7533760071, 47.3454856873, 47.9492073059, 48.5413131714, 49.1334228516, 49.7371406555, 50.3408622742, 50.9213600159, 51.513469696, 52.1055755615, 52.6976852417, 53.2897949219, 53.8935127258, 54.4740142822, 55.0777320862, 55.6582298279, 56.2619476318, 56.854057312, 57.4461669922, 58.0382766724, 58.6303825378, 59.2108840942, 59.8029937744, 60.3950996399, 60.9872093201, 61.5677070618, 62.1598167419, 62.7519264221, 63.3440361023, 63.924533844, 64.5166397095, 65.0971450806, 65.6892471313, 66.2697525024, 66.8618545532, 67.4539642334, 68.0460739136, 68.6381835938, 69.2302932739, 69.8224029541, 70.4029006958, 70.995010376, 71.5871200562, 72.1792297363, 72.7713394165, 73.3518371582, 73.9439468384, 74.5360565186, 75.1165542603, 75.7086639404, 76.3007659912, 76.8928756714, 77.4849853516, 78.0770950317, 78.6692047119, 79.2497024536, 79.8418121338, 80.433921814, 81.0144195557, 81.5949172974, 82.1754150391, 82.7675247192, 83.3596343994, 83.9401321411, 84.5206298828, 85.1243515015, 85.7164611816, 86.3085708618, 86.900680542, 87.4927902222, 88.0848999023, 88.6770019531, 89.2575073242, 89.849609375, 90.4417190552, 91.0454406738, 91.6259384155, 92.2180480957, 92.8101577759, 93.3906555176, 93.9711532593, 94.551651001, 95.1437606812, 95.7358703613, 96.316368103, 96.8968658447, 97.4773712158, 98.0578689575, 98.6383666992, 99.2188644409, 99.7993621826, 100.391471863, 100.983581543, 101.564079285, 102.144577026, 102.725074768, 103.305580139, 103.89768219, 104.48979187, 105.08190155, 105.67401123, 106.254508972, 106.846618652, 107.427116394, 108.019226074, 108.599723816, 109.191833496, 109.783943176, 110.376052856, 110.956550598, 111.53704834, 112.12915802, 112.732879639, 113.31337738, 113.905487061, 114.497596741, 115.10131073, 115.681808472, 116.262313843, 116.842811584, 117.423309326, 118.003807068, 118.607528687, 119.188026428, 119.780136108, 120.36063385, 120.95274353, 121.533241272, 122.136962891, 122.729064941, 123.321174622, 123.936508179, 124.528617859, 125.109115601, 125.71282959, 126.30493927, 126.89704895, 127.48915863, 128.081268311, 128.673370361, 129.265487671, 129.845977783, 130.426483154, 131.018585205, 131.610702515, 132.191192627, 132.783309937, 133.375411987, 133.967529297, 134.548019409, 135.140136719, 135.73223877, 136.324356079, 136.904846191, 137.496963501, 138.089065552, 138.681182861, 139.261672974, 139.853790283, 140.434280396, 141.026397705, 141.618499756, 142.210617065, 142.802719116, 143.406433105, 143.998550415, 144.590652466, 145.171157837, 145.763259888, 146.355377197, 146.93586731, 147.527984619, 148.12008667, 148.712203979, 149.30430603, 149.884811401, 150.476913452, 151.069015503, 151.649520874, 152.241622925, 152.833740234, 153.425842285, 154.017959595, 154.610061646, 155.202178955, 155.782669067, 156.363174438, 156.943664551, 157.547393799, 158.127883911, 158.720001221, 159.312103271, 159.892608643, 160.484710693, 161.076828003, 161.668930054, 162.261047363, 162.841537476, 163.433654785, 164.025756836, 164.617858887, 165.209976196, 165.790466309, 166.37097168, 166.974685669, 167.55519104, 168.135681152, 168.716186523, 169.308303833, 169.900405884, 170.480911255, 171.073013306, 171.665115356, 172.245620728, 172.837722778, 173.418228149, 174.0103302, 174.590835571, 175.182937622, 175.775054932, 176.367156982, 176.959274292, 177.539764404, 178.120269775, 178.700775146, 179.281265259, 179.86177063, 180.465484619, 181.04598999, 181.638092041, 182.230194092, 182.810699463, 183.391204834, 183.971694946, 184.552200317, 185.13269043, 185.713195801, 186.293685913, 186.885803223, 187.477905273, 188.058410645, 188.638900757, 189.219406128, 189.799911499, 190.39201355, 190.984130859, 191.57623291, 192.179946899, 192.783676147, 193.399002075, 194.014328003, 194.641265869, 195.268203735, 195.895141602, 196.498855591, 197.102584839, 197.752746582, 198.402893066, 199.05305481, 199.703216553, 200.353378296],
    "bpm_histogram": [0, 0, 0, 0, 0, 0, 0, 0, 0, 0, 0, 0, 0, 0, 0, 0, 0, 0, 0, 0, 0, 0, 0, 0, 0, 0, 0, 0, 0, 0, 0, 0, 0, 0, 0, 0, 0, 0, 0, 0, 0, 0, 0, 0, 0, 0, 0, 0, 0, 0, 0, 0, 0, 0, 0, 0, 0, 0, 0, 0, 0, 0, 0, 0, 0, 0, 0, 0, 0, 0, 0, 0, 0, 0, 0, 0, 0, 0, 0, 0, 0, 0, 0, 0, 0, 0, 0, 0, 0, 0, 0, 0, 0.0148367956281, 0, 0, 0, 0.0178041551262, 0, 0.0237388722599, 0.178041547537, 0, 0.480712175369, 0, 0.281899124384, 0, 0.00296735903248, 0, 0, 0, 0, 0, 0, 0, 0, 0, 0, 0, 0, 0, 0, 0, 0, 0, 0, 0, 0, 0, 0, 0, 0, 0, 0, 0, 0, 0, 0, 0, 0, 0, 0, 0, 0, 0, 0, 0, 0, 0, 0, 0, 0, 0, 0, 0, 0, 0, 0, 0, 0, 0, 0, 0, 0, 0, 0, 0, 0, 0, 0, 0, 0, 0, 0, 0, 0, 0, 0, 0, 0, 0, 0, 0, 0, 0, 0, 0, 0, 0, 0, 0, 0, 0, 0, 0, 0, 0, 0, 0, 0, 0, 0, 0, 0, 0, 0, 0, 0, 0, 0, 0, 0, 0, 0, 0, 0, 0, 0, 0, 0, 0, 0, 0, 0, 0, 0, 0, 0, 0, 0, 0, 0, 0, 0, 0, 0, 0, 0, 0, 0, 0, 0, 0, 0, 0, 0, 0, 0, 0, 0, 0, 0]
},
"tonal": {
    "chords_changes_rate": 0.0708843246102,
    "chords_number_rate": 0.00300161633641,
    "chords_strength": {
        "mean": 0.476509958506,
        "stdev": 0.266091316938
    },
    "hpcp_crest": {
        "mean": 13.6459140778,
        "stdev": 7.26374816895
    },
    "hpcp_entropy": {
        "mean": 1.84241223335,
        "stdev": 0.767569899559
    },
    "key_edma": {
        "strength": 0.539230167866,
        "key": "F",
        "scale": "major"
    },
    "key_krumhansl": {
        "strength": 0.546593368053,
        "key": "C",
        "scale": "major"
    },
    "key_temperley": {
        "strength": 0.555746734142,
        "key": "C",
        "scale": "major"
    },
    "tuning_diatonic_strength": 0.569733798504,
    "tuning_equal_tempered_deviation": 0.140723407269,
    "tuning_frequency": 434.946166992,
    "tuning_nontempered_energy_ratio": 0.8629373312,
    "hpcp": {
        "mean": [0.162261858582, 0.143373265862, 0.0849305316806, 0.0788408368826, 0.0683745965362, 0.0447002127767, 0.038281198591, 0.0435339435935, 0.0792697519064, 0.147003173828, 0.160307645798, 0.194970235229, 0.210247024894, 0.126231148839, 0.0987788885832, 0.148332178593, 0.139706805348, 0.0836945697665, 0.0638959258795, 0.0522977449, 0.0731219351292, 0.126143917441, 0.125264108181, 0.108708493412, 0.141266867518, 0.114351041615, 0.0563200600445, 0.0432018116117, 0.0364617519081, 0.0666048005223, 0.186222583055, 0.188525184989, 0.100713998079, 0.0916221812367, 0.0893872901797, 0.112677581608],
        "stdev": [0.275463283062, 0.256683409214, 0.181287795305, 0.185426324606, 0.175577059388, 0.148110404611, 0.129932492971, 0.141205847263, 0.184179723263, 0.258339524269, 0.257994830608, 0.314778745174, 0.337836205959, 0.243570923805, 0.210135653615, 0.263504385948, 0.247456550598, 0.203795775771, 0.181500673294, 0.155298098922, 0.188693851233, 0.252871006727, 0.247733980417, 0.208004817367, 0.264857172966, 0.228688061237, 0.166471093893, 0.141161724925, 0.123286962509, 0.153541594744, 0.303223818541, 0.302349239588, 0.218188539147, 0.219569250941, 0.218232989311, 0.227470263839]
    },
    "chords_histogram": [23.3664283752, 0.0692680701613, 3.20942044258, 0, 0.392519056797, 1.01593160629, 5.28746271133, 0.0692680701613, 0, 0, 0.253982901573, 0, 0.64650195837, 6.46501970291, 0.761948764324, 3.62502884865, 3.44031405449, 3.60193943977, 0, 6.02632188797, 3.5788500309, 10.944355011, 9.18956375122, 18.0558757782],
    "thpcp": [1, 0.600394487381, 0.469823002815, 0.705513834953, 0.664488852024, 0.398077309132, 0.303908824921, 0.248744279146, 0.347790569067, 0.599979579449, 0.595794916153, 0.517051279545, 0.671908974648, 0.543888986111, 0.267875671387, 0.20548120141, 0.173423394561, 0.316793084145, 0.885732293129, 0.896684169769, 0.479026973248, 0.435783475637, 0.425153642893, 0.535929501057, 0.771767675877, 0.681927680969, 0.403955936432, 0.374991446733, 0.325210779905, 0.212608069181, 0.182077243924, 0.207060933113, 0.377031505108, 0.699192643166, 0.762472867966, 0.927338838577],
    "chords_key": "C",
    "chords_scale": "major"
}
}