{
"metadata": {
    "version": {
        "essentia": "2.1-dev",
        "essentia_git_sha": "v2.1_beta3-415-gd5473f3",
        "extractor": "music 2.0"
    },
    "audio_properties": {
        "analysis": {
            "equal_loudness": 0,
            "length": 199.209793091,
            "sample_rate": 44100,
            "start_time": 0,
            "downmix": "mix"
        },
        "bit_rate": 192000,
        "length": 199.209793091,
        "lossless": 0,
        "number_channels": 2,
        "replay_gain": -9.17530059814,
        "sample_rate": 44100,
        "codec": "mp3",
        "md5_encoded": "20415aada15836d81a42b4969622d4f6"
    },
    "tags": {
        "file_name": "luna_park-space_melody.mp3",
        "album": ["Anual. El álbum dance del año. Progressive & Hard House. ( Cd. 3 )"],
        "artist": ["Varios"],
        "genre": ["Other"],
        "title": ["Space melody"]
    }
},
"lowlevel": {
    "average_loudness": 0.942086219788,
    "barkbands_crest": {
        "mean": 14.4439163208,
        "stdev": 6.01153707504
    },
    "barkbands_flatness_db": {
        "mean": 0.181392177939,
        "stdev": 0.1307310462
    },
    "barkbands_kurtosis": {
        "mean": 20.7853317261,
        "stdev": 50.9022903442
    },
    "barkbands_skewness": {
        "mean": 2.7646214962,
        "stdev": 2.89835119247
    },
    "barkbands_spread": {
        "mean": 22.128162384,
        "stdev": 18.5903396606
    },
    "dissonance": {
        "mean": 0.448799043894,
        "stdev": 0.0643249899149
    },
    "dynamic_complexity": 3.58668518066,
    "erbbands_crest": {
        "mean": 9.9553937912,
        "stdev": 6.86187696457
    },
    "erbbands_flatness_db": {
        "mean": 0.147939398885,
        "stdev": 0.11107775569
    },
    "erbbands_kurtosis": {
        "mean": 2.47175383568,
        "stdev": 11.7007236481
    },
    "erbbands_skewness": {
        "mean": 0.41251000762,
        "stdev": 1.3043487072
    },
    "erbbands_spread": {
        "mean": 53.5116424561,
        "stdev": 30.6613254547
    },
    "hfc": {
        "mean": 26.0615272522,
        "stdev": 23.7246208191
    },
    "loudness_ebu128": {
        "integrated": -12.6029939651,
        "loudness_range": 8.97507858276,
        "momentary": {
            "mean": -17.0445461273,
            "stdev": 27.3527374268
        },
        "short_term": {
            "mean": -14.3195667267,
            "stdev": 6.70486116409
        }
    },
    "melbands_crest": {
        "mean": 18.9204387665,
        "stdev": 6.35713481903
    },
    "melbands_flatness_db": {
        "mean": 0.267061948776,
        "stdev": 0.149083942175
    },
    "melbands_kurtosis": {
        "mean": 49.3689155579,
        "stdev": 81.7343673706
    },
    "melbands_skewness": {
        "mean": 4.4902806282,
        "stdev": 3.48333716393
    },
    "melbands_spread": {
        "mean": 18.1682491302,
        "stdev": 21.7094631195
    },
    "pitch_salience": {
        "mean": 0.448347806931,
        "stdev": 0.178187951446
    },
    "silence_rate_20dB": {
        "mean": 1,
        "stdev": 0
    },
    "silence_rate_30dB": {
        "mean": 0.811560451984,
        "stdev": 0.391076922417
    },
    "silence_rate_60dB": {
        "mean": 0.0780794769526,
        "stdev": 0.268305957317
    },
    "spectral_centroid": {
        "mean": 1278.16308594,
        "stdev": 1216.55334473
    },
    "spectral_complexity": {
        "mean": 16.1647834778,
        "stdev": 11.3388051987
    },
    "spectral_decrease": {
        "mean": -1.39347688943e-08,
        "stdev": 1.28460966309e-08
    },
    "spectral_energy": {
        "mean": 0.054956946522,
        "stdev": 0.0491791665554
    },
    "spectral_energyband_high": {
        "mean": 0.00179119163658,
        "stdev": 0.00226041767746
    },
    "spectral_energyband_low": {
        "mean": 0.0391709581017,
        "stdev": 0.0476597100496
    },
    "spectral_energyband_middle_high": {
        "mean": 0.00467437086627,
        "stdev": 0.00558884767815
    },
    "spectral_energyband_middle_low": {
        "mean": 0.0111664356664,
        "stdev": 0.0169245414436
    },
    "spectral_entropy": {
        "mean": 7.546043396,
        "stdev": 1.10244810581
    },
    "spectral_flux": {
        "mean": 0.120543800294,
        "stdev": 0.0822566300631
    },
    "spectral_kurtosis": {
        "mean": 16.1167602539,
        "stdev": 54.9791030884
    },
    "spectral_rms": {
        "mean": 0.00644708843902,
        "stdev": 0.00347154866904
    },
    "spectral_rolloff": {
        "mean": 1386.69567871,
        "stdev": 2584.67773438
    },
    "spectral_skewness": {
        "mean": 2.13365936279,
        "stdev": 2.61697769165
    },
    "spectral_spread": {
        "mean": 6440182.5,
        "stdev": 4303636
    },
    "spectral_strongpeak": {
        "mean": 0.783487856388,
        "stdev": 0.980015158653
    },
    "zerocrossingrate": {
        "mean": 0.0645198747516,
        "stdev": 0.0672119259834
    },
    "barkbands": {
        "mean": [0.00118876597844, 0.0278069768101, 0.00838713441044, 0.00343733537011, 0.00406511873007, 0.00138123054057, 0.00107283331454, 0.00038225876051, 0.000749101163819, 0.000999485491775, 0.00173801078927, 0.000360366946552, 0.000260364235146, 0.000284700567136, 0.000216768385144, 0.000237498912611, 0.000185806464287, 0.000141967175296, 0.000146121630678, 0.000225681753363, 0.000296697893646, 0.000286640657578, 0.000361281709047, 0.000330784765538, 0.000290535215754, 0.000113510766823, 9.85339283943e-06],
        "stdev": [0.00197981414385, 0.0401395075023, 0.0179157443345, 0.00825368240476, 0.00997670274228, 0.00174912903458, 0.00156610971317, 0.000636998564005, 0.00169379543513, 0.00254380516708, 0.00382104818709, 0.00120362115558, 0.000431224849308, 0.00060362793738, 0.000332948256982, 0.000431839551311, 0.000291537522571, 0.000179528826266, 0.0001874226582, 0.000292836019071, 0.00038837644388, 0.000366491294699, 0.00052148103714, 0.00046672206372, 0.000404673715821, 0.000193724728888, 1.96246437554e-05]
    },
    "erbbands": {
        "mean": [0.798941016197, 6.16255474091, 10.8512935638, 10.7968416214, 13.1237421036, 13.1675548553, 12.3932666779, 9.99586200714, 14.7779941559, 12.0345411301, 10.7838907242, 16.1199188232, 26.7297267914, 51.1573982239, 46.1065673828, 13.7377939224, 12.1697101593, 13.4234447479, 14.127579689, 12.3619117737, 11.9565496445, 10.2480106354, 7.81134080887, 7.46430492401, 8.69384002686, 10.766866684, 11.1667413712, 11.4585924149, 10.7421455383, 10.3511972427, 9.74243354797, 8.1922492981, 4.9882645607, 3.94734358788, 1.63223135471, 0.57073789835, 0.199626326561, 0.0396351329982, 0.000974653288722, 9.2522277555e-05],
        "stdev": [1.04402983189, 9.84399604797, 20.9370918274, 22.1122303009, 34.951789856, 31.798992157, 17.3970241547, 12.8300552368, 21.9598712921, 19.2933731079, 19.2379341125, 37.633518219, 60.4595489502, 109.383872986, 95.5157165527, 31.2950954437, 19.4966468811, 25.4004840851, 25.5031299591, 19.553560257, 19.813375473, 14.6110439301, 9.78034973145, 9.38661766052, 11.1227693558, 14.0374107361, 14.8896579742, 14.9876995087, 13.9659156799, 14.2085828781, 14.0463342667, 11.6310434341, 7.01024627686, 5.60154819489, 2.41435647011, 0.908421814442, 0.366005718708, 0.0762921497226, 0.00180661666673, 7.75946682552e-05]
    },
    "gfcc": {
        "mean": [-27.5622310638, 83.923614502, -78.5534591675, 31.7737560272, -54.4106674194, 28.5252590179, -31.008190155, 10.3218812943, -23.5110988617, 2.12818026543, -15.0872907639, 5.46350574493, -4.95155906677],
        "cov": [[34515.03125, -4661.25732422, -1471.43933105, 3554.06054688, -1515.04455566, 1338.47912598, -1049.56018066, 1245.10327148, -382.435943604, 1416.640625, -574.56427002, 315.180755615, -900.626464844], [-4661.25732422, 3125.70068359, 46.4860954285, -1077.55541992, 420.193481445, -395.584014893, 329.442993164, -419.521270752, 121.905815125, -587.068664551, 189.33706665, -183.753601074, 315.57421875], [-1471.43933105, 46.4860954285, 922.920715332, 32.1074905396, 105.985443115, 5.58875846863, 120.620918274, -7.49784088135, 28.5835208893, -4.26171350479, 19.1042747498, -0.405649662018, 19.5694580078], [3554.06054688, -1077.55541992, 32.1074905396, 1244.38598633, 118.557411194, 320.409301758, -45.7682037354, 290.325683594, 178.248672485, 366.495788574, -37.6037559509, -71.2233657837, -223.306777954], [-1515.04455566, 420.193481445, 105.985443115, 118.557411194, 568.942138672, 74.9258346558, 209.354782104, -11.8980846405, 155.568359375, -3.56357598305, 70.7578430176, -75.4890213013, -1.52498781681], [1338.47912598, -395.584014893, 5.58875846863, 320.409301758, 74.9258346558, 310.013305664, 100.50730896, 150.434036255, 20.6218967438, 99.015838623, -12.5449047089, 31.9163780212, -35.7310523987], [-1049.56018066, 329.442993164, 120.620918274, -45.7682037354, 209.354782104, 100.50730896, 324.475616455, 60.7744827271, 95.6037368774, -59.6761703491, 37.3657836914, -16.4399929047, 63.0689849854], [1245.10327148, -419.521270752, -7.49784088135, 290.325683594, -11.8980846405, 150.434036255, 60.7744827271, 235.777023315, 95.9845199585, 144.028839111, -14.250412941, 24.8787975311, -54.3965759277], [-382.435943604, 121.905815125, 28.5835208893, 178.248672485, 155.568359375, 20.6218967438, 95.6037368774, 95.9845199585, 204.742355347, 82.8808898926, 56.8224449158, -57.2308387756, -21.1557216644], [1416.640625, -587.068664551, -4.26171350479, 366.495788574, -3.56357598305, 99.015838623, -59.6761703491, 144.028839111, 82.8808898926, 255.937591553, 12.8297348022, 33.1680984497, -99.6019287109], [-574.56427002, 189.33706665, 19.1042747498, -37.6037559509, 70.7578430176, -12.5449047089, 37.3657836914, -14.250412941, 56.8224449158, 12.8297348022, 115.960731506, 36.0293884277, 42.0293540955], [315.180755615, -183.753601074, -0.405649662018, -71.2233657837, -75.4890213013, 31.9163780212, -16.4399929047, 24.8787975311, -57.2308387756, 33.1680984497, 36.0293884277, 134.750076294, 41.3168792725], [-900.626464844, 315.57421875, 19.5694580078, -223.306777954, -1.52498781681, -35.7310523987, 63.0689849854, -54.3965759277, -21.1557216644, -99.6019287109, 42.0293540955, 41.3168792725, 127.905212402]],
        "icov": [[0.000108261956484, -0.000231037978665, 0.000119474425446, -0.000314136676025, 0.000242152324063, -0.000190096019651, 0.000107771782496, -0.00034910289105, 0.000602516694926, -0.000461596035166, 0.000295196019579, -0.000258862768533, 0.000240611989284], [-0.000231037978665, 0.00173175439704, -0.00018494464166, 0.00114053150173, -0.000833872472867, 0.000602786138188, -0.00039118641871, 0.00137172534596, -0.00258701737039, 0.0027820863761, -0.00184552941937, 0.00165075471159, -0.00113349198364], [0.000119474425446, -0.00018494464166, 0.00131839746609, -0.000510950572789, 0.000195075117517, 0.000157734320965, -0.000611419382039, -2.6839754355e-05, 0.000787480792496, -0.000662279548123, 0.000364859617548, -0.000450906925835, 0.000180542323506], [-0.000314136676025, 0.00114053150173, -0.000510950572789, 0.0034367737826, -0.0010614952771, -0.00119734392501, 0.000640387355816, 0.000454512628494, -0.00259479973465, 0.000205033531529, -0.00149440870155, 0.00309519353323, -0.000195471409825], [0.000242152324063, -0.000833872472867, 0.000195075117517, -0.0010614952771, 0.00412959465757, -0.00163899583276, -0.00158855679911, 0.0020241420716, -0.000980739365332, -0.00129184836987, 0.000406781997299, -0.000991255627014, 0.00213322346099], [-0.000190096019651, 0.000602786138188, 0.000157734320965, -0.00119734392501, -0.00163899583276, 0.00847821962088, -0.00309414789081, -0.00332279503345, 0.0039694942534, 0.000250687939115, -0.00145772704855, 0.000343989115208, -0.00125919340644], [0.000107771782496, -0.00039118641871, -0.000611419382039, 0.000640387355816, -0.00158855679911, -0.00309414789081, 0.00813094619662, -0.0032854473684, -0.00211949669756, 0.00234617688693, 0.000629562477116, -1.57239574037e-05, -0.00207962607965], [-0.00034910289105, 0.00137172534596, -2.6839754355e-05, 0.000454512628494, 0.0020241420716, -0.00332279503345, -0.0032854473684, 0.0173899251968, -0.0131431370974, 0.000668644090183, 0.00556141417474, -0.00651538930833, 0.00169069878757], [0.000602516694926, -0.00258701737039, 0.000787480792496, -0.00259479973465, -0.000980739365332, 0.0039694942534, -0.00211949669756, -0.0131431370974, 0.0268594957888, -0.0109475310892, -0.00825541839004, 0.0114622227848, -0.0025449602399], [-0.000461596035166, 0.0027820863761, -0.000662279548123, 0.000205033531529, -0.00129184836987, 0.000250687939115, 0.00234617688693, 0.000668644090183, -0.0109475310892, 0.0193814802915, -0.00359460618347, -0.00590822007507, 0.00589867960662], [0.000295196019579, -0.00184552941937, 0.000364859617548, -0.00149440870155, 0.000406781997299, -0.00145772704855, 0.000629562477116, 0.00556141417474, -0.00825541839004, -0.00359460618347, 0.0214700717479, -0.0122289638966, -0.00164987973403], [-0.000258862768533, 0.00165075471159, -0.000450906925835, 0.00309519353323, -0.000991255627014, 0.000343989115208, -1.57239574037e-05, -0.00651538930833, 0.0114622227848, -0.00590822007507, -0.0122289638966, 0.0251035261899, -0.00989731866866], [0.000240611989284, -0.00113349198364, 0.000180542323506, -0.000195471409825, 0.00213322346099, -0.00125919340644, -0.00207962607965, 0.00169069878757, -0.0025449602399, 0.00589867960662, -0.00164987973403, -0.00989731866866, 0.0212701037526]]
    },
    "melbands": {
        "mean": [0.00758137134835, 0.00671677617356, 0.00197367649525, 0.00098985247314, 0.000452837179182, 0.00024384119024, 0.000216815184103, 0.000115800707135, 9.95235895971e-05, 9.71385015873e-05, 0.000138907475048, 0.000206058190088, 0.000206363562029, 4.54726687167e-05, 2.87929615297e-05, 2.60331526079e-05, 2.48038795689e-05, 2.42986316152e-05, 1.53790861077e-05, 1.84323052963e-05, 1.303861427e-05, 1.17251738629e-05, 6.80734956404e-06, 7.16146132618e-06, 5.81633048569e-06, 5.76097454541e-06, 7.73109240981e-06, 6.70279450787e-06, 6.83988128003e-06, 6.90022397976e-06, 6.27974895906e-06, 6.41619908492e-06, 5.07141794515e-06, 6.18033209321e-06, 5.33837055627e-06, 6.00790190219e-06, 4.49499611932e-06, 3.54409507963e-06, 3.24410962094e-06, 3.30543252858e-06],
        "stdev": [0.010316840373, 0.0108746355399, 0.00379312690347, 0.00256112427451, 0.000688365194947, 0.000299522682326, 0.000315805053106, 0.00018575238937, 0.000196787281311, 0.000226602162002, 0.000339353340678, 0.000425055419328, 0.00045947212493, 0.000163338743732, 5.21434376424e-05, 4.43561730208e-05, 5.00224778079e-05, 4.81662318634e-05, 2.31665126194e-05, 3.595491944e-05, 2.23066781473e-05, 1.83251031558e-05, 9.08604488359e-06, 9.48313390836e-06, 7.62260833653e-06, 7.52655569158e-06, 1.02704716483e-05, 9.29523957893e-06, 9.62674039329e-06, 9.3998896773e-06, 8.34621005197e-06, 8.77694310475e-06, 6.70669851388e-06, 9.26003394852e-06, 7.95855248725e-06, 8.94542972674e-06, 6.37050925434e-06, 5.04975741933e-06, 4.48240371043e-06, 4.80947301185e-06]
    },
    "melbands128": {
        "mean": [0.00104469328653, 0.005766693037, 0.0110027296469, 0.00991817377508, 0.00654575088993, 0.00365769397467, 0.00218496378511, 0.0015952072572, 0.00130218709819, 0.00114011461847, 0.000718383234926, 0.000480365939438, 0.000415742921177, 0.000438553950517, 0.000192820487428, 0.00015710266598, 0.000284830719465, 0.000214575557038, 0.000161184114404, 0.000147909129737, 7.85242009442e-05, 6.48490167805e-05, 9.41839680308e-05, 0.000149214203702, 0.000113145266369, 7.31750187697e-05, 7.55973524065e-05, 9.32638577069e-05, 0.000299724342767, 9.01810271898e-05, 0.000225837880862, 0.000315548095386, 0.000261556037003, 7.15650603524e-05, 6.71940579196e-05, 3.06485308101e-05, 2.50479533861e-05, 3.57464450644e-05, 2.26333249884e-05, 2.79391279037e-05, 2.24099931074e-05, 3.14960816468e-05, 2.2392388928e-05, 1.98210273084e-05, 3.38897225447e-05, 2.28284425248e-05, 1.84310265468e-05, 1.55695979629e-05, 1.32726872835e-05, 1.56322876137e-05, 2.46844483627e-05, 1.34024166982e-05, 1.26814147734e-05, 1.14676486191e-05, 1.63018448802e-05, 1.20045260701e-05, 8.14138638816e-06, 7.04379044691e-06, 6.13339625488e-06, 6.68162192596e-06, 8.34781621961e-06, 6.51556683806e-06, 5.13807935931e-06, 5.5187115322e-06, 7.26067446521e-06, 5.12009546583e-06, 5.21039328305e-06, 6.85367513142e-06, 8.66723348736e-06, 8.7509442892e-06, 6.34468187855e-06, 6.51480740999e-06, 4.61947865915e-06, 9.1886959126e-06, 6.03785565545e-06, 5.85829639022e-06, 8.28644806461e-06, 7.0023374974e-06, 6.04086244493e-06, 4.96512939208e-06, 7.62610716265e-06, 6.10765937381e-06, 5.40275914318e-06, 4.87414672534e-06, 5.21880656379e-06, 5.38959011465e-06, 7.80656864663e-06, 4.85964119434e-06, 5.35673370905e-06, 5.07381082571e-06, 6.42119039185e-06, 5.75650165047e-06, 6.17952946413e-06, 4.35604351878e-06, 3.69696090274e-06, 3.79826406061e-06, 3.63528329217e-06, 3.00949250231e-06, 2.81555867332e-06, 3.38903419106e-06, 4.46180956715e-06, 3.10053928843e-06, 2.47454909186e-06, 1.84632801847e-06, 1.82034784757e-06, 1.65001858932e-06, 1.51781796376e-06, 9.68711788119e-07, 8.45331612709e-07, 8.23149093776e-07, 8.61714681832e-07, 8.88449960712e-07, 5.91434741182e-07, 3.69378938103e-07, 4.62124745582e-07, 4.40175057292e-07, 3.85748961662e-07, 5.4919521375e-08, 9.57027859738e-12, 8.07060841768e-12, 7.8048591895e-12, 7.59819290819e-12, 7.41047154196e-12, 7.26871384263e-12, 7.14570676935e-12, 7.06092606259e-12, 6.99728859924e-12, 6.94704016535e-12],
        "stdev": [0.00180360721424, 0.00757026160136, 0.0172407049686, 0.0176548138261, 0.0132440896705, 0.00796745624393, 0.00511073833331, 0.00405979016796, 0.00401165289804, 0.00331218237989, 0.00205790949985, 0.000931151851546, 0.000635654490907, 0.000644729472697, 0.000310969102429, 0.000303579610772, 0.000488439050969, 0.000356496602762, 0.000360029109288, 0.000286250171484, 0.00014709905372, 0.000141338634421, 0.000228415243328, 0.000382438622182, 0.000395530107198, 0.00019988391432, 0.000330841518007, 0.000222408416448, 0.000921047001611, 0.000199262343813, 0.000807235832326, 0.000766211596783, 0.000782909395639, 0.000163316275575, 0.000386797386454, 0.00011571298819, 6.30820723018e-05, 7.37989830668e-05, 4.05748287449e-05, 5.50062213733e-05, 4.57319001725e-05, 6.33872550679e-05, 4.84167976538e-05, 5.43433707207e-05, 7.86411983427e-05, 4.83569165226e-05, 4.0707498556e-05, 2.97443657473e-05, 2.30202131206e-05, 3.13081764034e-05, 6.5147098212e-05, 2.54717433563e-05, 2.56190432992e-05, 2.22810722335e-05, 4.38810893684e-05, 1.91754152183e-05, 1.19168789752e-05, 1.20136783153e-05, 9.57976408245e-06, 1.03818229036e-05, 1.28177480292e-05, 1.00207016658e-05, 8.23278151074e-06, 8.34190450405e-06, 1.11170747914e-05, 7.56045847083e-06, 9.11637198442e-06, 1.11167182695e-05, 1.23738136608e-05, 1.26536479002e-05, 9.22077379073e-06, 1.30336165967e-05, 8.10594156064e-06, 1.60508625413e-05, 8.70307394507e-06, 8.98078360478e-06, 1.34234960569e-05, 1.00261077023e-05, 9.30307123781e-06, 7.23716993889e-06, 1.22439050756e-05, 9.055933333e-06, 7.74333875597e-06, 6.85642589815e-06, 7.59546901463e-06, 7.89822661318e-06, 1.45905869431e-05, 7.89749901742e-06, 9.08547008294e-06, 7.80345453677e-06, 9.88934516499e-06, 9.11007009563e-06, 1.02148223959e-05, 6.62946013108e-06, 5.2742079788e-06, 5.60012858841e-06, 5.90277022638e-06, 4.78561833006e-06, 4.21369395553e-06, 4.77587082059e-06, 7.80142090662e-06, 4.6823329285e-06, 3.722730753e-06, 2.90644447887e-06, 3.17354761137e-06, 2.59903458755e-06, 2.6354862257e-06, 1.50415382905e-06, 1.49473805777e-06, 1.45814078678e-06, 1.8203190848e-06, 1.98669613383e-06, 1.12540658392e-06, 6.62877596369e-07, 9.6431961083e-07, 9.21360026496e-07, 7.91872082573e-07, 1.36101647286e-07, 1.52457456382e-11, 1.33613667005e-11, 1.29870645488e-11, 1.26744812562e-11, 1.24054074305e-11, 1.21819403523e-11, 1.19915900126e-11, 1.18474691863e-11, 1.17415591139e-11, 1.16731155991e-11]
    },
    "mfcc": {
        "mean": [-668.658203125, 109.444030762, 34.6963653564, 17.0293426514, 9.15284061432, 14.0829639435, 7.67931699753, 8.60180282593, 4.29167842865, 1.15662491322, -5.04568481445, -1.49043560028, 0.937023878098],
        "cov": [[19908.5117188, -3067.90625, -530.491333008, 1001.02142334, 365.134521484, 408.190765381, -121.170562744, -127.210456848, 233.463485718, 661.73449707, 670.214477539, 694.82623291, 337.492858887], [-3067.90625, 2439.63354492, 22.4849777222, -202.543014526, -9.56273937225, -40.1303482056, 55.7152137756, 102.691574097, -42.5367660522, -161.86100769, -181.89074707, -192.858840942, -100.281028748], [-530.491333008, 22.4849777222, 703.768676758, 98.789276123, -66.1046905518, -5.23799324036, 31.5243587494, 37.8635482788, 16.207572937, -29.96434021, -32.3491210938, -46.6685523987, 0.0306436680257], [1001.02142334, -202.543014526, 98.789276123, 385.674346924, 199.717437744, 131.707275391, 29.782333374, 19.0102844238, 71.5736312866, 136.731445312, 160.72052002, 117.235473633, 40.6831665039], [365.134521484, -9.56273937225, -66.1046905518, 199.717437744, 325.79788208, 179.281021118, 62.7147293091, 25.6731510162, 53.747013092, 116.877006531, 128.703109741, 115.752258301, 35.8400878906], [408.190765381, -40.1303482056, -5.23799324036, 131.707275391, 179.281021118, 226.098358154, 122.638290405, 61.2339324951, 73.5474395752, 72.0437011719, 81.1035385132, 71.868888855, 51.0448989868], [-121.170562744, 55.7152137756, 31.5243587494, 29.782333374, 62.7147293091, 122.638290405, 160.126937866, 110.86567688, 76.5648498535, 22.5101451874, 8.83543777466, 11.42902565, 37.6022758484], [-127.210456848, 102.691574097, 37.8635482788, 19.0102844238, 25.6731510162, 61.2339324951, 110.86567688, 153.943847656, 93.1203384399, 39.9740562439, 15.0615158081, 6.25911617279, 24.4258823395], [233.463485718, -42.5367660522, 16.207572937, 71.5736312866, 53.747013092, 73.5474395752, 76.5648498535, 93.1203384399, 143.111862183, 104.119628906, 79.4758987427, 42.3831672668, 23.7710456848], [661.73449707, -161.86100769, -29.96434021, 136.731445312, 116.877006531, 72.0437011719, 22.5101451874, 39.9740562439, 104.119628906, 186.043334961, 157.802536011, 109.175720215, 30.1772918701], [670.214477539, -181.89074707, -32.3491210938, 160.72052002, 128.703109741, 81.1035385132, 8.83543777466, 15.0615158081, 79.4758987427, 157.802536011, 200.444747925, 135.131347656, 44.5058288574], [694.82623291, -192.858840942, -46.6685523987, 117.235473633, 115.752258301, 71.868888855, 11.42902565, 6.25911617279, 42.3831672668, 109.175720215, 135.131347656, 147.547149658, 73.1521911621], [337.492858887, -100.281028748, 0.0306436680257, 40.6831665039, 35.8400878906, 51.0448989868, 37.6022758484, 24.4258823395, 23.7710456848, 30.1772918701, 44.5058288574, 73.1521911621, 101.081993103]],
        "icov": [[8.0964564404e-05, 6.38912242721e-05, 8.11990321381e-05, -0.00018850962806, 0.000189519851119, -0.000218070636038, 0.000205086791539, -2.99547264149e-05, 1.00223496702e-05, -0.000176124827703, 0.000200269103516, -0.000216130167246, -3.87635664083e-05], [6.38912242721e-05, 0.000571702315938, 4.33438981418e-05, 9.00112718227e-05, -0.000343555730069, -4.94184241688e-05, 0.000301153631881, -0.000675858464092, 0.000178861446329, 0.00020796674653, -8.94863769645e-05, 0.000531281577423, 6.64357430651e-05], [8.11990321381e-05, 4.33438981418e-05, 0.00182719621807, -0.00133631553035, 0.000919276033528, -0.000120225005958, -0.00011358926713, -0.00026758495369, -1.17452509585e-05, 7.53970452934e-05, 0.000262389716227, 0.000578713603318, -0.000403226469643], [-0.00018850962806, 9.00112718227e-05, -0.00133631553035, 0.00597122497857, -0.00266335415654, -0.000597095990088, 0.000756579684094, -0.000142619581311, -0.000200900874916, 7.95916857896e-05, -0.00288556935266, 0.00078868411947, 3.79115663236e-05], [0.000189519851119, -0.000343555730069, 0.000919276033528, -0.00266335415654, 0.00915075000376, -0.00589109677821, 0.000540624780115, -7.20746975276e-05, 0.0020849169232, -0.00259985239245, 0.00175752514042, -0.00491186743602, 0.0027114613913], [-0.000218070636038, -4.94184241688e-05, -0.000120225005958, -0.000597095990088, -0.00589109677821, 0.0159497950226, -0.0117391869426, 0.00405766395852, -0.00178439344745, 0.00204581161961, -0.0027063486632, 0.00123650406022, -0.00155416387133], [0.000205086791539, 0.000301153631881, -0.00011358926713, 0.000756579684094, 0.000540624780115, -0.0117391869426, 0.0249568521976, -0.0118595156819, -0.00317473802716, 0.00186722213402, 0.00287644960918, 0.00119301816449, -0.0033128473442], [-2.99547264149e-05, -0.000675858464092, -0.00026758495369, -0.000142619581311, -7.20746975276e-05, 0.00405766395852, -0.0118595156819, 0.0190488304943, -0.00795912183821, -0.00104325730354, 0.00147572043352, -0.000349584588548, -0.000941427890211], [1.00223496702e-05, 0.000178861446329, -1.17452509585e-05, -0.000200900874916, 0.0020849169232, -0.00178439344745, -0.00317473802716, -0.00795912183821, 0.0226179137826, -0.0113126812503, -0.00293833622709, 0.00516959279776, -0.000898134545423], [-0.000176124827703, 0.00020796674653, 7.53970452934e-05, 7.95916857896e-05, -0.00259985239245, 0.00204581161961, 0.00186722213402, -0.00104325730354, -0.0113126812503, 0.0251426920295, -0.0112496316433, -0.00499602779746, 0.00393143668771], [0.000200269103516, -8.94863769645e-05, 0.000262389716227, -0.00288556935266, 0.00175752514042, -0.0027063486632, 0.00287644960918, 0.00147572043352, -0.00293833622709, -0.0112496316433, 0.0258584637195, -0.0152358459309, 0.0034109482076], [-0.000216130167246, 0.000531281577423, 0.000578713603318, 0.00078868411947, -0.00491186743602, 0.00123650406022, 0.00119301816449, -0.000349584588548, 0.00516959279776, -0.00499602779746, -0.0152358459309, 0.0360030718148, -0.0173821300268], [-3.87635664083e-05, 6.64357430651e-05, -0.000403226469643, 3.79115663236e-05, 0.0027114613913, -0.00155416387133, -0.0033128473442, -0.000941427890211, -0.000898134545423, 0.00393143668771, 0.0034109482076, -0.0173821300268, 0.0214714501053]]
    },
    "spectral_contrast_coeffs": {
        "mean": [-0.711273312569, -0.790020942688, -0.757149398327, -0.830996155739, -0.823442697525, -0.799984276295],
        "stdev": [0.104884393513, 0.0705904439092, 0.0991468429565, 0.0403221398592, 0.034677926451, 0.0412273667753]
    },
    "spectral_contrast_valleys": {
        "mean": [-6.73380184174, -7.21313810349, -7.85369110107, -8.14356994629, -8.25919914246, -10.1279296875],
        "stdev": [2.45688128471, 2.42561531067, 2.33121967316, 2.43833947182, 2.68508768082, 2.68275094032]
    }
},
"rhythm": {
    "beats_count": 468,
    "beats_loudness": {
        "mean": 0.0452432110906,
        "stdev": 0.025878675282
    },
    "bpm": 142.034973145,
    "bpm_histogram_first_peak_bpm": 144,
    "bpm_histogram_first_peak_weight": 0.391705095768,
    "bpm_histogram_second_peak_bpm": 136,
    "bpm_histogram_second_peak_spread": 0.433333337307,
    "bpm_histogram_second_peak_weight": 0.0364025682211,
    "danceability": 1.28376400471,
    "onset_rate": 5.707051754,
    "beats_loudness_band_ratio": {
        "mean": [0.551495373249, 0.157592371106, 0.0760408490896, 0.13606198132, 0.023581136018, 0.0801209285855],
        "stdev": [0.268782526255, 0.182854503393, 0.108128651977, 0.192841634154, 0.0258627962321, 0.0817281901836]
    },
    "beats_position": [0.441179126501, 0.893968224525, 1.34675729275, 1.79954648018, 2.22911548615, 2.6470746994, 3.07664394379, 3.50621318817, 3.92417216301, 4.34213161469, 4.76009082794, 5.18965959549, 5.61922883987, 6.03718805313, 6.45514726639, 6.87310647964, 7.2910656929, 7.72063493729, 8.15020370483, 8.56816291809, 8.98612213135, 9.4040813446, 9.83365058899, 10.2632198334, 10.6811790466, 11.0991382599, 11.5170974731, 11.9466667175, 12.3762359619, 12.7941951752, 13.2121543884, 13.6301136017, 14.0596818924, 14.4892511368, 14.90721035, 15.3251695633, 15.7431287766, 16.1726989746, 16.602268219, 17.0202255249, 17.4381847382, 17.8561439514, 18.2857131958, 18.7152824402, 19.1332416534, 19.5512008667, 19.96916008, 20.3987293243, 20.8282985687, 21.246257782, 21.6642169952, 22.0821762085, 22.5117454529, 22.9413146973, 23.3592739105, 23.7772331238, 24.195192337, 24.6247615814, 25.0543308258, 25.4722900391, 25.8902492523, 26.3082084656, 26.73777771, 27.1673469543, 27.5853061676, 28.0032653809, 28.4212245941, 28.8507938385, 29.2803630829, 29.6983222961, 30.1162815094, 30.5342407227, 30.9521980286, 31.3933773041, 31.8113365173, 32.2292976379, 32.6472549438, 33.0768241882, 33.5063934326, 33.9243545532, 34.3423118591, 34.7602729797, 35.2014503479, 35.6542396545, 36.1070289612, 36.5598182678, 37.0126075745, 37.4653968811, 37.9065742493, 38.3361434937, 38.7541046143, 39.1836738586, 39.613243103, 40.0312004089, 40.4491615295, 40.8671188354, 41.2966880798, 41.7262573242, 42.1442184448, 42.5621757507, 42.9801368713, 43.3980941772, 43.8276634216, 44.257232666, 44.6751937866, 45.1047592163, 45.5343284607, 45.9522895813, 46.3702468872, 46.7882080078, 47.2061653137, 47.6241264343, 48.0536956787, 48.4832649231, 48.901222229, 49.3191833496, 49.7371406555, 50.1667098999, 50.5962791443, 51.0142402649, 51.4438095093, 51.8617668152, 52.2913360596, 52.7092971802, 53.1272544861, 53.5452156067, 53.9631729126, 54.392742157, 54.8223114014, 55.240272522, 55.6698417664, 56.0877990723, 56.5173683167, 56.9353294373, 57.3648986816, 57.794467926, 58.2124252319, 58.6303825378, 59.0483436584, 59.4663009644, 59.8958702087, 60.3254394531, 60.7434005737, 61.1613578796, 61.5793190002, 62.0088882446, 62.438457489, 62.8564147949, 63.2743759155, 63.7039451599, 64.1335144043, 64.5514755249, 64.9694290161, 65.3873901367, 65.8169631958, 66.2465286255, 66.6644897461, 67.0824508667, 67.5120162964, 67.9415893555, 68.3595428467, 68.7775039673, 69.1954650879, 69.6250305176, 70.0546035767, 70.4725646973, 70.8905181885, 71.3200912476, 71.7496566772, 72.1676177979, 72.5855789185, 73.0035324097, 73.4214935303, 73.8510665894, 74.280632019, 74.6985931396, 75.1165542603, 75.5461196899, 75.975692749, 76.4052581787, 76.8464355469, 77.2876205444, 77.7287979126, 78.1699752808, 78.6227645874, 79.075553894, 79.5283432007, 79.9695205688, 80.3874816895, 80.8170471191, 81.2466201782, 81.6645812988, 82.08253479, 82.5121078491, 82.9416732788, 83.3596343994, 83.77759552, 84.1955566406, 84.6251220703, 85.0546951294, 85.4726486206, 85.8906097412, 86.3085708618, 86.7381362915, 87.1677093506, 87.5856704712, 88.0036239624, 88.4331970215, 88.8627624512, 89.2807235718, 89.6986846924, 90.116645813, 90.5345993042, 90.9641723633, 91.393737793, 91.8116989136, 92.2296600342, 92.6476211548, 93.065574646, 93.4951477051, 93.9247131348, 94.3426742554, 94.760635376, 95.1902008057, 95.6197738647, 96.037727356, 96.4556884766, 96.8736495972, 97.3032150269, 97.7327880859, 98.1507492065, 98.5687026978, 98.9866638184, 99.404624939, 99.8341903687, 100.263763428, 100.681724548, 101.09967804, 101.529251099, 101.958816528, 102.376777649, 102.79473877, 103.21269989, 103.630653381, 104.06022644, 104.48979187, 104.907752991, 105.325714111, 105.755279541, 106.173240662, 106.602806091, 107.020767212, 107.438728333, 107.868293762, 108.286254883, 108.715827942, 109.133781433, 109.551742554, 109.969703674, 110.399269104, 110.828842163, 111.246803284, 111.664756775, 112.094329834, 112.523895264, 112.941856384, 113.359817505, 113.777778625, 114.195732117, 114.625305176, 115.054870605, 115.472831726, 115.890792847, 116.308753967, 116.726707458, 117.156280518, 117.585845947, 118.003807068, 118.421768188, 118.851333618, 119.280906677, 119.698867798, 120.116821289, 120.53478241, 120.95274353, 121.370697021, 121.788658142, 122.206619263, 122.636184692, 123.065757751, 123.483718872, 123.913284302, 124.342857361, 124.760810852, 125.178771973, 125.596733093, 126.014694214, 126.444259644, 126.873832703, 127.291786194, 127.721359253, 128.150924683, 128.568893433, 128.986846924, 129.416412354, 129.845977783, 130.263946533, 130.681900024, 131.099868774, 131.529434204, 131.958999634, 132.376953125, 132.794921875, 133.212875366, 133.630844116, 134.060409546, 134.489974976, 134.907928467, 135.325897217, 135.743850708, 136.173416138, 136.602996826, 137.020950317, 137.438903809, 137.856872559, 138.286437988, 138.716003418, 139.133972168, 139.551925659, 139.96987915, 140.399459839, 140.829025269, 141.24697876, 141.66494751, 142.082901001, 142.512466431, 142.94203186, 143.36000061, 143.777954102, 144.195922852, 144.613876343, 145.043441772, 145.473007202, 145.890975952, 146.308929443, 146.726898193, 147.156463623, 147.586029053, 148.003982544, 148.421951294, 148.839904785, 149.257858276, 149.687438965, 150.117004395, 150.534957886, 150.952926636, 151.382492065, 151.812057495, 152.230026245, 152.647979736, 153.065933228, 153.495513916, 153.925079346, 154.343032837, 154.761001587, 155.190567017, 155.608520508, 156.038085938, 156.456054688, 156.874008179, 157.303573608, 157.733154297, 158.151107788, 158.569061279, 158.987030029, 159.416595459, 159.846160889, 160.264129639, 160.68208313, 161.100036621, 161.518005371, 161.947570801, 162.37713623, 162.79510498, 163.213058472, 163.631011963, 164.060592651, 164.490158081, 164.908111572, 165.326080322, 165.744033813, 166.173599243, 166.603164673, 167.021133423, 167.439086914, 167.868652344, 168.298233032, 168.716186523, 169.134140015, 169.552108765, 169.970062256, 170.399627686, 170.829208374, 171.247161865, 171.665115356, 172.083084106, 172.512649536, 172.942214966, 173.360183716, 173.778137207, 174.196090698, 174.625671387, 175.055236816, 175.473190308, 175.891159058, 176.309112549, 176.738677979, 177.168243408, 177.586212158, 178.004165649, 178.422134399, 178.863311768, 179.281265259, 179.69921875, 180.1171875, 180.535140991, 180.976318359, 181.394287109, 181.812240601, 182.230194092, 182.648162842, 183.077728271, 183.507293701, 183.925262451, 184.343215942, 184.761169434, 185.190750122, 185.620315552, 186.038269043, 186.456237793, 186.874191284, 187.303756714, 187.721725464, 188.151290894, 188.569244385, 188.987213135, 189.416778564, 189.834732056, 190.264297485, 190.682266235, 191.100219727, 191.518188477, 191.936141968, 192.354095459, 192.772064209, 193.201629639, 193.642807007, 194.083984375, 194.525161743, 194.966339111, 195.407531738, 195.848709106, 196.301498413, 196.75428772, 197.195465088, 197.69468689, 198.19392395, 198.693145752],
    "bpm_histogram": [0, 0, 0, 0, 0, 0, 0, 0, 0, 0, 0, 0, 0, 0, 0, 0, 0, 0, 0, 0, 0, 0, 0, 0, 0, 0, 0, 0, 0, 0, 0, 0, 0, 0, 0, 0, 0, 0, 0, 0, 0, 0, 0, 0, 0, 0, 0, 0, 0, 0, 0, 0, 0, 0, 0, 0, 0, 0, 0, 0, 0, 0, 0, 0, 0, 0, 0, 0, 0, 0, 0, 0, 0, 0, 0, 0, 0, 0, 0, 0, 0, 0, 0, 0, 0, 0, 0, 0, 0, 0, 0, 0, 0, 0, 0, 0, 0, 0, 0, 0, 0, 0, 0, 0, 0, 0, 0, 0, 0, 0, 0, 0, 0, 0, 0, 0, 0, 0, 0, 0, 0.0064239827916, 0, 0, 0, 0, 0, 0, 0, 0, 0, 0, 0, 0, 0.0278372596949, 0, 0, 0.0364025682211, 0, 0, 0, 0.364025682211, 0, 0, 0, 0.56531047821, 0, 0, 0, 0, 0, 0, 0, 0, 0, 0, 0, 0, 0, 0, 0, 0, 0, 0, 0, 0, 0, 0, 0, 0, 0, 0, 0, 0, 0, 0, 0, 0, 0, 0, 0, 0, 0, 0, 0, 0, 0, 0, 0, 0, 0, 0, 0, 0, 0, 0, 0, 0, 0, 0, 0, 0, 0, 0, 0, 0, 0, 0, 0, 0, 0, 0, 0, 0, 0, 0, 0, 0, 0, 0, 0, 0, 0, 0, 0, 0, 0, 0, 0, 0, 0, 0, 0, 0, 0, 0, 0, 0, 0, 0, 0, 0, 0, 0, 0, 0, 0, 0, 0, 0, 0]
},
"tonal": {
    "chords_changes_rate": 0.0461430884898,
    "chords_number_rate": 0.00209741317667,
    "chords_strength": {
        "mean": 0.568948984146,
        "stdev": 0.156012520194
    },
    "hpcp_crest": {
        "mean": 12.8107757568,
        "stdev": 6.19969177246
    },
    "hpcp_entropy": {
        "mean": 2.07526350021,
        "stdev": 0.833047270775
    },
    "key_edma": {
        "strength": 0.696082293987,
        "key": "G#",
        "scale": "minor"
    },
    "key_krumhansl": {
        "strength": 0.70913875103,
        "key": "G#",
        "scale": "minor"
    },
    "key_temperley": {
        "strength": 0.70975112915,
        "key": "G#",
        "scale": "minor"
    },
    "tuning_diatonic_strength": 0.45802795887,
    "tuning_equal_tempered_deviation": 0.205410301685,
    "tuning_frequency": 434.193115234,
    "tuning_nontempered_energy_ratio": 0.934923112392,
    "hpcp": {
        "mean": [0.115778632462, 0.0961012095213, 0.100175693631, 0.163785755634, 0.169465988874, 0.102497547865, 0.138317212462, 0.15644711256, 0.110329188406, 0.112198084593, 0.10077919066, 0.0748054161668, 0.0878493785858, 0.0933610498905, 0.0708574727178, 0.0618382059038, 0.0683037415147, 0.0813079625368, 0.146898970008, 0.162693798542, 0.0969062149525, 0.0952671095729, 0.106532819569, 0.0875895544887, 0.0768074765801, 0.0704204663634, 0.0651615709066, 0.0751007199287, 0.075010240078, 0.0649243593216, 0.0701880529523, 0.0754367038608, 0.102308601141, 0.235852256417, 0.273621201515, 0.165665000677],
        "stdev": [0.249004244804, 0.227702796459, 0.236203745008, 0.285646528006, 0.295318812132, 0.206225678325, 0.256638109684, 0.29002609849, 0.215895697474, 0.227602437139, 0.212427780032, 0.192315801978, 0.202459529042, 0.220342293382, 0.173170819879, 0.168190971017, 0.17220813036, 0.181373804808, 0.240839511156, 0.266464173794, 0.182270631194, 0.201832324266, 0.227123841643, 0.20004658401, 0.191387727857, 0.187376663089, 0.174373105168, 0.175051987171, 0.178076058626, 0.165544897318, 0.177482798696, 0.171788990498, 0.201700910926, 0.307431310415, 0.348813503981, 0.266453713179]
    },
    "chords_histogram": [23.4677238464, 2.65672326088, 12.2116060257, 0.629223942757, 0.256350487471, 0.536005616188, 3.3092520237, 28.9209976196, 0, 0, 0, 0.0466091819108, 1.04870665073, 2.30715441704, 0, 0, 0, 0.116522952914, 0, 0.186436727643, 0, 0.55931019783, 8.2498254776, 15.4975528717],
    "thpcp": [1, 0.605453789234, 0.423134714365, 0.351219892502, 0.366110861301, 0.598585784435, 0.619345247746, 0.374596506357, 0.50550621748, 0.571765303612, 0.403218716383, 0.410048931837, 0.368316441774, 0.273390412331, 0.321062028408, 0.341205477715, 0.25896191597, 0.225999325514, 0.249628826976, 0.297155201435, 0.536869823933, 0.594595015049, 0.354161947966, 0.348171532154, 0.389344155788, 0.320112466812, 0.280707329512, 0.257364809513, 0.238145187497, 0.274469673634, 0.274138987064, 0.23727825284, 0.256515413523, 0.275697588921, 0.373905956745, 0.861966311932],
    "chords_key": "G#",
    "chords_scale": "major"
}
}