{
"metadata": {
    "version": {
        "essentia": "2.1-dev",
        "essentia_git_sha": "v2.1_beta3-415-gd5473f3",
        "extractor": "music 2.0"
    },
    "audio_properties": {
        "analysis": {
            "equal_loudness": 0,
            "length": 887.875915527,
            "sample_rate": 44100,
            "start_time": 0,
            "downmix": "mix"
        },
        "bit_rate": 192000,
        "length": 887.875915527,
        "lossless": 0,
        "number_channels": 2,
        "replay_gain": -10.2168064117,
        "sample_rate": 44100,
        "codec": "mp3",
        "md5_encoded": "0d4dee20cc96642c35abeb61ec46353d"
    },
    "tags": {
        "file_name": "ricky_garcia__fabyan_salvador-session_dance.mp3"
    }
},
"lowlevel": {
    "average_loudness": 0.774645149708,
    "barkbands_crest": {
        "mean": 12.7894325256,
        "stdev": 6.34050989151
    },
    "barkbands_flatness_db": {
        "mean": 0.164860099554,
        "stdev": 0.0768852233887
    },
    "barkbands_kurtosis": {
        "mean": 19.4478054047,
        "stdev": 97.9616241455
    },
    "barkbands_skewness": {
        "mean": 2.53947162628,
        "stdev": 3.03953576088
    },
    "barkbands_spread": {
        "mean": 24.7269992828,
        "stdev": 18.4906749725
    },
    "dissonance": {
        "mean": 0.465452283621,
        "stdev": 0.0288121532649
    },
    "dynamic_complexity": 2.4482831955,
    "erbbands_crest": {
        "mean": 8.32388019562,
        "stdev": 4.65030908585
    },
    "erbbands_flatness_db": {
        "mean": 0.136169821024,
        "stdev": 0.0493010357022
    },
    "erbbands_kurtosis": {
        "mean": 0.489905804396,
        "stdev": 3.2392783165
    },
    "erbbands_skewness": {
        "mean": 0.288136184216,
        "stdev": 0.858412623405
    },
    "erbbands_spread": {
        "mean": 50.6479187012,
        "stdev": 25.3465900421
    },
    "hfc": {
        "mean": 27.5549964905,
        "stdev": 26.181224823
    },
    "loudness_ebu128": {
        "integrated": -11.855638504,
        "loudness_range": 4.58582210541,
        "momentary": {
            "mean": -12.8415050507,
            "stdev": 10.5146818161
        },
        "short_term": {
            "mean": -12.2932901382,
            "stdev": 2.35147929192
        }
    },
    "melbands_crest": {
        "mean": 17.0941562653,
        "stdev": 7.39247655869
    },
    "melbands_flatness_db": {
        "mean": 0.214902952313,
        "stdev": 0.0992577522993
    },
    "melbands_kurtosis": {
        "mean": 41.0238380432,
        "stdev": 89.1162643433
    },
    "melbands_skewness": {
        "mean": 4.10167074203,
        "stdev": 3.30145335197
    },
    "melbands_spread": {
        "mean": 21.7693042755,
        "stdev": 19.7547359467
    },
    "pitch_salience": {
        "mean": 0.476393133402,
        "stdev": 0.186459362507
    },
    "silence_rate_20dB": {
        "mean": 1,
        "stdev": 0
    },
    "silence_rate_30dB": {
        "mean": 0.899160563946,
        "stdev": 0.301145583391
    },
    "silence_rate_60dB": {
        "mean": 0.0234838780016,
        "stdev": 0.151428326964
    },
    "spectral_centroid": {
        "mean": 1430.73999023,
        "stdev": 812.430053711
    },
    "spectral_complexity": {
        "mean": 19.830827713,
        "stdev": 11.4413042068
    },
    "spectral_decrease": {
        "mean": -1.19329506276e-08,
        "stdev": 1.11687565862e-08
    },
    "spectral_energy": {
        "mean": 0.0475367493927,
        "stdev": 0.0424728877842
    },
    "spectral_energyband_high": {
        "mean": 0.00170714140404,
        "stdev": 0.0025478368625
    },
    "spectral_energyband_low": {
        "mean": 0.0299015380442,
        "stdev": 0.0431617237628
    },
    "spectral_energyband_middle_high": {
        "mean": 0.00520488945767,
        "stdev": 0.0057890410535
    },
    "spectral_energyband_middle_low": {
        "mean": 0.0119921136647,
        "stdev": 0.0129433115944
    },
    "spectral_entropy": {
        "mean": 7.75681018829,
        "stdev": 0.509051859379
    },
    "spectral_flux": {
        "mean": 0.110283590853,
        "stdev": 0.066448353231
    },
    "spectral_kurtosis": {
        "mean": 3.14176058769,
        "stdev": 4.45609712601
    },
    "spectral_rms": {
        "mean": 0.00619448907673,
        "stdev": 0.00282950885594
    },
    "spectral_rolloff": {
        "mean": 1589.10192871,
        "stdev": 2157.546875
    },
    "spectral_skewness": {
        "mean": 1.36621963978,
        "stdev": 0.506667673588
    },
    "spectral_spread": {
        "mean": 5800229.5,
        "stdev": 2481147
    },
    "spectral_strongpeak": {
        "mean": 0.836332142353,
        "stdev": 1.02949392796
    },
    "zerocrossingrate": {
        "mean": 0.0659506842494,
        "stdev": 0.0510499589145
    },
    "barkbands": {
        "mean": [0.000545589253306, 0.0231234636158, 0.00506702391431, 0.00194958515931, 0.003410999896, 0.00316456682049, 0.0012400301639, 0.000806180585641, 0.00120026129298, 0.000895252742339, 0.000660254561808, 0.000780168105848, 0.000567194598261, 0.000470671540825, 0.000489499536343, 0.000428729166742, 0.00032213985105, 0.000256890954915, 0.000293390330626, 0.000316958525218, 0.00029139459366, 0.000277970626485, 0.000306887290208, 0.000294032157399, 0.000276208826108, 0.000101238547359, 1.58875945733e-09],
        "stdev": [0.00104888540227, 0.0381673388183, 0.0131386490539, 0.00510020460933, 0.006407096982, 0.00537568191066, 0.00233931373805, 0.00197420199402, 0.00281118182465, 0.00201637018472, 0.00205797073431, 0.00194209022447, 0.0012451026123, 0.00107790459879, 0.00108638568781, 0.000875061377883, 0.00070469250204, 0.000419075018726, 0.000405859260354, 0.000391106499592, 0.000375409086701, 0.000404256919865, 0.00052942126058, 0.000521496229339, 0.000635401171166, 0.000262303685304, 2.61070653984e-09]
    },
    "erbbands": {
        "mean": [0.713813662529, 4.92738771439, 6.73661565781, 6.62934589386, 7.58666801453, 12.1631336212, 17.4932384491, 28.9930038452, 22.1140460968, 16.0649356842, 20.2178382874, 26.2309112549, 26.2444419861, 29.0302085876, 29.506608963, 30.0287036896, 23.7531681061, 25.4814739227, 25.159406662, 24.1802845001, 24.1659164429, 18.0768527985, 14.7015628815, 14.2599687576, 15.2379264832, 14.6510810852, 12.7416467667, 11.0310182571, 10.0584192276, 8.65623569489, 9.08496284485, 6.64265489578, 4.71765899658, 3.22258901596, 1.86024880409, 0.659664094448, 0.157564252615, 0.0103673711419, 0.000248625205131, 7.11507600499e-05],
        "stdev": [1.31668376923, 8.36406993866, 16.046875, 15.3857021332, 16.5750350952, 24.5843467712, 32.2122955322, 53.8414268494, 38.0850372314, 31.9717979431, 48.9352340698, 66.8951034546, 55.332736969, 61.220905304, 84.462097168, 73.5519943237, 46.0719528198, 60.5124130249, 48.1419868469, 53.6607894897, 53.7713546753, 32.3406295776, 22.5284690857, 20.7490367889, 19.0718288422, 18.3394966125, 16.8176746368, 14.5402545929, 14.6469249725, 13.0978412628, 16.4995346069, 11.4556751251, 8.90810108185, 6.70388698578, 4.81109523773, 1.66292881966, 0.437477380037, 0.0282788667828, 0.000591954099946, 6.18561243755e-05]
    },
    "gfcc": {
        "mean": [15.7372598648, 79.3517150879, -106.268280029, 42.6233901978, -61.0033721924, 26.7640914917, -37.136631012, 14.1057138443, -23.2976417542, 8.90454387665, -10.3041028976, 4.15979528427, -3.97502636909],
        "cov": [[8604.80664062, -919.583984375, -117.26499939, 346.275421143, -448.652069092, 270.481872559, -409.292541504, 152.512039185, -372.735992432, 177.11706543, -384.568969727, 143.962005615, -295.181152344], [-919.583984375, 1508.50683594, -144.347061157, -87.9148788452, 247.993988037, -173.935272217, 277.69833374, -119.798881531, 166.457489014, -136.156036377, 173.190170288, -140.58732605, 183.609451294], [-117.26499939, -144.347061157, 1199.10754395, 301.25201416, 171.452819824, 205.503768921, 50.2763404846, 124.015884399, 4.74826526642, 81.3729248047, -54.4758605957, 67.0439453125, -96.6993103027], [346.275421143, -87.9148788452, 301.25201416, 480.067718506, 212.041519165, 117.280426025, 68.5542526245, 87.8467330933, 73.9266738892, 24.6379623413, 2.07912063599, 27.251832962, -9.99150943756], [-448.652069092, 247.993988037, 171.452819824, 212.041519165, 512.54095459, 165.7134552, 211.18157959, 80.3646316528, 126.158294678, 25.53474617, 52.6452331543, 3.06785297394, 35.4442062378], [270.481872559, -173.935272217, 205.503768921, 117.280426025, 165.7134552, 285.726470947, 109.045410156, 71.3393707275, 24.2267456055, 55.3199043274, -7.73574304581, 22.8201160431, -26.7526359558], [-409.292541504, 277.69833374, 50.2763404846, 68.5542526245, 211.18157959, 109.045410156, 291.321563721, 76.7573928833, 110.933036804, 25.4328308105, 84.1039047241, -7.39767217636, 64.5464477539], [152.512039185, -119.798881531, 124.015884399, 87.8467330933, 80.3646316528, 71.3393707275, 76.7573928833, 180.717285156, 75.8202133179, 46.4308166504, 13.313117981, 43.2416496277, 1.48435139656], [-372.735992432, 166.457489014, 4.74826526642, 73.9266738892, 126.158294678, 24.2267456055, 110.933036804, 75.8202133179, 195.235717773, 34.9421310425, 80.5783309937, 13.7900238037, 50.0275230408], [177.11706543, -136.156036377, 81.3729248047, 24.6379623413, 25.53474617, 55.3199043274, 25.4328308105, 46.4308166504, 34.9421310425, 141.435409546, 28.7209033966, 48.4125518799, -2.54695248604], [-384.568969727, 173.190170288, -54.4758605957, 2.07912063599, 52.6452331543, -7.73574304581, 84.1039047241, 13.313117981, 80.5783309937, 28.7209033966, 144.656356812, 24.8270244598, 66.0465927124], [143.962005615, -140.58732605, 67.0439453125, 27.251832962, 3.06785297394, 22.8201160431, -7.39767217636, 43.2416496277, 13.7900238037, 48.4125518799, 24.8270244598, 117.378303528, 15.9128341675], [-295.181152344, 183.609451294, -96.6993103027, -9.99150943756, 35.4442062378, -26.7526359558, 64.5464477539, 1.48435139656, 50.0275230408, -2.54695248604, 66.0465927124, 15.9128341675, 128.553787231]],
        "icov": [[0.000253265607171, -0.000380974961445, 0.000304439628962, -0.000453440879937, 0.00040799746057, -0.000595554767642, 0.00042292024591, -0.000600709638093, 0.000573567464016, -0.000584154331591, 0.00057293206919, -0.000485489814309, 0.000408557214541], [-0.000380974961445, 0.0025199004449, -0.000888820446562, 0.00120110914577, -0.00141062948387, 0.0024376376532, -0.00216324441135, 0.00243161874823, -0.00179739296436, 0.00210638251156, -0.00169561791699, 0.00218370137736, -0.00175276421942], [0.000304439628962, -0.000888820446562, 0.00164325349033, -0.00120008829981, 0.000572769553401, -0.0013727650512, 0.000719491217751, -0.00134233559947, 0.00115749659017, -0.00124902254902, 0.00110949366353, -0.00135751639027, 0.0014447857393], [-0.000453440879937, 0.00120110914577, -0.00120008829981, 0.00400718860328, -0.00190540135372, 0.00110045913607, -0.000624908076134, 0.000935863703489, -0.00196281238459, 0.00174745882396, -0.0010721385479, 0.00108399160672, -0.0010755257681], [0.00040799746057, -0.00141062948387, 0.000572769553401, -0.00190540135372, 0.00460336450487, -0.00268250168301, -0.000382223021006, -0.0011760473717, 0.000169251332409, -0.00107379886322, 0.00143367727287, -0.00127287767828, 0.00094622123288], [-0.000595554767642, 0.0024376376532, -0.0013727650512, 0.00110045913607, -0.00268250168301, 0.00843530427665, -0.00416833302006, 0.00208293250762, -0.00108238379471, 0.000843399844598, -0.00100004288834, 0.00163507391699, -0.000482966483105], [0.00042292024591, -0.00216324441135, 0.000719491217751, -0.000624908076134, -0.000382223021006, -0.00416833302006, 0.00932253338397, -0.00403248332441, 0.000768670637626, -0.00173019652721, -0.000963411468547, 0.000444834353402, -0.000736394606065], [-0.000600709638093, 0.00243161874823, -0.00134233559947, 0.000935863703489, -0.0011760473717, 0.00208293250762, -0.00403248332441, 0.0114308306947, -0.0051273079589, 0.0015141768381, -9.54948118306e-05, -0.000506960670464, -0.00100174511317], [0.000573567464016, -0.00179739296436, 0.00115749659017, -0.00196281238459, 0.000169251332409, -0.00108238379471, 0.000768670637626, -0.0051273079589, 0.0112017411739, -0.00299778324552, -0.00173400284257, -0.000707568600774, 0.000563470763154], [-0.000584154331591, 0.00210638251156, -0.00124902254902, 0.00174745882396, -0.00107379886322, 0.000843399844598, -0.00173019652721, 0.0015141768381, -0.00299778324552, 0.0116802239791, -0.00353017845191, -0.000905641994905, -0.000506878306624], [0.00057293206919, -0.00169561791699, 0.00110949366353, -0.0010721385479, 0.00143367727287, -0.00100004288834, -0.000963411468547, -9.54948118306e-05, -0.00173400284257, -0.00353017845191, 0.0140525521711, -0.00406338181347, -0.00174187135417], [-0.000485489814309, 0.00218370137736, -0.00135751639027, 0.00108399160672, -0.00127287767828, 0.00163507391699, 0.000444834353402, -0.000506960670464, -0.000707568600774, -0.000905641994905, -0.00406338181347, 0.0140550900251, -0.00409159250557], [0.000408557214541, -0.00175276421942, 0.0014447857393, -0.0010755257681, 0.00094622123288, -0.000482966483105, -0.000736394606065, -0.00100174511317, 0.000563470763154, -0.000506878306624, -0.00174187135417, -0.00409159250557, 0.0134155480191]]
    },
    "melbands": {
        "mean": [0.00648323539644, 0.00467665819451, 0.0011719672475, 0.000700874021277, 0.000615917262621, 0.000634314666968, 0.000322822364978, 0.000173825581442, 0.000172754866071, 0.000164828175912, 0.000132742570713, 0.000120564494864, 9.4879505923e-05, 9.89720283542e-05, 5.9226371377e-05, 5.15671927133e-05, 4.60318515252e-05, 4.06205617764e-05, 3.59887089871e-05, 2.90162006422e-05, 2.76271766779e-05, 1.85999870155e-05, 1.50198793563e-05, 1.22721476146e-05, 1.12396428449e-05, 1.1871067727e-05, 1.08814438136e-05, 9.26075608731e-06, 8.04418323241e-06, 7.06249511495e-06, 6.25519396635e-06, 5.70633255847e-06, 5.20536013937e-06, 4.64549293611e-06, 5.47482522961e-06, 4.57844953416e-06, 3.81470727007e-06, 3.34643050337e-06, 2.83612598651e-06, 2.7232474622e-06],
        "stdev": [0.0110385231674, 0.00854308344424, 0.0024850058835, 0.00143195129931, 0.00109816913027, 0.00112439552322, 0.000546513765585, 0.000353771087248, 0.000436889269622, 0.000412299414165, 0.000283284200123, 0.000267380382866, 0.000282663764665, 0.000260154512944, 0.000125699836644, 0.000128407074953, 0.000114521360956, 8.60964646563e-05, 9.12865725695e-05, 5.61643573747e-05, 7.35772482585e-05, 3.93808259105e-05, 2.58020263573e-05, 2.00394806598e-05, 1.7363432562e-05, 1.77909441845e-05, 1.42079807119e-05, 1.21672364912e-05, 1.11115687105e-05, 9.68910080701e-06, 8.85254485183e-06, 8.53198525874e-06, 8.21601497591e-06, 7.36435640647e-06, 1.03356705949e-05, 8.09445828054e-06, 6.61754984321e-06, 6.31070770396e-06, 5.5452342167e-06, 5.95550272919e-06]
    },
    "melbands128": {
        "mean": [0.000519711349625, 0.005228492897, 0.00977546162903, 0.00756201846525, 0.00409289589152, 0.00227749953046, 0.00138101377524, 0.000849628646392, 0.000733693130314, 0.000700323435012, 0.000700201082509, 0.000641316408291, 0.000567480747122, 0.0006085113273, 0.000698435818776, 0.000665142433718, 0.000404859340051, 0.000283148110611, 0.000192427032744, 0.000166756377439, 0.000166418074514, 0.00018196637393, 0.000141881100717, 0.000224740477279, 0.000169488688698, 0.00014859791554, 0.000145831683767, 0.000111514840683, 0.000138299263199, 0.000155717527377, 8.33473895909e-05, 0.000120057615277, 8.75006444403e-05, 8.24914604891e-05, 0.000111808854854, 0.000115944450954, 5.52303208678e-05, 5.83318214922e-05, 6.45475083729e-05, 3.79865305149e-05, 5.7208675571e-05, 5.57382772968e-05, 4.7184235882e-05, 3.9272599679e-05, 4.11300534324e-05, 4.79744630866e-05, 3.0523933674e-05, 3.29524955305e-05, 4.49421313533e-05, 2.44260554609e-05, 2.56378025369e-05, 3.41827544617e-05, 2.92458153126e-05, 2.74040357908e-05, 1.92065763258e-05, 1.53644359671e-05, 2.09031913982e-05, 1.67807338585e-05, 1.18019424917e-05, 1.35976588354e-05, 1.23241743495e-05, 1.21134389701e-05, 9.97325423668e-06, 1.10865557872e-05, 1.28258625409e-05, 1.34928177431e-05, 9.99392341328e-06, 9.40472455113e-06, 1.23925519802e-05, 1.10159235192e-05, 9.3604930953e-06, 7.84334952186e-06, 8.94292770681e-06, 7.73545343691e-06, 7.66576613387e-06, 7.58277792556e-06, 6.59880424791e-06, 5.9787007558e-06, 6.42894792691e-06, 6.34768957752e-06, 5.49105425307e-06, 5.7301626839e-06, 5.51436050955e-06, 5.26052645e-06, 4.87147144668e-06, 4.32389015259e-06, 4.48739274361e-06, 5.36024481335e-06, 5.98934411755e-06, 5.19457353221e-06, 4.75854540127e-06, 4.38533106717e-06, 4.25063399234e-06, 3.97184976464e-06, 3.39996995535e-06, 3.378593874e-06, 3.26192912325e-06, 3.52783422386e-06, 2.70096825261e-06, 2.62852358901e-06, 2.61970762949e-06, 2.87612169814e-06, 2.6724098916e-06, 2.54286624113e-06, 2.08887195186e-06, 1.76681464836e-06, 1.80299241492e-06, 1.20750917176e-06, 1.15929003641e-06, 8.75427815572e-07, 7.30132796889e-07, 5.92852813952e-07, 4.96382597248e-07, 3.21434043826e-07, 2.44987802489e-07, 4.81487312243e-08, 1.85158329641e-11, 7.37681964125e-12, 7.11452554855e-12, 6.86463342767e-12, 6.67672037449e-12, 6.51569726992e-12, 6.36475551083e-12, 6.24832000376e-12, 6.14542357974e-12, 6.07227679597e-12, 6.01887116536e-12, 5.97787227705e-12],
        "stdev": [0.00102822610643, 0.0106166489422, 0.0177533887327, 0.0139760104939, 0.0102618644014, 0.00565809756517, 0.00358055229299, 0.00219379691407, 0.00185875606257, 0.00183738337364, 0.00166083336808, 0.00150406779721, 0.00129534187727, 0.00146878627129, 0.00168873986695, 0.00137845077552, 0.000907483801711, 0.000702221179381, 0.00052925304044, 0.000464888900751, 0.000504160707351, 0.000546385243069, 0.000540015345905, 0.000827400595881, 0.000627419387456, 0.000465505028842, 0.000456666020909, 0.000348951900378, 0.000394377799239, 0.000480283750221, 0.000242613416049, 0.000430323503679, 0.000373220042093, 0.000424796278821, 0.000355689844582, 0.000411025102949, 0.000221607697313, 0.000166056575836, 0.00017036581994, 0.000124348531244, 0.000221286827582, 0.000204076030059, 0.000197748857317, 0.000103167469206, 9.88316896837e-05, 0.000150954409037, 7.56615700084e-05, 9.42625192693e-05, 0.000178938498721, 6.51031004963e-05, 6.98504591128e-05, 0.000103668309748, 8.22216970846e-05, 0.000149876403157, 7.14455090929e-05, 4.05425016652e-05, 4.90000966238e-05, 3.95165807276e-05, 2.91872947855e-05, 2.88242208626e-05, 2.33276223298e-05, 3.19324826705e-05, 2.08547826333e-05, 1.94557596842e-05, 3.13499003823e-05, 2.58717445831e-05, 1.73227781488e-05, 1.51493877638e-05, 2.04118714464e-05, 1.85984645213e-05, 1.56839250849e-05, 1.35033305924e-05, 1.42977060023e-05, 1.3895038137e-05, 1.38855984915e-05, 1.26950008053e-05, 1.1433607142e-05, 9.22549770621e-06, 1.10749897431e-05, 1.03216598291e-05, 9.22221897781e-06, 9.78867137746e-06, 9.48951674218e-06, 1.09329357656e-05, 8.31585657579e-06, 7.14693032933e-06, 8.34087313706e-06, 1.00394081528e-05, 1.27903631437e-05, 1.02973244793e-05, 9.49518380366e-06, 7.98186829343e-06, 8.11295740277e-06, 7.36534957468e-06, 6.21446724836e-06, 6.547677458e-06, 6.62612364977e-06, 8.15340808913e-06, 5.50091726836e-06, 5.46227647646e-06, 5.40170958629e-06, 6.59221268506e-06, 7.0818846325e-06, 7.32304215489e-06, 5.89163255427e-06, 4.7045359679e-06, 4.9342093007e-06, 3.09558026856e-06, 2.98893883155e-06, 2.44423745244e-06, 1.92808238353e-06, 1.75977550043e-06, 1.59337446348e-06, 9.09265054361e-07, 6.82736583713e-07, 1.50570656388e-07, 9.74245822905e-11, 1.21993266183e-11, 1.18155676215e-11, 1.14606440657e-11, 1.11672485495e-11, 1.09089673059e-11, 1.0680815607e-11, 1.04932521006e-11, 1.03290214923e-11, 1.02050720305e-11, 1.01140849168e-11, 1.00560237221e-11]
    },
    "mfcc": {
        "mean": [-625.163269043, 103.451019287, 14.74284935, 21.1815814972, 6.62989997864, 10.0461683273, 5.22713041306, 3.97429728508, 0.982948124409, 3.8827881813, -1.59297084808, 2.19318342209, 2.97935438156],
        "cov": [[5858.28417969, -770.106567383, -89.3451309204, -71.1569900513, -119.234672546, 19.546913147, -132.874633789, -75.7672042847, -63.8781394958, -69.2317504883, -55.743057251, -81.3043518066, -78.3513259888], [-770.106567383, 1304.50439453, -129.517333984, 73.5386428833, -19.9438934326, 7.91192007065, 106.855278015, 3.74338555336, 52.5275840759, 26.3962364197, -5.97088813782, 18.8879699707, 12.631772995], [-89.3451309204, -129.517333984, 851.613098145, 141.940887451, 132.794052124, 88.7939529419, 38.1630020142, 60.3150978088, 19.4938697815, 8.01046085358, 60.7589225769, 5.51015424728, 16.1542205811], [-71.1569900513, 73.5386428833, 141.940887451, 383.552001953, 174.642242432, 83.2739715576, 66.6082305908, 89.4504470825, 88.6665267944, 25.2586936951, 50.7943153381, 54.1064147949, 45.40001297], [-119.234672546, -19.9438934326, 132.794052124, 174.642242432, 314.362609863, 140.829544067, 80.816696167, 111.389701843, 79.3552856445, 42.3512954712, 61.8969993591, 35.6692962646, 37.6411705017], [19.546913147, 7.91192007065, 88.7939529419, 83.2739715576, 140.829544067, 261.670806885, 127.221366882, 72.8906936646, 73.2546463013, 44.8414726257, 62.5165138245, 26.5589981079, 28.1285076141], [-132.874633789, 106.855278015, 38.1630020142, 66.6082305908, 80.816696167, 127.221366882, 216.401504517, 81.8253860474, 76.7767028809, 51.172870636, 45.0379447937, 31.9791927338, 25.4142227173], [-75.7672042847, 3.74338555336, 60.3150978088, 89.4504470825, 111.389701843, 72.8906936646, 81.8253860474, 188.716949463, 88.3795013428, 43.6762046814, 58.7476730347, 40.2071876526, 37.954990387], [-63.8781394958, 52.5275840759, 19.4938697815, 88.6665267944, 79.3552856445, 73.2546463013, 76.7767028809, 88.3795013428, 153.433868408, 63.1834220886, 49.4507637024, 37.6470069885, 37.3782844543], [-69.2317504883, 26.3962364197, 8.01046085358, 25.2586936951, 42.3512954712, 44.8414726257, 51.172870636, 43.6762046814, 63.1834220886, 111.330825806, 53.614315033, 26.7093925476, 20.1230354309], [-55.743057251, -5.97088813782, 60.7589225769, 50.7943153381, 61.8969993591, 62.5165138245, 45.0379447937, 58.7476730347, 49.4507637024, 53.614315033, 115.996559143, 54.439163208, 32.8091506958], [-81.3043518066, 18.8879699707, 5.51015424728, 54.1064147949, 35.6692962646, 26.5589981079, 31.9791927338, 40.2071876526, 37.6470069885, 26.7093925476, 54.439163208, 100.013275146, 56.8932266235], [-78.3513259888, 12.631772995, 16.1542205811, 45.40001297, 37.6411705017, 28.1285076141, 25.4142227173, 37.954990387, 37.3782844543, 20.1230354309, 32.8091506958, 56.8932266235, 98.7927932739]],
        "icov": [[0.00019293584046, 0.000114872134873, 3.64622683264e-05, -5.52151504962e-05, 0.000113228888949, -0.000134579313453, 8.33398153191e-05, 6.79792628944e-06, -3.69187073375e-05, 5.50707700313e-05, 1.18056068459e-05, 7.30377651053e-05, 8.56336337165e-05], [0.000114872134873, 0.000916511693504, 0.00015425037418, -0.000271086930297, 0.000226388961892, 7.95282394392e-05, -0.00049128709361, 0.00020019110525, -0.000200114824111, -3.54366311512e-05, 0.000150009887875, 1.43192037285e-05, 3.87105428672e-05], [3.64622683264e-05, 0.00015425037418, 0.00137567752972, -0.000430742191384, -0.000219334760914, -0.000181939001777, -3.486006608e-05, -9.55036302912e-05, 0.000326062145177, 0.000236966618104, -0.000732681655791, 0.00061419227859, -0.000118786643725], [-5.52151504962e-05, -0.000271086930297, -0.000430742191384, 0.00403727637604, -0.00179314310662, 0.000233233877225, -3.30715229211e-05, -0.00012042849994, -0.00135645235423, 0.000817246676888, 0.00013357392163, -0.0012364537688, -0.000107997402665], [0.000113228888949, 0.000226388961892, -0.000219334760914, -0.00179314310662, 0.00587410852313, -0.00211776210926, 0.000352677045157, -0.00172471650876, 9.83932386589e-06, -0.000368980283383, -0.000271186116152, 0.000462657480966, -0.000247425574344], [-0.000134579313453, 7.95282394392e-05, -0.000181939001777, 0.000233233877225, -0.00211776210926, 0.006877545733, -0.00312969111837, 0.000625974556897, -0.000825488124974, 0.000299936742522, -0.00183954974636, 0.000926815671846, -0.000452612090157], [8.33398153191e-05, -0.00049128709361, -3.486006608e-05, -3.30715229211e-05, 0.000352677045157, -0.00312969111837, 0.00787561386824, -0.00167989823967, -0.00102162081748, -0.00125528499484, 0.000616793346126, -0.000821353285573, 0.000436327711213], [6.79792628944e-06, 0.00020019110525, -9.55036302912e-05, -0.00012042849994, -0.00172471650876, 0.000625974556897, -0.00167989823967, 0.00898309238255, -0.00311576551758, 0.000444667355623, -0.00180556578562, -0.000140383126563, -0.000720632786397], [-3.69187073375e-05, -0.000200114824111, 0.000326062145177, -0.00135645235423, 9.83932386589e-06, -0.000825488124974, -0.00102162081748, -0.00311576551758, 0.0121304672211, -0.00431316671893, 9.96761009446e-05, -0.000155034125783, -0.00139736081474], [5.50707700313e-05, -3.54366311512e-05, 0.000236966618104, 0.000817246676888, -0.000368980283383, 0.000299936742522, -0.00125528499484, 0.000444667355623, -0.00431316671893, 0.0139908343554, -0.00501760002226, 0.000482532312162, 1.17355839393e-05], [1.18056068459e-05, 0.000150009887875, -0.000732681655791, 0.00013357392163, -0.000271186116152, -0.00183954974636, 0.000616793346126, -0.00180556578562, 9.96761009446e-05, -0.00501760002226, 0.0160159245133, -0.00680397590622, 0.000794421299361], [7.30377651053e-05, 1.43192037285e-05, 0.00061419227859, -0.0012364537688, 0.000462657480966, 0.000926815671846, -0.000821353285573, -0.000140383126563, -0.000155034125783, 0.000482532312162, -0.00680397590622, 0.0189916137606, -0.00836806278676], [8.56336337165e-05, 3.87105428672e-05, -0.000118786643725, -0.000107997402665, -0.000247425574344, -0.000452612090157, 0.000436327711213, -0.000720632786397, -0.00139736081474, 1.17355839393e-05, 0.000794421299361, -0.00836806278676, 0.0157234799117]]
    },
    "spectral_contrast_coeffs": {
        "mean": [-0.705960810184, -0.742105960846, -0.761842489243, -0.79294526577, -0.795955598354, -0.776990652084],
        "stdev": [0.0856853872538, 0.081101000309, 0.0712188109756, 0.0568223632872, 0.0438136383891, 0.0391366817057]
    },
    "spectral_contrast_valleys": {
        "mean": [-6.62223529816, -6.83866071701, -7.38090372086, -7.5786075592, -7.48773765564, -9.66233444214],
        "stdev": [1.33714008331, 1.25960302353, 1.22801375389, 1.24116337299, 1.27438986301, 1.41140198708]
    }
},
"rhythm": {
    "beats_count": 1956,
    "beats_loudness": {
        "mean": 0.0510445535183,
        "stdev": 0.035867087543
    },
    "bpm": 135.556732178,
    "bpm_histogram_first_peak_bpm": 136,
    "bpm_histogram_first_peak_weight": 0.149021863937,
    "bpm_histogram_second_peak_bpm": 108,
    "bpm_histogram_second_peak_spread": 0.333333313465,
    "bpm_histogram_second_peak_weight": 0.0225063934922,
    "danceability": 1.46297931671,
    "onset_rate": 4.20657253265,
    "beats_loudness_band_ratio": {
        "mean": [0.505244314671, 0.175054892898, 0.104213312268, 0.0865415856242, 0.0481962040067, 0.108956731856],
        "stdev": [0.266416758299, 0.160154238343, 0.114879652858, 0.0994986817241, 0.0533556267619, 0.115424744785]
    },
    "beats_position": [0.452789098024, 0.917188167572, 1.38158726692, 1.84598636627, 2.29877543449, 2.76317453384, 3.25079369545, 3.73841261864, 4.22603178024, 4.69043064117, 5.13160991669, 5.5727891922, 6.01396799088, 6.45514726639, 6.8963265419, 7.33750534058, 7.77868461609, 8.2198638916, 8.66104316711, 9.11383247375, 9.55501079559, 10.0078001022, 10.4489793777, 10.8901586533, 11.3313379288, 11.7725172043, 12.2136955261, 12.6548748016, 13.0960540771, 13.5372333527, 13.9784126282, 14.4195919037, 14.8607711792, 15.301949501, 15.7431287766, 16.1959171295, 16.637096405, 17.0898857117, 17.5310649872, 17.9722442627, 18.4134235382, 18.8546028137, 19.2957820892, 19.7369613647, 20.1781406403, 20.6193199158, 21.0604991913, 21.5016784668, 21.942855835, 22.3840351105, 22.825214386, 23.2663936615, 23.707572937, 24.1603622437, 24.6015415192, 25.0543308258, 25.4955101013, 25.9366893768, 26.3778686523, 26.8190479279, 27.2602272034, 27.7014045715, 28.142583847, 28.5837631226, 29.0249423981, 29.4661216736, 29.9073009491, 30.3484802246, 30.7896595001, 31.2424488068, 31.6836280823, 32.1364173889, 32.5775947571, 33.0187759399, 33.4599533081, 33.901134491, 34.3423118591, 34.783493042, 35.2246704102, 35.6658477783, 36.1070289612, 36.5482063293, 36.9893875122, 37.4305648804, 37.8717460632, 38.3013153076, 38.7541046143, 39.2068939209, 39.6480712891, 40.1008605957, 40.5420417786, 40.9832191467, 41.4243965149, 41.8655776978, 42.3067550659, 42.7479362488, 43.1891136169, 43.6302947998, 44.071472168, 44.5126533508, 44.953830719, 45.3950119019, 45.83618927, 46.2773704529, 46.718547821, 47.1713371277, 47.6125144958, 48.0536956787, 48.4948730469, 48.9476623535, 49.3888435364, 49.8300209045, 50.2712020874, 50.7123794556, 51.1535606384, 51.5947380066, 52.0359191895, 52.4770965576, 52.9182739258, 53.3594551086, 53.8006324768, 54.2418136597, 54.6829910278, 55.1357803345, 55.5769615173, 56.029750824, 56.4709281921, 56.912109375, 57.3532867432, 57.794467926, 58.2356452942, 58.6768226624, 59.1180038452, 59.5591812134, 60.0003623962, 60.4415397644, 60.8827209473, 61.3238983154, 61.7650794983, 62.2062568665, 62.6474380493, 63.0886154175, 63.5297966003, 63.9825820923, 64.4237594604, 64.8765487671, 65.3177337646, 65.7589111328, 66.200088501, 66.6412658691, 67.0824508667, 67.5236282349, 67.964805603, 68.4059829712, 68.8471679688, 69.2883453369, 69.7295227051, 70.1823120117, 70.6234893799, 71.0762786865, 71.5174560547, 71.9586410522, 72.3998184204, 72.8409957886, 73.2821731567, 73.7233581543, 74.1645355225, 74.6057128906, 75.0468902588, 75.488067627, 75.9292526245, 76.3704299927, 76.8116073608, 77.252784729, 77.6939697266, 78.1351470947, 78.5763244629, 79.0291137695, 79.4702911377, 79.9230804443, 80.3642578125, 80.8054428101, 81.2466201782, 81.6877975464, 82.1289749146, 82.5701599121, 83.0113372803, 83.4525146484, 83.8936920166, 84.3348770142, 84.7760543823, 85.2172317505, 85.6584091187, 86.1111984253, 86.5523757935, 87.0051651001, 87.4463500977, 87.8875274658, 88.328704834, 88.7698822021, 89.2110671997, 89.6522445679, 90.093421936, 90.5345993042, 90.9757843018, 91.4169616699, 91.8581390381, 92.2993164062, 92.7404937744, 93.181678772, 93.6228561401, 94.0640335083, 94.5052108765, 94.9580001831, 95.3991851807, 95.8519744873, 96.2931518555, 96.7343292236, 97.1755065918, 97.61668396, 98.0578689575, 98.4990463257, 98.9402236938, 99.381401062, 99.8225860596, 100.263763428, 100.704940796, 101.146118164, 101.587303162, 102.02848053, 102.469657898, 102.922447205, 103.363624573, 103.816413879, 104.257591248, 104.698776245, 105.139953613, 105.581130981, 106.02230835, 106.463493347, 106.904670715, 107.345848083, 107.787025452, 108.22820282, 108.669387817, 109.122177124, 109.563354492, 110.00453186, 110.445709229, 110.898498535, 111.339683533, 111.780860901, 112.222038269, 112.663215637, 113.104400635, 113.545578003, 113.986755371, 114.427932739, 114.869110107, 115.310295105, 115.751472473, 116.192649841, 116.633827209, 117.075012207, 117.516189575, 117.957366943, 118.41015625, 118.862945557, 119.304122925, 119.745300293, 120.186485291, 120.627662659, 121.068840027, 121.510017395, 121.951202393, 122.392379761, 122.833557129, 123.274734497, 123.715919495, 124.157096863, 124.598274231, 125.039451599, 125.480628967, 125.933418274, 126.374603271, 126.827392578, 127.268569946, 127.709747314, 128.150924683, 128.592102051, 129.033279419, 129.474472046, 129.915649414, 130.356826782, 130.79800415, 131.239181519, 131.680358887, 132.121536255, 132.562713623, 133.01550293, 133.468292236, 133.909469604, 134.350662231, 134.7918396, 135.233016968, 135.674194336, 136.115371704, 136.556549072, 136.99772644, 137.438903809, 137.880081177, 138.321273804, 138.762451172, 139.20362854, 139.644805908, 140.085983276, 140.527160645, 140.979949951, 141.421127319, 141.873916626, 142.315093994, 142.756271362, 143.197463989, 143.638641357, 144.079818726, 144.520996094, 144.962173462, 145.40335083, 145.844528198, 146.285705566, 146.726898193, 147.168075562, 147.60925293, 148.050430298, 148.491607666, 148.932785034, 149.373962402, 149.826751709, 150.279541016, 150.720718384, 151.161895752, 151.603088379, 152.044265747, 152.485443115, 152.926620483, 153.367797852, 153.80897522, 154.250152588, 154.691329956, 155.132507324, 155.573699951, 156.014877319, 156.456054688, 156.897232056, 157.338409424, 157.779586792, 158.232376099, 158.685165405, 159.126342773, 159.567520142, 160.00869751, 160.449890137, 160.891067505, 161.332244873, 161.773422241, 162.214599609, 162.655776978, 163.096954346, 163.549743652, 164.002532959, 164.443710327, 164.884887695, 165.326080322, 165.778869629, 166.231658936, 166.672836304, 167.114013672, 167.55519104, 167.996368408, 168.437545776, 168.878723145, 169.319900513, 169.761077881, 170.213867188, 170.666656494, 171.107849121, 171.549026489, 171.990203857, 172.431381226, 172.872558594, 173.302124023, 173.743301392, 174.184494019, 174.625671387, 175.066848755, 175.496414185, 175.937591553, 176.378768921, 176.831558228, 177.295959473, 177.760360718, 178.213150024, 178.67755127, 179.141952515, 179.606338501, 180.082351685, 180.558364868, 181.034378052, 181.510375977, 181.974777222, 182.439178467, 182.903579712, 183.367980957, 183.843994141, 184.308380127, 184.772781372, 185.237182617, 185.701583862, 186.154373169, 186.595550537, 187.036727905, 187.477905273, 187.919082642, 188.360275269, 188.789840698, 189.219406128, 189.660583496, 190.101760864, 190.542938232, 190.984130859, 191.425308228, 191.866485596, 192.307662964, 192.748840332, 193.1900177, 193.631195068, 194.072372437, 194.513549805, 194.954742432, 195.3959198, 195.848709106, 196.289886475, 196.742675781, 197.183853149, 197.625030518, 198.066207886, 198.507385254, 198.948562622, 199.38973999, 199.830932617, 200.272109985, 200.713287354, 201.154464722, 201.59564209, 202.036819458, 202.501220703, 202.977233887, 203.453231812, 203.917633057, 204.39364624, 204.858047485, 205.334060669, 205.786849976, 206.239639282, 206.68081665, 207.121994019, 207.574783325, 208.015960693, 208.457138062, 208.909927368, 209.351104736, 209.792282104, 210.233459473, 210.6746521, 211.115829468, 211.557006836, 211.998184204, 212.439361572, 212.88053894, 213.321716309, 213.762893677, 214.204071045, 214.645263672, 215.08644104, 215.527618408, 215.968795776, 216.409973145, 216.862762451, 217.315551758, 217.756729126, 218.197906494, 218.639083862, 219.08026123, 219.521453857, 219.962631226, 220.403808594, 220.844985962, 221.28616333, 221.727340698, 222.168518066, 222.609695435, 223.050872803, 223.49206543, 223.933242798, 224.374420166, 224.815597534, 225.256774902, 225.709564209, 226.162353516, 226.603530884, 227.044708252, 227.48588562, 227.927078247, 228.368255615, 228.809432983, 229.250610352, 229.69178772, 230.132965088, 230.574142456, 231.015319824, 231.456497192, 231.897689819, 232.338867188, 232.780044556, 233.221221924, 233.662399292, 234.115188599, 234.567977905, 235.009155273, 235.450332642, 235.89151001, 236.332687378, 236.773880005, 237.215057373, 237.656234741, 238.097412109, 238.538589478, 238.979766846, 239.420944214, 239.862121582, 240.30329895, 240.744491577, 241.185668945, 241.626846313, 242.068023682, 242.50920105, 242.961990356, 243.414779663, 243.855957031, 244.297134399, 244.738311768, 245.179489136, 245.620681763, 246.061859131, 246.503036499, 246.944213867, 247.385391235, 247.826568604, 248.267745972, 248.70892334, 249.150115967, 249.591293335, 250.032470703, 250.48526001, 250.938049316, 251.379226685, 251.820404053, 252.261581421, 252.702758789, 253.143936157, 253.585113525, 254.026306152, 254.467483521, 254.908660889, 255.349838257, 255.791015625, 256.232208252, 256.673370361, 257.114562988, 257.555725098, 257.996917725, 258.438079834, 258.879272461, 259.32043457, 259.773223877, 260.214416504, 260.667205811, 261.108398438, 261.549560547, 261.990753174, 262.431915283, 262.87310791, 263.31427002, 263.755462646, 264.196624756, 264.637817383, 265.07901001, 265.520172119, 265.961364746, 266.402526855, 266.843719482, 267.284881592, 267.726074219, 268.167236328, 268.608428955, 269.061218262, 269.514007568, 269.955200195, 270.396362305, 270.837554932, 271.278717041, 271.719909668, 272.161071777, 272.602264404, 273.043426514, 273.484619141, 273.925811768, 274.378601074, 274.819763184, 275.249328613, 275.69052124, 276.13168335, 276.572875977, 277.014068604, 277.455230713, 277.89642334, 278.349212646, 278.802001953, 279.243164062, 279.684356689, 280.125518799, 280.566711426, 281.007873535, 281.449066162, 281.890258789, 282.331420898, 282.772613525, 283.213775635, 283.654968262, 284.096130371, 284.537322998, 284.978485107, 285.419677734, 285.860870361, 286.302032471, 286.754821777, 287.207611084, 287.648803711, 288.08996582, 288.531158447, 288.972320557, 289.413513184, 289.854675293, 290.29586792, 290.737060547, 291.178222656, 291.619415283, 292.060577393, 292.50177002, 292.942932129, 293.384124756, 293.825286865, 294.266479492, 294.707672119, 295.148834229, 295.590026855, 296.031188965, 296.472381592, 296.925170898, 297.366333008, 297.819122314, 298.260314941, 298.701477051, 299.142669678, 299.583862305, 300.025024414, 300.466217041, 300.90737915, 301.348571777, 301.789733887, 302.230926514, 302.672088623, 303.11328125, 303.554473877, 304.007263184, 304.46005249, 304.9012146, 305.342407227, 305.783569336, 306.224761963, 306.665924072, 307.107116699, 307.548278809, 307.989471436, 308.430664062, 308.871826172, 309.313018799, 309.754180908, 310.195373535, 310.636535645, 311.077728271, 311.518920898, 311.960083008, 312.401275635, 312.842437744, 313.283630371, 313.736419678, 314.189208984, 314.630371094, 315.071563721, 315.51272583, 315.953918457, 316.395111084, 316.836273193, 317.27746582, 317.71862793, 318.159820557, 318.600982666, 319.042175293, 319.483337402, 319.924530029, 320.365722656, 320.818511963, 321.259674072, 321.712463379, 322.153656006, 322.594818115, 323.036010742, 323.477172852, 323.918365479, 324.359527588, 324.800720215, 325.241912842, 325.683074951, 326.124267578, 326.565429688, 327.006622314, 327.447784424, 327.888977051, 328.341766357, 328.782928467, 329.224121094, 329.665313721, 330.10647583, 330.547668457, 330.988830566, 331.441619873, 331.8828125, 332.323974609, 332.765167236, 333.206329346, 333.647521973, 334.0887146, 334.529876709, 334.971069336, 335.412231445, 335.853424072, 336.294586182, 336.735778809, 337.176940918, 337.618133545, 338.059326172, 338.512115479, 338.964904785, 339.406066895, 339.847259521, 340.288421631, 340.729614258, 341.170776367, 341.611968994, 342.053131104, 342.49432373, 342.935516357, 343.376678467, 343.817871094, 344.259033203, 344.70022583, 345.141387939, 345.582580566, 346.023742676, 346.476531982, 346.917724609, 347.370513916, 347.811706543, 348.26449585, 348.728881836, 349.228118896, 349.71572876, 350.203338623, 350.65612793, 351.108917236, 351.561706543, 352.01449585, 352.455688477, 352.896850586, 353.338043213, 353.77923584, 354.220397949, 354.661590576, 355.102752686, 355.543945312, 355.985107422, 356.426300049, 356.867462158, 357.308654785, 357.749847412, 358.191009521, 358.632202148, 359.073364258, 359.514556885, 359.955718994, 360.408508301, 360.861297607, 361.302490234, 361.743652344, 362.184844971, 362.626037598, 363.067199707, 363.519989014, 363.984405518, 364.448791504, 364.924804688, 365.400817871, 365.888427734, 366.364440918, 366.828826904, 367.270019531, 367.711181641, 368.152374268, 368.593566895, 369.034729004, 369.475921631, 369.91708374, 370.369873047, 370.822662354, 371.26385498, 371.70501709, 372.146209717, 372.587371826, 373.028564453, 373.46975708, 373.910919189, 374.352111816, 374.793273926, 375.234466553, 375.675628662, 376.116821289, 376.557983398, 376.999176025, 377.440368652, 377.881530762, 378.322723389, 378.763885498, 379.205078125, 379.646240234, 380.099029541, 380.551818848, 380.993011475, 381.434173584, 381.875366211, 382.316558838, 382.757720947, 383.198913574, 383.640075684, 384.081268311, 384.52243042, 384.963623047, 385.404785156, 385.845977783, 386.28717041, 386.72833252, 387.169525146, 387.622314453, 388.07510376, 388.516265869, 388.957458496, 389.398620605, 389.839813232, 390.280975342, 390.722167969, 391.163360596, 391.604522705, 392.045715332, 392.486877441, 392.928070068, 393.369232178, 393.810424805, 394.251617432, 394.692779541, 395.133972168, 395.575134277, 396.016326904, 396.457489014, 396.91027832, 397.363067627, 397.804260254, 398.245422363, 398.68661499, 399.127807617, 399.568969727, 400.010162354, 400.451324463, 400.89251709, 401.333679199, 401.774871826, 402.216033936, 402.657226562, 403.098419189, 403.539581299, 403.980773926, 404.433563232, 404.886352539, 405.327514648, 405.768707275, 406.209869385, 406.651062012, 407.092224121, 407.533416748, 407.974609375, 408.415771484, 408.856964111, 409.298126221, 409.739318848, 410.180480957, 410.621673584, 411.062835693, 411.515625, 411.956817627, 412.398010254, 412.839172363, 413.29196167, 413.733154297, 414.174316406, 414.615509033, 415.056671143, 415.49786377, 415.939025879, 416.380218506, 416.821411133, 417.262573242, 417.703765869, 418.144927979, 418.586120605, 419.038909912, 419.491699219, 419.932861328, 420.374053955, 420.815216064, 421.256408691, 421.697601318, 422.138763428, 422.603179932, 423.079162598, 423.566802979, 424.054412842, 424.542022705, 425.006439209, 425.459228516, 425.900390625, 426.341583252, 426.782745361, 427.223937988, 427.665130615, 428.106292725, 428.547485352, 428.988647461, 429.429840088, 429.871002197, 430.312194824, 430.753356934, 431.20614624, 431.647338867, 432.100128174, 432.541320801, 432.98248291, 433.423675537, 433.864837646, 434.306030273, 434.747192383, 435.18838501, 435.629547119, 436.070739746, 436.511932373, 436.987915039, 437.463928223, 437.951568604, 438.439178467, 438.92678833, 439.391204834, 439.832366943, 440.27355957, 440.71472168, 441.167510986, 441.608703613, 442.049865723, 442.502655029, 442.943847656, 443.385040283, 443.826202393, 444.26739502, 444.708557129, 445.149749756, 445.590911865, 446.032104492, 446.473266602, 446.914459229, 447.355651855, 447.796813965, 448.238006592, 448.679168701, 449.120361328, 449.573150635, 450.025939941, 450.467102051, 450.908294678, 451.349456787, 451.790649414, 452.231842041, 452.67300415, 453.114196777, 453.555358887, 453.996551514, 454.437713623, 454.87890625, 455.320068359, 455.761260986, 456.202453613, 456.643615723, 457.08480835, 457.537597656, 457.978759766, 458.419952393, 458.861114502, 459.313903809, 459.755096436, 460.196258545, 460.637451172, 461.078643799, 461.519805908, 461.960998535, 462.402160645, 462.843353271, 463.284515381, 463.725708008, 464.166870117, 464.608062744, 465.060852051, 465.502044678, 465.943206787, 466.395996094, 466.837188721, 467.27835083, 467.719543457, 468.160705566, 468.601898193, 469.043060303, 469.47265625, 469.925445557, 470.366607666, 470.807800293, 471.248962402, 471.690155029, 472.131317139, 472.572509766, 473.013702393, 473.466491699, 473.907653809, 474.360443115, 474.801635742, 475.242797852, 475.683990479, 476.125152588, 476.566345215, 477.007507324, 477.448699951, 477.889892578, 478.331054688, 478.772247314, 479.213409424, 479.654602051, 480.09576416, 480.536956787, 480.978118896, 481.419311523, 481.86050415, 482.313293457, 482.766082764, 483.207244873, 483.6484375, 484.089599609, 484.530792236, 484.971954346, 485.413146973, 485.854309082, 486.295501709, 486.736694336, 487.177856445, 487.619049072, 488.060211182, 488.501403809, 488.942565918, 489.383758545, 489.824920654, 490.266113281, 490.707305908, 491.148468018, 491.589660645, 492.042449951, 492.495239258, 492.936401367, 493.377593994, 493.818756104, 494.25994873, 494.70111084, 495.142303467, 495.583496094, 496.024658203, 496.46585083, 496.907012939, 497.348205566, 497.789367676, 498.242156982, 498.694946289, 499.136138916, 499.577301025, 500.018493652, 500.459686279, 500.900848389, 501.342041016, 501.783203125, 502.224395752, 502.665557861, 503.106750488, 503.547912598, 503.989105225, 504.430297852, 504.871459961, 505.312652588, 505.753814697, 506.206604004, 506.659393311, 507.100585938, 507.541748047, 507.982940674, 508.424102783, 508.86529541, 509.306488037, 509.747650146, 510.188842773, 510.630004883, 511.07119751, 511.512359619, 511.965148926, 512.41796875, 512.859130859, 513.300292969, 513.741516113, 514.182678223, 514.623840332, 515.065002441, 515.506225586, 515.935791016, 516.376953125, 516.806518555, 517.259338379, 517.712097168, 518.153259277, 518.594482422, 519.035644531, 519.476806641, 519.91796875, 520.359191895, 520.800354004, 521.241516113, 521.682739258, 522.135498047, 522.576660156, 523.017883301, 523.47064209, 523.911804199, 524.353027344, 524.794189453, 525.235351562, 525.676513672, 526.117736816, 526.558898926, 527.000061035, 527.44128418, 527.882446289, 528.323608398, 528.764770508, 529.205993652, 529.647155762, 530.099914551, 530.541137695, 530.993896484, 531.435119629, 531.876281738, 532.317443848, 532.758605957, 533.199829102, 533.640991211, 534.08215332, 534.523376465, 534.964538574, 535.405700684, 535.846862793, 536.288085938, 536.729248047, 537.170410156, 537.611572266, 538.05279541, 538.49395752, 538.935119629, 539.376342773, 539.829101562, 540.270263672, 540.723083496, 541.164245605, 541.605407715, 542.046630859, 542.487792969, 542.928955078, 543.370178223, 543.822937012, 544.264099121, 544.716918945, 545.158081055, 545.599243164, 546.040466309, 546.481628418, 546.922790527, 547.363952637, 547.805175781, 548.246337891, 548.6875, 549.128723145, 549.569885254, 550.011047363, 550.452209473, 550.893432617, 551.334594727, 551.775756836, 552.21697998, 552.65814209, 553.099304199, 553.552124023, 554.004882812, 554.446044922, 554.887268066, 555.328430176, 555.769592285, 556.210754395, 556.651977539, 557.093139648, 557.534301758, 557.975524902, 558.416687012, 558.857849121, 559.29901123, 559.740234375, 560.181396484, 560.622558594, 561.063781738, 561.516540527, 561.969360352, 562.410522461, 562.85168457, 563.29284668, 563.734069824, 564.175231934, 564.616394043, 565.057556152, 565.498779297, 565.939941406, 566.381103516, 566.82232666, 567.26348877, 567.704650879, 568.145812988, 568.587036133, 569.028198242, 569.469360352, 569.910583496, 570.351745605, 570.792907715, 571.234069824, 571.675292969, 572.116455078, 572.673706055, 573.219421387, 573.765075684, 574.32232666, 574.879638672, 575.436889648, 575.99420166, 576.551452637, 577.097106934, 577.642822266, 578.200073242, 578.757385254, 579.31463623, 579.860290527, 580.406005859, 580.963256836, 581.520507812, 582.066223145, 582.611877441, 583.169128418, 583.72644043, 584.283691406, 584.841003418, 585.398254395, 585.955566406, 586.501220703, 587.162963867, 587.836364746, 588.509765625, 589.171508789, 589.833251953, 590.483459473, 591.145202637, 591.795349121, 592.45715332, 593.130493164, 593.803894043, 594.465637207, 595.127441406, 595.777587891, 596.323242188, 596.880554199, 597.437805176, 597.995117188, 598.552368164, 599.098022461, 599.655334473, 600.212585449, 600.758239746, 601.303955078, 601.861206055, 602.418518066, 602.975769043, 603.53302002, 604.090332031, 604.647583008, 605.19329834, 605.738952637, 606.296203613, 606.841918945, 607.399169922, 607.944824219, 608.50213623, 609.059387207, 609.512207031, 609.953369141, 610.40612793, 610.847351074, 611.288513184, 611.718078613, 612.159240723, 612.600463867, 613.030029297, 613.471191406, 613.912353516, 614.35357666, 614.79473877, 615.247497559, 615.700317383, 616.141479492, 616.582641602, 617.023864746, 617.465026855, 617.906188965, 618.347351074, 618.788574219, 619.229736328, 619.670898438, 620.112121582, 620.553283691, 620.994445801, 621.43560791, 621.888427734, 622.341186523, 622.782409668, 623.223571777, 623.664733887, 624.105957031, 624.547119141, 624.98828125, 625.429443359, 625.975158691, 626.532409668, 627.078063965, 627.635375977, 628.192626953, 628.749938965, 629.295593262, 629.841247559, 630.39855957, 630.955810547, 631.513122559, 632.070373535, 632.627624512, 633.31262207, 633.997619629, 634.682617188, 635.367614746, 636.041015625, 636.714355469, 637.387756348, 638.049499512, 638.711303711, 639.373046875, 640.034790039, 640.696594238, 641.358337402, 642.020141602, 642.681884766, 643.343688965, 644.005432129, 644.678833008, 645.340576172, 646.002319336, 646.675720215, 647.337463379, 647.999267578, 648.661010742, 649.322814941, 649.984558105, 650.657958984, 651.319702148, 651.981506348, 652.643249512, 653.316650391, 653.978393555, 654.640197754, 655.301940918, 655.963684082, 656.625488281, 657.287231445, 657.949035645, 658.610778809, 659.284179688, 659.841430664, 660.398742676, 660.967590332, 661.432006836, 661.884765625, 662.349182129, 662.802001953, 663.254760742, 663.695922852, 664.148742676, 664.601501465, 665.042724609, 665.483886719, 665.925048828, 666.366271973, 666.807434082, 667.248596191, 667.689758301, 668.130981445, 668.572143555, 669.013305664, 669.454528809, 669.895690918, 670.336853027, 670.778015137, 671.219238281, 671.67199707, 672.11315918, 672.565979004, 673.007141113, 673.448303223, 673.889526367, 674.330688477, 674.771850586, 675.201416016, 675.64263916, 676.08380127, 676.536560059, 676.977783203, 677.418945312, 677.860107422, 678.301330566, 678.742492676, 679.195251465, 679.648071289, 680.089233398, 680.530395508, 680.971618652, 681.412780762, 681.853942871, 682.29510498, 682.736328125, 683.177490234, 683.618652344, 684.059875488, 684.501037598, 684.942199707, 685.383361816, 685.824584961, 686.26574707, 686.70690918, 687.159729004, 687.612487793, 688.053710938, 688.494873047, 688.936035156, 689.377197266, 689.81842041, 690.25958252, 690.700744629, 691.141967773, 691.583129883, 692.024291992, 692.465454102, 692.918273926, 693.359436035, 693.812255859, 694.253417969, 694.694580078, 695.135742188, 695.576965332, 696.018127441, 696.459289551, 696.900512695, 697.341674805, 697.782836914, 698.223999023, 698.665222168, 699.106384277, 699.547546387, 699.988769531, 700.44152832, 700.894348145, 701.335510254, 701.776672363, 702.217834473, 702.659057617, 703.100219727, 703.541381836, 703.982543945, 704.42376709, 704.864929199, 705.306091309, 705.747314453, 706.188476562, 706.629638672, 707.070800781, 707.523620605, 707.964782715, 708.417602539, 708.858764648, 709.299926758, 709.741149902, 710.182312012, 710.623474121, 711.06463623, 711.505859375, 711.947021484, 712.388183594, 712.829345703, 713.270568848, 713.711730957, 714.152893066, 714.594116211, 715.046875, 715.488037109, 715.940856934, 716.382019043, 716.823181152, 717.264404297, 717.705566406, 718.146728516, 718.58795166, 719.02911377, 719.470275879, 719.911437988, 720.352661133, 720.793823242, 721.234985352, 721.664550781, 722.094116211, 722.535339355, 722.976501465, 723.417663574, 723.928527832, 724.439331055, 724.950195312, 725.402954102, 725.855773926, 726.308532715, 726.761352539, 727.214111328, 727.666931152, 728.119689941, 728.572509766, 729.013671875, 729.454833984, 729.907653809, 730.360412598, 730.801635742, 731.184753418, 731.567871094, 731.95098877, 732.34576416, 732.798522949, 733.239685059, 733.692504883, 734.145263672, 734.598083496, 735.050842285, 735.49206543, 735.944824219, 736.397644043, 736.861999512, 737.326416016, 737.79083252, 738.255249023, 738.719604492, 739.172424316, 739.625183105, 740.06640625, 740.507568359, 740.948730469, 741.389892578, 741.831115723, 742.272277832, 742.713439941, 743.154663086, 743.595825195, 744.036987305, 744.478149414, 744.919372559, 745.360534668, 745.801696777, 746.254516602, 746.695678711, 747.1484375, 747.589660645, 748.030822754, 748.471984863, 748.913208008, 749.354370117, 749.807128906, 750.25994873, 750.70111084, 751.13067627, 751.571838379, 752.001464844, 752.442626953, 752.883789062, 753.324951172, 753.766174316, 754.218933105, 754.660095215, 755.112915039, 755.554077148, 755.995239258, 756.436462402, 756.877624512, 757.318786621, 757.760009766, 758.201171875, 758.642333984, 759.083496094, 759.524719238, 759.965881348, 760.418701172, 760.871459961, 761.31262207, 761.753845215, 762.195007324, 762.636169434, 763.077331543, 763.518554688, 763.959716797, 764.400878906, 764.842102051, 765.29486084, 765.770874023, 766.246887207, 766.722900391, 767.198913574, 767.686523438, 768.150939941, 768.60369873, 769.04486084, 769.486083984, 769.927246094, 770.368408203, 770.809570312, 771.250793457, 771.691955566, 772.133117676, 772.5859375, 773.038696289, 773.479919434, 773.921081543, 774.362243652, 774.803405762, 775.244628906, 775.685791016, 776.126953125, 776.56817627, 777.009338379, 777.450500488, 777.891662598, 778.332885742, 778.785644531, 779.226806641, 779.668029785, 780.120788574, 780.561950684, 781.003173828, 781.444335938, 781.885498047, 782.326721191, 782.767883301, 783.20904541, 783.65020752, 784.091430664, 784.532592773, 784.973754883, 785.414978027, 785.867736816, 786.308898926, 786.75012207, 787.202880859, 787.644042969, 788.085266113, 788.526428223, 788.967590332, 789.408813477, 789.849975586, 790.291137695, 790.732299805, 791.173522949, 791.614685059, 792.067443848, 792.508666992, 792.961425781, 793.402587891, 793.843811035, 794.284973145, 794.726135254, 795.167358398, 795.608520508, 796.049682617, 796.490844727, 796.932067871, 797.37322998, 797.81439209, 798.255615234, 798.696777344, 799.137939453, 799.579101562, 800.020324707, 800.461486816, 800.902648926, 801.343811035, 801.78503418, 802.226196289, 802.667358398, 803.120178223, 803.572937012, 804.014160156, 804.455322266, 804.896484375, 805.337646484, 805.778869629, 806.220031738, 806.661193848, 807.102416992, 807.543579102, 807.996337891, 808.449157715, 808.890319824, 809.331481934, 809.772705078, 810.213867188, 810.655029297, 811.096191406, 811.537414551, 811.97857666, 812.41973877, 812.860961914, 813.302124023, 813.743286133, 814.184448242, 814.625671387, 815.066833496, 815.507995605, 815.96081543, 816.413574219, 816.854797363, 817.295959473, 817.737121582, 818.178283691, 818.619506836, 819.060668945, 819.501831055, 819.966247559, 820.430664062, 820.906677246, 821.38269043, 821.870300293, 822.357910156, 822.82232666, 823.275085449, 823.727905273, 824.180664062, 824.621826172, 825.051391602, 825.492614746, 825.933776855, 826.374938965, 826.816101074, 827.257324219, 827.698486328, 828.139648438, 828.580871582, 829.022033691, 829.463195801, 829.90435791, 830.345581055, 830.798339844, 831.251159668, 831.692321777, 832.133483887, 832.574707031, 833.015869141, 833.45703125, 833.898193359, 834.339416504, 834.780578613, 835.221740723, 835.662902832, 836.115722656, 836.568481445, 837.032897949, 837.497314453, 837.973327637, 838.44934082, 838.925354004, 839.401367188, 839.854125977, 840.306945801, 840.74810791, 841.18927002, 841.642089844, 842.083251953, 842.536010742, 842.977233887, 843.418395996, 843.859558105, 844.30078125, 844.741943359, 845.183105469, 845.624267578, 846.065490723, 846.506652832, 846.947814941, 847.389038086, 847.830200195, 848.271362305, 848.724182129, 849.165344238, 849.606506348, 850.059326172, 850.500488281, 850.941650391, 851.3828125, 851.824035645, 852.265197754, 852.706359863, 853.147583008, 853.588745117, 854.029907227, 854.471069336, 854.91229248, 855.35345459, 855.806213379, 856.259033203, 856.700195312, 857.141418457, 857.582580566, 858.023742676, 858.464904785, 858.90612793, 859.347290039, 859.788452148, 860.229614258, 860.670837402, 861.111999512, 861.553161621, 861.994384766, 862.435546875, 862.888305664, 863.341125488, 863.782287598, 864.223449707, 864.664672852, 865.105834961, 865.54699707, 865.988220215, 866.429382324, 866.870544434, 867.311706543, 867.752929688, 868.194091797, 868.635253906, 869.076477051, 869.51763916, 869.95880127, 870.399963379, 870.841186523, 871.282348633, 871.723510742, 872.164672852, 872.617492676, 873.070251465, 873.511474609, 873.952636719, 874.393798828, 874.835021973, 875.276184082, 875.717346191, 876.158508301, 876.599731445, 877.040893555, 877.482055664, 877.923278809, 878.364440918, 878.805603027, 879.258422852, 879.711181641, 880.15234375, 880.593566895, 881.034729004, 881.475891113, 881.917053223, 882.346679688, 882.787841797, 883.217407227, 883.658569336, 884.099731445, 884.471252441, 884.842773438, 885.225952148, 885.609069824, 885.9921875, 886.363708496, 886.735229492, 887.106750488],
    "bpm_histogram": [0, 0, 0, 0, 0, 0, 0, 0, 0, 0, 0, 0, 0, 0, 0, 0, 0, 0, 0, 0, 0, 0, 0, 0, 0, 0, 0, 0, 0, 0, 0, 0, 0, 0, 0, 0, 0, 0, 0, 0, 0, 0, 0, 0, 0, 0, 0, 0, 0, 0, 0, 0, 0, 0, 0, 0, 0, 0, 0, 0, 0, 0, 0, 0, 0, 0, 0, 0, 0, 0, 0, 0, 0, 0, 0, 0, 0, 0, 0, 0, 0, 0, 0, 0, 0, 0, 0, 0, 0.00204603583552, 0.00613810727373, 0, 0.0179028138518, 0.00153452681843, 0, 0, 0, 0, 0, 0, 0, 0, 0, 0, 0, 0, 0.00051150895888, 0, 0, 0.0225063934922, 0, 0.0107416883111, 0, 0, 0, 0, 0, 0, 0.00153452681843, 0, 0, 0.00051150895888, 0, 0, 0.00767263444141, 0, 0, 0.0127877239138, 0, 0, 0.0209718663245, 0, 0, 0, 0.122762151062, 0, 0, 0.756521761417, 0, 0, 0, 0.00971867050976, 0, 0, 0, 0, 0, 0, 0, 0, 0, 0, 0, 0.00051150895888, 0, 0, 0, 0, 0.00306905363686, 0, 0, 0, 0.00255754473619, 0, 0, 0, 0, 0, 0, 0, 0, 0, 0, 0, 0, 0, 0, 0, 0, 0, 0, 0, 0, 0, 0, 0, 0, 0, 0, 0, 0, 0, 0, 0, 0, 0, 0, 0, 0, 0, 0, 0, 0, 0, 0, 0, 0, 0, 0, 0, 0, 0, 0, 0, 0, 0, 0, 0, 0, 0, 0, 0, 0, 0, 0, 0, 0, 0, 0, 0, 0, 0, 0, 0, 0, 0, 0, 0, 0, 0, 0, 0, 0, 0, 0, 0, 0, 0, 0, 0, 0]
},
"tonal": {
    "chords_changes_rate": 0.0731171518564,
    "chords_number_rate": 0.00109832640737,
    "chords_strength": {
        "mean": 0.535566389561,
        "stdev": 0.102369710803
    },
    "hpcp_crest": {
        "mean": 14.1625518799,
        "stdev": 7.22909259796
    },
    "hpcp_entropy": {
        "mean": 1.97891402245,
        "stdev": 0.821999311447
    },
    "key_edma": {
        "strength": 0.674169242382,
        "key": "F#",
        "scale": "major"
    },
    "key_krumhansl": {
        "strength": 0.676627576351,
        "key": "F#",
        "scale": "major"
    },
    "key_temperley": {
        "strength": 0.680684804916,
        "key": "F#",
        "scale": "major"
    },
    "tuning_diatonic_strength": 0.635519683361,
    "tuning_equal_tempered_deviation": 0.166525617242,
    "tuning_frequency": 434.193115234,
    "tuning_nontempered_energy_ratio": 0.862298309803,
    "hpcp": {
        "mean": [0.194922313094, 0.119496904314, 0.0842520743608, 0.0982301458716, 0.147774457932, 0.164443731308, 0.11317307502, 0.098240531981, 0.12760296464, 0.116323813796, 0.082431666553, 0.0955321788788, 0.10532130301, 0.111116416752, 0.146103084087, 0.132069990039, 0.0770606398582, 0.0512556880713, 0.054579615593, 0.0850749537349, 0.141603469849, 0.129003971815, 0.0685022622347, 0.0649532973766, 0.0789262130857, 0.0942440181971, 0.136484771967, 0.136586546898, 0.125495493412, 0.159256115556, 0.137160345912, 0.0847704038024, 0.083441324532, 0.0945628359914, 0.107470571995, 0.177146285772],
        "stdev": [0.313146948814, 0.230715706944, 0.204593583941, 0.223265275359, 0.272227436304, 0.28840982914, 0.221291840076, 0.217199116945, 0.268941551447, 0.243206888437, 0.186982095242, 0.205060601234, 0.222137048841, 0.20359005034, 0.244280204177, 0.246330931783, 0.17334240675, 0.147245019674, 0.149770200253, 0.19457256794, 0.258435696363, 0.237268969417, 0.155302330852, 0.167781978846, 0.193771123886, 0.193170815706, 0.244509145617, 0.256969332695, 0.216539621353, 0.279450297356, 0.257474780083, 0.192376926541, 0.187890186906, 0.212532833219, 0.214479342103, 0.289556860924]
    },
    "chords_histogram": [7.78765678406, 8.22698783875, 3.77615070343, 2.54707121849, 1.78870296478, 0.0523012541234, 2.03974890709, 2.73012542725, 4.98953962326, 3.93828463554, 3.69769883156, 1.50104606152, 2.54184103012, 0.010460251011, 1.70502090454, 1.75209200382, 7.37970733643, 19.3305435181, 4.31485366821, 2.21757316589, 0.151673644781, 2.08682012558, 6.8305439949, 8.603556633],
    "thpcp": [1, 0.61304885149, 0.432234108448, 0.503945112228, 0.758119761944, 0.843637287617, 0.580606043339, 0.503998398781, 0.654634952545, 0.596770107746, 0.422894984484, 0.49010387063, 0.540324509144, 0.570054888725, 0.74954521656, 0.677551925182, 0.395340263844, 0.262954443693, 0.280007004738, 0.436455696821, 0.726461052895, 0.661822497845, 0.35143366456, 0.333226591349, 0.404911130667, 0.483495265245, 0.700200855732, 0.70072299242, 0.64382314682, 0.817023515701, 0.703666746616, 0.434893280268, 0.428074777126, 0.485130906105, 0.551350772381, 0.908804535866],
    "chords_key": "F#",
    "chords_scale": "minor"
}
}