{
"metadata": {
    "version": {
        "essentia": "2.1-dev",
        "essentia_git_sha": "v2.1_beta3-415-gd5473f3",
        "extractor": "music 2.0"
    },
    "audio_properties": {
        "analysis": {
            "equal_loudness": 0,
            "length": 137.769790649,
            "sample_rate": 44100,
            "start_time": 0,
            "downmix": "mix"
        },
        "bit_rate": 192000,
        "length": 137.769790649,
        "lossless": 0,
        "number_channels": 2,
        "replay_gain": -8.17381858826,
        "sample_rate": 44100,
        "codec": "mp3",
        "md5_encoded": "e2fb0072e46ea86fa658beb240876dd8"
    },
    "tags": {
        "file_name": "anders_burmans_sextett-if_i_were_a_bell.mp3",
        "album": ["Svensk Jazzhistoria Vol 8 "],
        "artist": ["Anders Burmans Sextett"],
        "date": ["2002"],
        "genre": ["Jazz"],
        "title": ["If I Were A Bell "]
    }
},
"lowlevel": {
    "average_loudness": 0.886700093746,
    "barkbands_crest": {
        "mean": 8.71471118927,
        "stdev": 3.32053303719
    },
    "barkbands_flatness_db": {
        "mean": 0.111794926226,
        "stdev": 0.0400636643171
    },
    "barkbands_kurtosis": {
        "mean": 2.09086370468,
        "stdev": 2.86552238464
    },
    "barkbands_skewness": {
        "mean": 1.10148143768,
        "stdev": 0.810365200043
    },
    "barkbands_spread": {
        "mean": 23.9539337158,
        "stdev": 15.708117485
    },
    "dissonance": {
        "mean": 0.447510659695,
        "stdev": 0.0357406586409
    },
    "dynamic_complexity": 5.49184513092,
    "erbbands_crest": {
        "mean": 9.2800655365,
        "stdev": 4.32894277573
    },
    "erbbands_flatness_db": {
        "mean": 0.151380285621,
        "stdev": 0.0572714917362
    },
    "erbbands_kurtosis": {
        "mean": 1.08310008049,
        "stdev": 2.91615080833
    },
    "erbbands_skewness": {
        "mean": 0.616893351078,
        "stdev": 0.664598166943
    },
    "erbbands_spread": {
        "mean": 37.5260314941,
        "stdev": 26.5814666748
    },
    "hfc": {
        "mean": 17.5486392975,
        "stdev": 18.7496528625
    },
    "loudness_ebu128": {
        "integrated": -17.2431221008,
        "loudness_range": 5.45327854156,
        "momentary": {
            "mean": -21.7597446442,
            "stdev": 24.6964855194
        },
        "short_term": {
            "mean": -18.2199020386,
            "stdev": 4.75578260422
        }
    },
    "melbands_crest": {
        "mean": 11.7732610703,
        "stdev": 4.4493803978
    },
    "melbands_flatness_db": {
        "mean": 0.157351106405,
        "stdev": 0.0415170975029
    },
    "melbands_kurtosis": {
        "mean": 8.04043674469,
        "stdev": 11.0263004303
    },
    "melbands_skewness": {
        "mean": 1.84762692451,
        "stdev": 1.43942427635
    },
    "melbands_spread": {
        "mean": 25.6916255951,
        "stdev": 16.6861724854
    },
    "pitch_salience": {
        "mean": 0.640315532684,
        "stdev": 0.105693310499
    },
    "silence_rate_20dB": {
        "mean": 1,
        "stdev": 0
    },
    "silence_rate_30dB": {
        "mean": 1,
        "stdev": 0
    },
    "silence_rate_60dB": {
        "mean": 0.233024433255,
        "stdev": 0.422765761614
    },
    "spectral_centroid": {
        "mean": 1386.71459961,
        "stdev": 1155.1751709
    },
    "spectral_complexity": {
        "mean": 12.469250679,
        "stdev": 7.37811088562
    },
    "spectral_decrease": {
        "mean": -3.92814047956e-09,
        "stdev": 4.10390299521e-09
    },
    "spectral_energy": {
        "mean": 0.0164174064994,
        "stdev": 0.0170585010201
    },
    "spectral_energyband_high": {
        "mean": 0.000446940073743,
        "stdev": 0.000668843684252
    },
    "spectral_energyband_low": {
        "mean": 0.000755875895265,
        "stdev": 0.000761504808906
    },
    "spectral_energyband_middle_high": {
        "mean": 0.00694359280169,
        "stdev": 0.00927108060569
    },
    "spectral_energyband_middle_low": {
        "mean": 0.00861201900989,
        "stdev": 0.00987780001014
    },
    "spectral_entropy": {
        "mean": 7.68787193298,
        "stdev": 0.518206238747
    },
    "spectral_flux": {
        "mean": 0.0548443607986,
        "stdev": 0.0370420143008
    },
    "spectral_kurtosis": {
        "mean": 4.03336620331,
        "stdev": 3.12529683113
    },
    "spectral_rms": {
        "mean": 0.00343208760023,
        "stdev": 0.00205856678076
    },
    "spectral_rolloff": {
        "mean": 2090.86206055,
        "stdev": 2471.22167969
    },
    "spectral_skewness": {
        "mean": 1.65769720078,
        "stdev": 0.517438769341
    },
    "spectral_spread": {
        "mean": 6392825.5,
        "stdev": 4293847.5
    },
    "spectral_strongpeak": {
        "mean": 1.38822889328,
        "stdev": 1.5992064476
    },
    "zerocrossingrate": {
        "mean": 0.0893316119909,
        "stdev": 0.0584882386029
    },
    "barkbands": {
        "mean": [1.26473833006e-06, 0.000356643053237, 0.000229384866543, 0.000302413303871, 0.00148825207725, 0.00176636863034, 0.000599913124461, 0.00218928721733, 0.0019273608923, 0.00108941155486, 0.00123267783783, 0.00173610518686, 0.000621729705017, 0.000517819251399, 0.000683558988385, 0.00053502357332, 0.000334482145263, 0.000187651894521, 0.00011491868645, 9.95966765913e-05, 6.33418530924e-05, 6.27281624475e-05, 7.43785203667e-05, 0.000101507786894, 6.68486391078e-05, 2.67416089628e-05, 8.00127872935e-06],
        "stdev": [2.30495083997e-06, 0.000374922412448, 0.000367303116946, 0.000450004357845, 0.00377100845799, 0.00259123765863, 0.00154174247291, 0.0047171022743, 0.00453716842458, 0.00223505846225, 0.00275346986018, 0.00357017386705, 0.00161148502957, 0.00118095322978, 0.0013077306794, 0.00128589686938, 0.0006712366594, 0.000332656200044, 0.000170856219484, 0.000175262539415, 9.86299855867e-05, 0.000105151251773, 0.000134447065648, 0.000165443692822, 0.000102315636468, 4.8768837587e-05, 2.85206078843e-05]
    },
    "erbbands": {
        "mean": [0.00707302056253, 0.0921883508563, 0.23649713397, 0.788029193878, 2.78496003151, 5.55457019806, 9.32045841217, 15.1470527649, 9.86498832703, 14.1791553497, 60.5581550598, 49.0792503357, 31.1339359283, 42.4276733398, 52.3494377136, 84.0901565552, 33.4332466125, 28.5262317657, 36.325668335, 32.200553894, 24.6476993561, 15.8318557739, 10.9133481979, 8.3346414566, 5.295337677, 4.77274656296, 3.19778394699, 2.16572546959, 2.03334999084, 2.39079713821, 2.0182762146, 2.2113199234, 1.55546820164, 0.877547204494, 0.421586066484, 0.144890710711, 0.0427042357624, 0.0104978717864, 0.00135252275504, 9.81934572337e-05],
        "stdev": [0.00858424510807, 0.0941437035799, 0.300442069769, 1.10789728165, 8.46818733215, 14.0719499588, 14.1080589294, 27.9945487976, 21.7324771881, 27.1061439514, 131.577194214, 109.643463135, 67.4078445435, 78.9538650513, 121.157493591, 173.986221313, 77.996963501, 52.6939506531, 70.0077056885, 61.4924125671, 53.307849884, 31.8023319244, 18.2405357361, 14.0213441849, 8.1020116806, 8.94335651398, 4.9205994606, 3.50277495384, 3.48577213287, 3.87642240524, 3.73722910881, 3.72306251526, 2.54294252396, 1.40903878212, 0.614869654179, 0.244406595826, 0.0818787589669, 0.0237793866545, 0.00511961523443, 0.000353326060576]
    },
    "gfcc": {
        "mean": [-41.1575813293, 61.9798660278, -117.179389954, 4.03464889526, -66.8458786011, 18.8732223511, -45.8544158936, 10.1430683136, -28.0117359161, 2.0227098465, -15.8953609467, 1.90950727463, -10.7693595886],
        "cov": [[26100.671875, 1126.20483398, -2966.43408203, -408.477600098, -820.50402832, 93.6659851074, -764.697570801, 23.0605487823, -396.898834229, -60.0927810669, -177.7394104, 45.4060935974, -14.3188743591], [1126.20483398, 725.463317871, -526.394104004, -245.126937866, -20.1051139832, 13.7524795532, -52.3376502991, 45.3321113586, -15.0709791183, -6.76845979691, -21.8920001984, -6.73236465454, 14.2956151962], [-2966.43408203, -526.394104004, 1605.49694824, 559.358764648, 1.59743702412, 191.404708862, 152.891677856, 41.2011909485, 34.4801063538, 12.3851680756, -6.08446550369, -34.5306015015, -83.3242034912], [-408.477600098, -245.126937866, 559.358764648, 487.992034912, 59.6967201233, 89.0903930664, 27.3083972931, 23.9303359985, -16.3364334106, 18.7605037689, -6.37616205215, -2.91305375099, -42.2344894409], [-820.50402832, -20.1051139832, 1.59743702412, 59.6967201233, 227.585098267, 15.8757190704, 51.9521141052, 0.819588363171, 36.6106452942, 3.72028517723, 32.8107795715, 14.4816789627, 22.3184986115], [93.6659851074, 13.7524795532, 191.404708862, 89.0903930664, 15.8757190704, 166.613861084, 41.0233879089, 57.6578559875, 5.70968294144, 29.3269748688, -1.18320536613, 12.805768013, -22.9708442688], [-764.697570801, -52.3376502991, 152.891677856, 27.3083972931, 51.9521141052, 41.0233879089, 115.491722107, 34.2587280273, 31.7191581726, 8.27995681763, 13.3766908646, -2.86359596252, 7.66027545929], [23.0605487823, 45.3321113586, 41.2011909485, 23.9303359985, 0.819588363171, 57.6578559875, 34.2587280273, 93.9266815186, 28.8146152496, 34.2276992798, 10.1693658829, 10.0217914581, -7.10232162476], [-396.898834229, -15.0709791183, 34.4801063538, -16.3364334106, 36.6106452942, 5.70968294144, 31.7191581726, 28.8146152496, 77.6854782104, 41.1419715881, 29.6315402985, 6.57230758667, 9.65203094482], [-60.0927810669, -6.76845979691, 12.3851680756, 18.7605037689, 3.72028517723, 29.3269748688, 8.27995681763, 34.2276992798, 41.1419715881, 75.121421814, 40.1009788513, 20.090681076, -2.24478650093], [-177.7394104, -21.8920001984, -6.08446550369, -6.37616205215, 32.8107795715, -1.18320536613, 13.3766908646, 10.1693658829, 29.6315402985, 40.1009788513, 70.5017089844, 38.122215271, 17.1162548065], [45.4060935974, -6.73236465454, -34.5306015015, -2.91305375099, 14.4816789627, 12.805768013, -2.86359596252, 10.0217914581, 6.57230758667, 20.090681076, 38.122215271, 62.2089614868, 31.3846168518], [-14.3188743591, 14.2956151962, -83.3242034912, -42.2344894409, 22.3184986115, -22.9708442688, 7.66027545929, -7.10232162476, 9.65203094482, -2.24478650093, 17.1162548065, 31.3846168518, 60.4645614624]],
        "icov": [[8.11056379462e-05, 2.3170692657e-05, 0.000243908842094, -0.000211745660636, 0.000339832302416, -0.000391237525037, 0.000312156364089, -6.77588177496e-05, -2.99239873129e-05, 0.000290133815724, -0.000239912609686, 0.000230610865401, -0.00015586851805], [2.3170692657e-05, 0.00226389267482, 0.000616288627498, 0.000654458766803, -0.000149342682562, -0.00127219094429, 0.00117502803914, -0.00173057650682, 0.000529349083081, 0.000496101565659, -0.000192924358998, 0.00154453341383, -0.000816840736661], [0.000243908842094, 0.000616288627498, 0.00247493619099, -0.0022910553962, 0.00224550208077, -0.00258966977708, -0.000521131325513, 0.000572101387661, -0.00206533633173, 0.00286667095497, -0.00179027148988, 0.00127550994512, 0.000323760556057], [-0.000211745660636, 0.000654458766803, -0.0022910553962, 0.00543706584722, -0.00339818093926, 0.00121495942585, 0.00100355036557, -0.0015819016844, 0.00404106918722, -0.00406693480909, 0.00259876181372, -0.0010981754167, 0.00087692035595], [0.000339832302416, -0.000149342682562, 0.00224550208077, -0.00339818093926, 0.00854928232729, -0.00329947611317, -0.00159940333106, 0.00209298077971, -0.00499923387542, 0.0057602818124, -0.00501116691157, 0.00161215104163, -0.00153044622857], [-0.000391237525037, -0.00127219094429, -0.00258966977708, 0.00121495942585, -0.00329947611317, 0.0137249482796, -0.0043227924034, -0.00337284803391, 0.00371522339992, -0.00693591730669, 0.00705791218206, -0.00818311981857, 0.0054705995135], [0.000312156364089, 0.00117502803914, -0.000521131325513, 0.00100355036557, -0.00159940333106, -0.0043227924034, 0.017027689144, -0.00594962947071, -0.00154800934251, 0.00388282747008, -0.00463986303657, 0.00763754127547, -0.0063886679709], [-6.77588177496e-05, -0.00173057650682, 0.000572101387661, -0.0015819016844, 0.00209298077971, -0.00337284803391, -0.00594962947071, 0.0195685103536, -0.00593065051362, -0.00386586831883, 0.00290378625505, -0.00481056049466, 0.003553109942], [-2.99239873129e-05, 0.000529349083081, -0.00206533633173, 0.00404106918722, -0.00499923387542, 0.00371522339992, -0.00154800934251, -0.00593065051362, 0.0283272136003, -0.0156128974631, -0.00103687378578, 0.00569508457556, -0.00516360718757], [0.000290133815724, 0.000496101565659, 0.00286667095497, -0.00406693480909, 0.0057602818124, -0.00693591730669, 0.00388282747008, -0.00386586831883, -0.0156128974631, 0.0354545600712, -0.0172964800149, 0.00119503086898, 0.00343846110627], [-0.000239912609686, -0.000192924358998, -0.00179027148988, 0.00259876181372, -0.00501116691157, 0.00705791218206, -0.00463986303657, 0.00290378625505, -0.00103687378578, -0.0172964800149, 0.0370325148106, -0.0211000498384, 0.00478927372023], [0.000230610865401, 0.00154453341383, 0.00127550994512, -0.0010981754167, 0.00161215104163, -0.00818311981857, 0.00763754127547, -0.00481056049466, 0.00569508457556, 0.00119503086898, -0.0211000498384, 0.0417679436505, -0.0211281999946], [-0.00015586851805, -0.000816840736661, 0.000323760556057, 0.00087692035595, -0.00153044622857, 0.0054705995135, -0.0063886679709, 0.003553109942, -0.00516360718757, 0.00343846110627, 0.00478927372023, -0.0211281999946, 0.0321864336729]]
    },
    "melbands": {
        "mean": [8.58571220306e-05, 0.000127818071633, 0.000166609243024, 0.000331204937538, 0.000298032304272, 0.000335633609211, 0.000144706689753, 0.000188512669411, 0.000499156303704, 0.000291605916573, 0.000147290003952, 0.00016640915419, 0.000154220600962, 0.000210738464375, 0.000138608011184, 5.66301423532e-05, 5.2683721151e-05, 5.64759975532e-05, 4.23794881499e-05, 4.96608190588e-05, 2.39288729063e-05, 1.73853641172e-05, 1.32404411488e-05, 8.04431238066e-06, 6.64003073325e-06, 3.85543671655e-06, 3.61541788152e-06, 2.97928249893e-06, 2.21376717491e-06, 1.32439186018e-06, 1.26378756704e-06, 1.11043243578e-06, 1.2913936871e-06, 1.32224624849e-06, 1.0320364936e-06, 1.40733527587e-06, 1.32414845666e-06, 1.09118366254e-06, 9.54727852331e-07, 6.83865039264e-07],
        "stdev": [9.5548130048e-05, 0.000133672408992, 0.000269673124421, 0.00099500536453, 0.000418559764512, 0.000569129013456, 0.000333111180225, 0.000352835020749, 0.00108543992974, 0.000707523140591, 0.000336201075697, 0.0003297207586, 0.000355760887032, 0.000403346522944, 0.000301508029224, 0.000120860873722, 0.000113034438982, 0.000115540911793, 8.56513506733e-05, 0.000115407914564, 5.41260342288e-05, 3.66743697668e-05, 2.91272262984e-05, 1.46941702042e-05, 1.15725042633e-05, 5.65153004572e-06, 6.2102890297e-06, 6.05553259447e-06, 3.44354202753e-06, 2.11754286283e-06, 2.22030257646e-06, 1.99175383386e-06, 2.19915477828e-06, 2.22823791773e-06, 1.99593932848e-06, 2.60004821939e-06, 2.22611106437e-06, 1.86356692211e-06, 1.53523160407e-06, 1.11224107968e-06]
    },
    "melbands128": {
        "mean": [1.07324001419e-06, 3.30343682435e-05, 0.000138941715704, 0.000155322879436, 0.000110797394882, 0.00012328059529, 0.000160026771482, 0.00014105005539, 0.000249562057434, 0.000459222093923, 0.000364450825145, 0.000188719932339, 0.00033366351272, 0.000350666901795, 0.000407401385019, 0.000281675253063, 0.000194814347196, 0.000109782355139, 0.000123797581182, 0.000122396522784, 0.000180113129318, 0.000458643917227, 0.000707093975507, 0.000325890840031, 0.000294396391837, 0.000324178603478, 0.000139370749821, 0.000151473737787, 9.58982127486e-05, 0.0001987269643, 0.000184407195775, 0.000127623410663, 0.000125797800138, 0.00024440564448, 7.6045987953e-05, 0.000278363761026, 0.000313885102514, 8.9520966867e-05, 8.40593056637e-05, 5.83722758165e-05, 4.71190469398e-05, 5.46412884432e-05, 4.77022585983e-05, 5.87183894822e-05, 4.33903333033e-05, 5.72382959945e-05, 7.79749971116e-05, 3.5322682379e-05, 3.22707564919e-05, 3.82786893169e-05, 7.1336144174e-05, 3.59534096788e-05, 1.92890001927e-05, 2.27347536566e-05, 2.48429441854e-05, 1.47919008668e-05, 1.0910371202e-05, 1.90704395209e-05, 1.2408026123e-05, 7.65698951e-06, 6.51105165161e-06, 8.51647928357e-06, 1.0135332559e-05, 5.43984106116e-06, 2.72714692073e-06, 4.13562656831e-06, 4.23670917371e-06, 3.16866339745e-06, 3.225409273e-06, 4.79877098769e-06, 2.45701880885e-06, 2.68406074611e-06, 2.37415247284e-06, 2.24700897888e-06, 1.85074759429e-06, 1.27677594719e-06, 1.21205164305e-06, 1.04816524527e-06, 1.38151767715e-06, 1.33107539568e-06, 1.16014996365e-06, 9.91690171759e-07, 9.89388695416e-07, 1.41367627293e-06, 1.44528257806e-06, 1.41837836054e-06, 1.3269190049e-06, 1.01145519693e-06, 9.01572718703e-07, 1.10408859655e-06, 1.37503786846e-06, 1.50320943249e-06, 1.46138495438e-06, 1.41320992952e-06, 1.10638518436e-06, 1.21758614569e-06, 9.59161866376e-07, 1.13291525849e-06, 1.09407847049e-06, 8.0850793438e-07, 6.62829791054e-07, 6.43702378511e-07, 7.41728854337e-07, 5.74886314553e-07, 4.58012237914e-07, 4.0007907387e-07, 3.18405142252e-07, 2.88202983256e-07, 2.52823724622e-07, 1.93277429617e-07, 1.58455989663e-07, 1.43396661656e-07, 1.28317367398e-07, 1.20290309269e-07, 1.00189922136e-07, 9.95059821207e-08, 8.56788346937e-08, 5.07526856097e-08, 3.49030599978e-08, 4.56415136796e-08, 3.76301407812e-08, 2.91694011167e-08, 3.7115874818e-08, 3.12091117394e-08, 8.86272000233e-10, 2.26079419942e-12, 2.23382293565e-12, 2.21684758224e-12],
        "stdev": [2.11553128793e-06, 4.74675907753e-05, 0.000170907616848, 0.000161731572007, 0.000134797548526, 0.000212516999454, 0.000244904367719, 0.000233492799453, 0.000825480150525, 0.00171900924761, 0.00104642519727, 0.000356062635547, 0.000640373502392, 0.000662449805532, 0.000981670571491, 0.00061611662386, 0.000591429066844, 0.000442289776402, 0.000509301200509, 0.000334544369252, 0.000557424675208, 0.00114649476018, 0.00177454121877, 0.00129289412871, 0.000873823999427, 0.00110453099478, 0.000576412305236, 0.000537668005563, 0.00031018233858, 0.000537445244845, 0.000456152454717, 0.000365656043869, 0.000378099794034, 0.000860211381223, 0.000282747263554, 0.000692034256645, 0.000781725160778, 0.000431614666013, 0.000400239485316, 0.000198850830202, 0.000130345491925, 0.000170542058186, 0.000129876643769, 0.00019547867123, 0.000200068257982, 0.00016032140411, 0.000226860182011, 0.000153010594659, 0.000102543490357, 0.00012676975166, 0.000211376624065, 0.000144747202285, 8.21908324724e-05, 6.74577022437e-05, 6.08912559983e-05, 5.77635073569e-05, 3.99884520448e-05, 7.15238857083e-05, 3.10757386615e-05, 1.76347311935e-05, 1.96880700969e-05, 2.91608321277e-05, 2.55409231613e-05, 1.12958268801e-05, 4.64226332042e-06, 7.33882643544e-06, 8.56354108691e-06, 1.0157385077e-05, 6.1089490373e-06, 1.3292426047e-05, 9.05849447008e-06, 6.054068308e-06, 4.99493626194e-06, 3.96956693294e-06, 4.04807633458e-06, 2.34879325944e-06, 2.0589959604e-06, 1.90843115888e-06, 2.91724836643e-06, 2.67979407909e-06, 2.48416063187e-06, 1.93504070012e-06, 1.99568989956e-06, 2.77368644674e-06, 2.75159413832e-06, 2.33457262766e-06, 2.52575728155e-06, 2.39679616243e-06, 1.77058836925e-06, 2.34505819208e-06, 2.87641864816e-06, 2.95564132102e-06, 2.56533439824e-06, 2.35984180108e-06, 2.26110068979e-06, 2.32657589549e-06, 1.72149736954e-06, 1.88959404568e-06, 1.81754592177e-06, 1.41169823564e-06, 1.28508543185e-06, 1.13907253763e-06, 1.11778444989e-06, 8.29265729863e-07, 6.99178485775e-07, 6.92503590471e-07, 5.48752382201e-07, 5.09941287419e-07, 4.5601268539e-07, 3.76632726784e-07, 3.10706496975e-07, 3.10785566171e-07, 2.61640309418e-07, 2.34250563835e-07, 2.15602341314e-07, 2.26586777785e-07, 1.96369597916e-07, 2.01045082804e-07, 1.72151146671e-07, 2.31867446132e-07, 1.83152749855e-07, 1.54641412564e-07, 2.1324598265e-07, 1.75625203269e-07, 8.42475600393e-09, 4.69794602526e-12, 4.65151138093e-12, 4.62520343206e-12]
    },
    "mfcc": {
        "mean": [-676.827819824, 102.200820923, -1.08545422554, -7.62373781204, 1.07893967628, -2.87958145142, -2.61777019501, -0.440910518169, -4.61398220062, -0.518678307533, -5.56771755219, -1.92671811581, -0.214543804526],
        "cov": [[10928.5703125, 1455.99731445, -1267.43579102, -368.579528809, -52.1553344727, -135.752838135, -172.418395996, -99.7632598877, -92.2956771851, -131.511413574, -158.111038208, -84.7255249023, -48.6021499634], [1455.99731445, 870.385498047, -437.787841797, -261.377685547, -53.6493453979, -81.0095977783, -35.0908622742, -5.84300422668, 1.76623141766, -12.0922765732, -12.4186944962, -9.60173797607, -13.6324987411], [-1267.43579102, -437.787841797, 1323.58642578, 311.30645752, 97.7580871582, 170.392608643, 133.102844238, 99.9404907227, 25.0443229675, 111.896125793, 31.434627533, 12.3655509949, -29.0349674225], [-368.579528809, -261.377685547, 311.30645752, 305.001831055, 111.141586304, 68.8991851807, 50.056854248, 22.6751556396, 9.09584999084, 12.8382167816, 4.59594154358, 6.56398963928, 12.11693573], [-52.1553344727, -53.6493453979, 97.7580871582, 111.141586304, 153.303817749, 67.1909103394, 34.7132568359, 29.0615024567, 9.30035305023, 13.0096292496, 8.69098567963, 15.418296814, 18.9528751373], [-135.752838135, -81.0095977783, 170.392608643, 68.8991851807, 67.1909103394, 106.773422241, 53.3432388306, 31.0140743256, 19.1180095673, 16.5257892609, 9.27001476288, 9.07822799683, 8.70952320099], [-172.418395996, -35.0908622742, 133.102844238, 50.056854248, 34.7132568359, 53.3432388306, 92.7067108154, 51.9387741089, 22.0983314514, 22.7428646088, 9.57777786255, 6.63384485245, 5.51679086685], [-99.7632598877, -5.84300422668, 99.9404907227, 22.6751556396, 29.0615024567, 31.0140743256, 51.9387741089, 70.916015625, 30.4825267792, 17.9517593384, 4.96447324753, 2.60013508797, 2.62568688393], [-92.2956771851, 1.76623141766, 25.0443229675, 9.09584999084, 9.30035305023, 19.1180095673, 22.0983314514, 30.4825267792, 57.6887321472, 32.3608398438, 12.2397127151, 4.8220744133, 7.13998270035], [-131.511413574, -12.0922765732, 111.896125793, 12.8382167816, 13.0096292496, 16.5257892609, 22.7428646088, 17.9517593384, 32.3608398438, 72.9064865112, 36.1345787048, 16.0795936584, 7.95774793625], [-158.111038208, -12.4186944962, 31.434627533, 4.59594154358, 8.69098567963, 9.27001476288, 9.57777786255, 4.96447324753, 12.2397127151, 36.1345787048, 57.3579177856, 31.350730896, 16.7924404144], [-84.7255249023, -9.60173797607, 12.3655509949, 6.56398963928, 15.418296814, 9.07822799683, 6.63384485245, 2.60013508797, 4.8220744133, 16.0795936584, 31.350730896, 55.1279983521, 34.8043670654], [-48.6021499634, -13.6324987411, -29.0349674225, 12.11693573, 18.9528751373, 8.70952320099, 5.51679086685, 2.62568688393, 7.13998270035, 7.95774793625, 16.7924404144, 34.8043670654, 73.118019104]],
        "icov": [[0.000133040171931, -0.000217884415179, 0.000107592961285, -0.000132827277412, 5.24959323229e-05, -0.000237023414229, 0.000206060416531, -9.91874258034e-05, 0.000293815857731, -0.000246295356192, 0.000372073991457, -2.94597866741e-05, 4.18722702307e-05], [-0.000217884415179, 0.00208245962858, 0.000145892117871, 0.00157706008758, -0.000850436103065, 0.00111754564568, -0.000750351930037, -0.000186676115845, -0.000529745419044, -7.63595380704e-05, -0.000150512030814, -9.38416924328e-05, 0.000329939299263], [0.000107592961285, 0.000145892117871, 0.00179062504321, -0.00143788510468, 0.00122406275477, -0.00217996165156, 0.000571694981772, -0.00225502299145, 0.0026829012204, -0.00347841111943, 0.00141461822204, -0.000754463777412, 0.00117910467088], [-0.000132827277412, 0.00157706008758, -0.00143788510468, 0.00745215965435, -0.00495402002707, 0.00219997693785, -0.00282109738328, 0.00324471178465, -0.00280417012982, 0.00288618099876, -0.000840400869492, 0.00115025078412, -0.000876581121702], [5.24959323229e-05, -0.000850436103065, 0.00122406275477, -0.00495402002707, 0.0129385516047, -0.00759219843894, 0.0030554686673, -0.00534912757576, 0.00429058261216, -0.00335891591385, 0.00139163585845, -0.00194980890956, -0.000749417697079], [-0.000237023414229, 0.00111754564568, -0.00217996165156, 0.00219997693785, -0.00759219843894, 0.0205620750785, -0.00910222157836, 0.0046701701358, -0.00677511049435, 0.00525644654408, -0.0024116972927, 0.000593729608227, -0.000780897040386], [0.000206060416531, -0.000750351930037, 0.000571694981772, -0.00282109738328, 0.0030554686673, -0.00910222157836, 0.0244983136654, -0.0156554020941, 0.00447113672271, -0.0047330246307, 0.00103127653711, -0.000683019636199, -0.000135629888973], [-9.91874258034e-05, -0.000186676115845, -0.00225502299145, 0.00324471178465, -0.00534912757576, 0.0046701701358, -0.0156554020941, 0.0325905866921, -0.0150029696524, 0.00625064130872, -0.000740208895877, 0.0010764565086, -0.000250421551755], [0.000293815857731, -0.000529745419044, 0.0026829012204, -0.00280417012982, 0.00429058261216, -0.00677511049435, 0.00447113672271, -0.0150029696524, 0.0336730964482, -0.0170495025814, 0.00397206563503, 0.000663760059979, -0.00113791367039], [-0.000246295356192, -7.63595380704e-05, -0.00347841111943, 0.00288618099876, -0.00335891591385, 0.00525644654408, -0.0047330246307, 0.00625064130872, -0.0170495025814, 0.0332509763539, -0.0176975447685, 0.00281105120666, -0.000887899601366], [0.000372073991457, -0.000150512030814, 0.00141461822204, -0.000840400869492, 0.00139163585845, -0.0024116972927, 0.00103127653711, -0.000740208895877, 0.00397206563503, -0.0176975447685, 0.0369038470089, -0.0172238349915, 0.00205698702484], [-2.94597866741e-05, -9.38416924328e-05, -0.000754463777412, 0.00115025078412, -0.00194980890956, 0.000593729608227, -0.000683019636199, 0.0010764565086, 0.000663760059979, 0.00281105120666, -0.0172238349915, 0.0361600778997, -0.013707109727], [4.18722702307e-05, 0.000329939299263, 0.00117910467088, -0.000876581121702, -0.000749417697079, -0.000780897040386, -0.000135629888973, -0.000250421551755, -0.00113791367039, -0.000887899601366, 0.00205698702484, -0.013707109727, 0.0209458097816]]
    },
    "spectral_contrast_coeffs": {
        "mean": [-0.706698358059, -0.719019532204, -0.715146183968, -0.768285989761, -0.796712815762, -0.822782874107],
        "stdev": [0.0899802073836, 0.102863952518, 0.0977777168155, 0.0821558237076, 0.0593547075987, 0.0304289646447]
    },
    "spectral_contrast_valleys": {
        "mean": [-7.79860877991, -7.46201753616, -8.0098991394, -8.33521461487, -8.36969852448, -10.166809082],
        "stdev": [2.39282393456, 2.41333031654, 2.39027452469, 2.3547577858, 2.32881999016, 2.14334177971]
    }
},
"rhythm": {
    "beats_count": 266,
    "beats_loudness": {
        "mean": 0.0226878877729,
        "stdev": 0.0172196421772
    },
    "bpm": 117.578582764,
    "bpm_histogram_first_peak_bpm": 117,
    "bpm_histogram_first_peak_weight": 0.433179736137,
    "bpm_histogram_second_peak_bpm": 112,
    "bpm_histogram_second_peak_spread": 0.395833313465,
    "bpm_histogram_second_peak_weight": 0.109433963895,
    "danceability": 1.15138530731,
    "onset_rate": 4.33276748657,
    "beats_loudness_band_ratio": {
        "mean": [0.145374983549, 0.235109373927, 0.243861585855, 0.228328123689, 0.0918206647038, 0.0950770154595],
        "stdev": [0.152777418494, 0.150353565812, 0.160656481981, 0.156590521336, 0.0770602300763, 0.0987677648664]
    },
    "beats_position": [0.487619042397, 0.986848056316, 1.48607707024, 1.99691605568, 2.51936507225, 3.01859402657, 3.52943301201, 4.04027223587, 4.55111122131, 5.07355976105, 5.59600877762, 6.11845779419, 6.65251684189, 7.18657588959, 7.73224496841, 8.28952407837, 8.84680271149, 9.39247131348, 9.93814086914, 10.47219944, 10.9946479797, 11.505487442, 12.0279359818, 12.5619955063, 13.0728340149, 13.5836734772, 14.1061220169, 14.6285715103, 15.15102005, 15.6734695435, 16.2075271606, 16.7415866852, 17.2756462097, 17.8097057343, 18.3437633514, 18.8662128448, 19.4118824005, 19.9575500488, 20.4799995422, 20.9908390045, 21.5016784668, 22.0241260529, 22.5581855774, 23.0806350708, 23.614692688, 24.1487522125, 24.6595916748, 25.1704311371, 25.6928787231, 26.2153282166, 26.73777771, 27.2602272034, 27.7710647583, 28.2935142517, 28.8159637451, 29.3500213623, 29.8724708557, 30.3949203491, 30.9173698425, 31.4398174286, 31.9738769531, 32.5195465088, 33.0652160645, 33.5992736816, 34.1333312988, 34.6673927307, 35.2014503479, 35.7238998413, 36.2579574585, 36.7804069519, 37.3028564453, 37.8253059387, 38.3361434937, 38.8469848633, 39.369430542, 39.8918800354, 40.402721405, 40.91355896, 41.4243965149, 41.9352378845, 42.4460754395, 42.9569168091, 43.467754364, 43.9669837952, 44.4662132263, 44.9770507812, 45.4878921509, 45.9987297058, 46.5095672607, 47.0204086304, 47.5312461853, 48.0304756165, 48.5297050476, 49.0289344788, 49.5397720337, 50.0390014648, 50.5498390198, 51.0606803894, 51.5715179443, 52.0707473755, 52.5699768066, 53.0808143616, 53.5800437927, 54.0908851624, 54.5901107788, 55.1009521484, 55.6117897034, 56.1110191345, 56.6102485657, 57.1210861206, 57.6319274902, 58.1427650452, 58.6536026001, 59.1644439697, 59.6752815247, 60.1861228943, 60.6969604492, 61.2077980042, 61.7186393738, 62.2178688049, 62.7170982361, 63.227935791, 63.7387733459, 64.2496109009, 64.7604522705, 65.2712936401, 65.7821273804, 66.29296875, 66.8038101196, 67.3030395508, 67.8022689819, 68.3131027222, 68.8239440918, 69.3347854614, 69.8456192017, 70.3564605713, 70.8673019409, 71.3897476196, 71.9005889893, 72.4114303589, 72.91065979, 73.4098815918, 73.9207229614, 74.4199523926, 74.9307937622, 75.4300231934, 75.9292526245, 76.4400863647, 76.9509277344, 77.4501571655, 77.9609985352, 78.4718322754, 78.9710617065, 79.4819030762, 79.9811325073, 80.4803619385, 80.9912033081, 81.5020370483, 82.0012664795, 82.5004959106, 83.0113372803, 83.5105667114, 84.0097961426, 84.5206298828, 85.0314712524, 85.5423126221, 86.0415420532, 86.5407714844, 87.0516052246, 87.5624465942, 88.0732879639, 88.5841217041, 89.0949630737, 89.6058044434, 90.116645813, 90.6274795532, 91.1383209229, 91.6491622925, 92.1599960327, 92.6708374023, 93.181678772, 93.6925125122, 94.1917419434, 94.6909713745, 95.2018127441, 95.7010421753, 96.2002716064, 96.7111129761, 97.2219467163, 97.7327880859, 98.2436294556, 98.7544631958, 99.2653045654, 99.7761459351, 100.275375366, 100.774604797, 101.285438538, 101.796279907, 102.318725586, 102.841178894, 103.352012634, 103.862854004, 104.373695374, 104.884536743, 105.383758545, 105.882987976, 106.393829346, 106.904670715, 107.415504456, 107.926345825, 108.437187195, 108.948028564, 109.447257996, 109.946479797, 110.457321167, 110.968162537, 111.467391968, 111.966621399, 112.477455139, 112.988296509, 113.499137878, 113.99836731, 114.50920105, 115.008430481, 115.519271851, 116.03011322, 116.54094696, 117.05178833, 117.574241638, 118.096687317, 118.630744934, 119.164802551, 119.675643921, 120.186485291, 120.708930969, 121.231384277, 121.765441895, 122.287887573, 122.833557129, 123.367614746, 123.866844177, 124.366073608, 124.86530304, 125.376144409, 125.886978149, 126.409431458, 126.920272827, 127.442718506, 127.965164185, 128.487609863, 129.010070801, 129.544128418, 130.078186035, 130.612243652, 131.14630127, 131.691970825, 132.237640381, 132.783309937, 133.340591431, 133.874649048, 134.408706665, 134.954376221, 135.500045776, 136.045715332, 136.591384888, 137.137054443],
    "bpm_histogram": [0, 0, 0, 0, 0, 0, 0, 0, 0, 0, 0, 0, 0, 0, 0, 0, 0, 0, 0, 0, 0, 0, 0, 0, 0, 0, 0, 0, 0, 0, 0, 0, 0, 0, 0, 0, 0, 0, 0, 0, 0, 0, 0, 0, 0, 0, 0, 0, 0, 0, 0, 0, 0, 0, 0, 0, 0, 0, 0, 0, 0, 0, 0, 0, 0, 0, 0, 0, 0, 0, 0, 0, 0, 0, 0, 0, 0, 0, 0, 0, 0, 0, 0, 0, 0, 0, 0, 0, 0, 0, 0, 0, 0, 0, 0, 0, 0, 0, 0, 0, 0, 0, 0, 0, 0, 0, 0, 0, 0.0113207548857, 0, 0.0603773593903, 0, 0.109433963895, 0, 0, 0.162264153361, 0, 0.464150935411, 0, 0, 0.192452833056, 0, 0, 0, 0, 0, 0, 0, 0, 0, 0, 0, 0, 0, 0, 0, 0, 0, 0, 0, 0, 0, 0, 0, 0, 0, 0, 0, 0, 0, 0, 0, 0, 0, 0, 0, 0, 0, 0, 0, 0, 0, 0, 0, 0, 0, 0, 0, 0, 0, 0, 0, 0, 0, 0, 0, 0, 0, 0, 0, 0, 0, 0, 0, 0, 0, 0, 0, 0, 0, 0, 0, 0, 0, 0, 0, 0, 0, 0, 0, 0, 0, 0, 0, 0, 0, 0, 0, 0, 0, 0, 0, 0, 0, 0, 0, 0, 0, 0, 0, 0, 0, 0, 0, 0, 0, 0, 0, 0, 0, 0, 0, 0, 0, 0, 0, 0, 0, 0, 0, 0, 0, 0, 0, 0, 0, 0, 0, 0, 0]
},
"tonal": {
    "chords_changes_rate": 0.0815363898873,
    "chords_number_rate": 0.00404312647879,
    "chords_strength": {
        "mean": 0.489690393209,
        "stdev": 0.115942120552
    },
    "hpcp_crest": {
        "mean": 18.9631767273,
        "stdev": 9.82253074646
    },
    "hpcp_entropy": {
        "mean": 1.46050846577,
        "stdev": 0.890652120113
    },
    "key_edma": {
        "strength": 0.670166134834,
        "key": "G",
        "scale": "minor"
    },
    "key_krumhansl": {
        "strength": 0.672715246677,
        "key": "G",
        "scale": "minor"
    },
    "key_temperley": {
        "strength": 0.662423431873,
        "key": "G",
        "scale": "minor"
    },
    "tuning_diatonic_strength": 0.527291059494,
    "tuning_equal_tempered_deviation": 0.00735837500542,
    "tuning_frequency": 441.782684326,
    "tuning_nontempered_energy_ratio": 0.700979590416,
    "hpcp": {
        "mean": [0.154470697045, 0.115077801049, 0.143639326096, 0.172452285886, 0.0989936217666, 0.0726357400417, 0.081105530262, 0.0881137400866, 0.180600225925, 0.204768747091, 0.102675154805, 0.0630519092083, 0.0731451064348, 0.0722699984908, 0.230170667171, 0.413212329149, 0.277149945498, 0.12666451931, 0.130830466747, 0.0882524549961, 0.0810595527291, 0.100139923394, 0.080915518105, 0.147743746638, 0.193160295486, 0.0956539362669, 0.0589667409658, 0.0791560858488, 0.0652511045337, 0.140836760402, 0.201242551208, 0.116767711937, 0.0700629279017, 0.0874837040901, 0.0882001742721, 0.127357363701],
        "stdev": [0.228413403034, 0.199041396379, 0.244191154838, 0.291299372911, 0.182432964444, 0.144815787673, 0.155153110623, 0.174913853407, 0.262218743563, 0.292957961559, 0.17318212986, 0.153698340058, 0.175538018346, 0.151277348399, 0.272467315197, 0.403196871281, 0.304812133312, 0.216998592019, 0.265770167112, 0.177134871483, 0.175826057792, 0.218845963478, 0.166481882334, 0.237380683422, 0.313253283501, 0.176597833633, 0.125710949302, 0.178881555796, 0.137679889798, 0.22139197588, 0.302835226059, 0.193974226713, 0.145874500275, 0.188586011529, 0.188959985971, 0.201104208827]
    },
    "chords_histogram": [24.865228653, 22.2371959686, 11.0849056244, 0.741239905357, 0.471698105335, 1.04447436333, 0.13477088511, 9.7371969223, 2.96495962143, 6.03099727631, 0, 1.85309970379, 0.235849052668, 0.13477088511, 0, 0, 0.0336927212775, 0.336927235126, 0, 0, 4.54851770401, 3.87466311455, 8.52425861359, 1.14555251598],
    "thpcp": [1, 0.670720398426, 0.30653616786, 0.316618025303, 0.21357652545, 0.196169257164, 0.24234496057, 0.1958206743, 0.357549220324, 0.467460155487, 0.231488585472, 0.142703250051, 0.191562741995, 0.157911807299, 0.340833872557, 0.487019717693, 0.282585263252, 0.169556722045, 0.211716100574, 0.21344999969, 0.30821287632, 0.373828858137, 0.278495550156, 0.347616255283, 0.41734546423, 0.239570826292, 0.175783082843, 0.196280524135, 0.21324083209, 0.437063992023, 0.495553344488, 0.248480379581, 0.15258961916, 0.177015796304, 0.174897968769, 0.557027578354],
    "chords_key": "G",
    "chords_scale": "minor"
}
}