{
"metadata": {
    "version": {
        "essentia": "2.1-dev",
        "essentia_git_sha": "v2.1_beta3-415-gd5473f3",
        "extractor": "music 2.0"
    },
    "audio_properties": {
        "analysis": {
            "equal_loudness": 0,
            "length": 326.060394287,
            "sample_rate": 44100,
            "start_time": 0,
            "downmix": "mix"
        },
        "bit_rate": 192000,
        "length": 326.060394287,
        "lossless": 0,
        "number_channels": 2,
        "replay_gain": -10.490322113,
        "sample_rate": 44100,
        "codec": "mp3",
        "md5_encoded": "5c5ce8a909d4c989d23d6a25f761086b"
    },
    "tags": {
        "file_name": "bush-comedown.mp3"
    }
},
"lowlevel": {
    "average_loudness": 0.878695070744,
    "barkbands_crest": {
        "mean": 9.43011379242,
        "stdev": 4.34290742874
    },
    "barkbands_flatness_db": {
        "mean": 0.124193668365,
        "stdev": 0.060621265322
    },
    "barkbands_kurtosis": {
        "mean": 5.99023199081,
        "stdev": 19.8098888397
    },
    "barkbands_skewness": {
        "mean": 1.60936820507,
        "stdev": 1.78396189213
    },
    "barkbands_spread": {
        "mean": 31.9644107819,
        "stdev": 15.1943883896
    },
    "dissonance": {
        "mean": 0.47874096036,
        "stdev": 0.0193482730538
    },
    "dynamic_complexity": 3.11430358887,
    "erbbands_crest": {
        "mean": 8.64768791199,
        "stdev": 3.62777423859
    },
    "erbbands_flatness_db": {
        "mean": 0.140860930085,
        "stdev": 0.0424185506999
    },
    "erbbands_kurtosis": {
        "mean": 0.501707494259,
        "stdev": 2.19651436806
    },
    "erbbands_skewness": {
        "mean": -0.498412251472,
        "stdev": 0.832864284515
    },
    "erbbands_spread": {
        "mean": 44.1671295166,
        "stdev": 24.0699920654
    },
    "hfc": {
        "mean": 22.684671402,
        "stdev": 17.611536026
    },
    "loudness_ebu128": {
        "integrated": -13.2384157181,
        "loudness_range": 8.00777053833,
        "momentary": {
            "mean": -14.5924186707,
            "stdev": 5.72203969955
        },
        "short_term": {
            "mean": -14.1583871841,
            "stdev": 3.1365776062
        }
    },
    "melbands_crest": {
        "mean": 14.3116464615,
        "stdev": 5.04773044586
    },
    "melbands_flatness_db": {
        "mean": 0.200187698007,
        "stdev": 0.0815711468458
    },
    "melbands_kurtosis": {
        "mean": 24.6303920746,
        "stdev": 53.0105552673
    },
    "melbands_skewness": {
        "mean": 3.36085581779,
        "stdev": 2.63651990891
    },
    "melbands_spread": {
        "mean": 30.9534187317,
        "stdev": 20.2771434784
    },
    "pitch_salience": {
        "mean": 0.550841331482,
        "stdev": 0.117891296744
    },
    "silence_rate_20dB": {
        "mean": 1,
        "stdev": 0
    },
    "silence_rate_30dB": {
        "mean": 1,
        "stdev": 0
    },
    "silence_rate_60dB": {
        "mean": 0.0257049277425,
        "stdev": 0.158261865377
    },
    "spectral_centroid": {
        "mean": 1778.34106445,
        "stdev": 731.465087891
    },
    "spectral_complexity": {
        "mean": 23.7035751343,
        "stdev": 14.379981041
    },
    "spectral_decrease": {
        "mean": -5.88704329729e-09,
        "stdev": 3.55265061813e-09
    },
    "spectral_energy": {
        "mean": 0.0242766756564,
        "stdev": 0.0144819365814
    },
    "spectral_energyband_high": {
        "mean": 0.000933775503654,
        "stdev": 0.00100695749279
    },
    "spectral_energyband_low": {
        "mean": 0.0111953327432,
        "stdev": 0.0102584231645
    },
    "spectral_energyband_middle_high": {
        "mean": 0.00625894777477,
        "stdev": 0.00581854209304
    },
    "spectral_energyband_middle_low": {
        "mean": 0.00672067189589,
        "stdev": 0.00492003932595
    },
    "spectral_entropy": {
        "mean": 7.70946979523,
        "stdev": 0.381727784872
    },
    "spectral_flux": {
        "mean": 0.0814085528255,
        "stdev": 0.0379333309829
    },
    "spectral_kurtosis": {
        "mean": 4.54080343246,
        "stdev": 3.48545837402
    },
    "spectral_rms": {
        "mean": 0.00462043378502,
        "stdev": 0.00152846972924
    },
    "spectral_rolloff": {
        "mean": 1818.00683594,
        "stdev": 1391.03588867
    },
    "spectral_skewness": {
        "mean": 1.3349776268,
        "stdev": 0.417064607143
    },
    "spectral_spread": {
        "mean": 4422669.5,
        "stdev": 2167164.75
    },
    "spectral_strongpeak": {
        "mean": 0.550721824169,
        "stdev": 1.06089389324
    },
    "zerocrossingrate": {
        "mean": 0.0680798068643,
        "stdev": 0.0330561250448
    },
    "barkbands": {
        "mean": [0.00043329782784, 0.00650986144319, 0.00347634730861, 0.00143742456567, 0.00208888063207, 0.00118425535038, 0.000615870580077, 0.00057340686908, 0.000709277694114, 0.000440039380919, 0.000222083253902, 0.000481499329908, 0.000428504747106, 0.000491777667776, 0.000412085297285, 0.00068820535671, 0.00168219802435, 0.000681870733388, 0.000619965256192, 0.000371255882783, 0.000237640037085, 0.000184694348718, 0.000100663477497, 9.04797270778e-05, 5.69320181967e-05, 4.73827276437e-05, 1.07631603896e-05],
        "stdev": [0.000587129849009, 0.00764487730339, 0.00396491261199, 0.00163345958572, 0.00216308725066, 0.00140165223274, 0.00095656135818, 0.00127615686506, 0.00150408782065, 0.000979172997177, 0.000517786014825, 0.0011629461078, 0.00101892789826, 0.000984324724413, 0.000777531997301, 0.000919982558116, 0.0020654106047, 0.000756240449846, 0.000650667294394, 0.000396684190491, 0.000257202045759, 0.000209807549254, 0.000162800628459, 0.000254421844147, 9.3094764452e-05, 9.91207343759e-05, 3.04225977743e-05]
    },
    "erbbands": {
        "mean": [0.187815189362, 1.46528828144, 3.95322847366, 4.68762397766, 5.77152681351, 6.59941482544, 10.9433164597, 7.80927228928, 8.03050422668, 9.61754226685, 14.358836174, 15.8851289749, 14.5618696213, 14.0229091644, 12.0173540115, 20.9710483551, 18.959646225, 24.953704834, 26.6515445709, 21.1248207092, 53.6800918579, 87.7367324829, 49.0397911072, 32.1352462769, 24.9372062683, 17.1705265045, 11.4904842377, 9.79737091064, 6.97954654694, 3.84307265282, 2.74990749359, 2.10094118118, 1.3217612505, 0.649677574635, 0.396651387215, 0.202220574021, 0.0901095345616, 0.0226708706468, 0.0016484267544, 6.75166884321e-05],
        "stdev": [0.240693762898, 1.75576686859, 4.43441152573, 4.62358045578, 7.14954471588, 7.59695053101, 13.8478250504, 10.0980558395, 11.4490270615, 19.0631713867, 32.1187820435, 34.1083068848, 31.4612827301, 33.3241882324, 26.2065734863, 49.8756256104, 40.7372550964, 50.2753562927, 48.7149810791, 37.2501716614, 61.9848670959, 104.812431335, 53.1895980835, 33.3970108032, 25.6069145203, 18.214099884, 13.5078601837, 10.1660795212, 8.05844402313, 5.02689886093, 4.91671276093, 6.19902944565, 3.40068292618, 1.17118859291, 0.687093019485, 0.436719805002, 0.190593883395, 0.0511629655957, 0.00496851326898, 0.000119580945466]
    },
    "gfcc": {
        "mean": [-0.0010077059269, 82.8318862915, -110.412750244, 53.4266777039, -34.7386817932, 9.32466506958, -33.9084815979, 12.629029274, -20.6610355377, 2.41620802879, -19.0554943085, 4.88451099396, -12.3952407837],
        "cov": [[11338.1269531, -848.556335449, -1398.06091309, 326.880401611, -852.429199219, 76.0084686279, -416.868835449, 411.330505371, -231.46383667, 165.155838013, -145.483596802, 156.621704102, -147.416610718], [-848.556335449, 1569.33190918, -696.433410645, -148.893676758, 184.790496826, -328.106842041, 84.6058273315, -128.605270386, 95.3819351196, -139.84475708, 142.832687378, -58.2387313843, 116.988822937], [-1398.06091309, -696.433410645, 1328.1529541, 0.0977251306176, 175.902328491, 240.879821777, 24.1930923462, -46.8961410522, -33.051738739, 62.3685340881, -110.431861877, -5.82011890411, -121.01197052], [326.880401611, -148.893676758, 0.0977251306176, 355.942993164, -28.0671882629, 26.0710449219, -44.2366600037, 36.0828933716, 14.2021923065, 11.2866220474, 9.09195327759, 4.56740808487, 34.0966873169], [-852.429199219, 184.790496826, 175.902328491, -28.0671882629, 276.162384033, -34.2128372192, 38.5601425171, -56.5595626831, 19.372467041, -14.4797172546, -1.18456673622, -9.58819580078, 6.05072832108], [76.0084686279, -328.106842041, 240.879821777, 26.0710449219, -34.2128372192, 281.257019043, 70.8402252197, 28.0881404877, -25.2141895294, 30.251958847, -43.9668998718, -32.7203598022, -49.555267334], [-416.868835449, 84.6058273315, 24.1930923462, -44.2366600037, 38.5601425171, 70.8402252197, 171.580749512, 3.71974277496, 11.2697629929, -11.070605278, 7.1518740654, -20.7647953033, -5.61769485474], [411.330505371, -128.605270386, -46.8961410522, 36.0828933716, -56.5595626831, 28.0881404877, 3.71974277496, 123.100921631, 13.5695943832, 13.7223739624, -17.1054573059, 7.18037605286, -6.92869281769], [-231.46383667, 95.3819351196, -33.051738739, 14.2021923065, 19.372467041, -25.2141895294, 11.2697629929, 13.5695943832, 100.143066406, 26.3611888885, 13.0446214676, -22.8321456909, 13.897192955], [165.155838013, -139.84475708, 62.3685340881, 11.2866220474, -14.4797172546, 30.251958847, -11.070605278, 13.7223739624, 26.3611888885, 84.4615707397, 6.10771894455, 6.46241903305, -17.5875816345], [-145.483596802, 142.832687378, -110.431861877, 9.09195327759, -1.18456673622, -43.9668998718, 7.1518740654, -17.1054573059, 13.0446214676, 6.10771894455, 91.9312133789, 27.8510875702, 27.1803340912], [156.621704102, -58.2387313843, -5.82011890411, 4.56740808487, -9.58819580078, -32.7203598022, -20.7647953033, 7.18037605286, -22.8321456909, 6.46241903305, 27.8510875702, 83.6608352661, 21.6087589264], [-147.416610718, 116.988822937, -121.01197052, 34.0966873169, 6.05072832108, -49.555267334, -5.61769485474, -6.92869281769, 13.897192955, -17.5875816345, 27.1803340912, 21.6087589264, 79.4875259399]],
        "icov": [[0.00021296677005, -8.65689798957e-05, 0.00030733877793, -0.000199621310458, 0.000277367740637, -0.000171969237272, 0.00034019438317, -0.000294612924336, 0.000444987032097, -0.000558241910767, 0.000648907676805, -0.000579599756747, 0.000680293072946], [-8.65689798957e-05, 0.002077864483, 0.00060204602778, 0.000620276434347, -0.00117471278645, 0.00120691640768, -0.000856572412886, 0.00113524356857, -0.00140435842331, 0.00245842291042, -0.00222983281128, 0.00198776554316, -0.000676378782373], [0.00030733877793, 0.00060204602778, 0.00204241508618, -0.000277899758657, -0.000927388900891, -0.000891491363291, 0.000461485586129, 0.000709394167643, -7.92318387539e-05, -0.000454355409602, 0.00149262882769, -0.00148514204193, 0.00232840655372], [-0.000199621310458, 0.000620276434347, -0.000277899758657, 0.00370031758212, -0.000522876856849, -0.000331736227963, 0.00078894890612, -0.000611070834566, -0.000896191049833, 0.00105104758404, -0.00192879734095, 0.00170078419615, -0.00287157739513], [0.000277367740637, -0.00117471278645, -0.000927388900891, -0.000522876856849, 0.00601956900209, 0.00060074031353, -0.000696392206009, 0.000803711707704, 0.000154775349074, -0.00116408651229, 0.00213442486711, -0.00135815655813, 0.00034763943404], [-0.000171969237272, 0.00120691640768, -0.000891491363291, -0.000331736227963, 0.00060074031353, 0.00738789699972, -0.00382309849374, -0.000131634791614, 0.00165541062597, -0.000834566890262, -0.000644297746476, 0.00396338757128, -0.000362910621334], [0.00034019438317, -0.000856572412886, 0.000461485586129, 0.00078894890612, -0.000696392206009, -0.00382309849374, 0.00903556495905, -0.00184349576011, -0.000285936403088, 0.000583731452934, -0.000645642867312, -0.000574267585762, 0.000959240016527], [-0.000294612924336, 0.00113524356857, 0.000709394167643, -0.000611070834566, 0.000803711707704, -0.000131634791614, -0.00184349576011, 0.0119435377419, -0.00434535276145, 0.00160462630447, 0.00188955140766, -0.00220442051068, 0.000960346311331], [0.000444987032097, -0.00140435842331, -7.92318387539e-05, -0.000896191049833, 0.000154775349074, 0.00165541062597, -0.000285936403088, -0.00434535276145, 0.017544656992, -0.00943180173635, 0.000258253741777, 0.00538743147627, -0.00292993686162], [-0.000558241910767, 0.00245842291042, -0.000454355409602, 0.00105104758404, -0.00116408651229, -0.000834566890262, 0.000583731452934, 0.00160462630447, -0.00943180173635, 0.0210715085268, -0.00614223629236, -0.000594739394728, 0.00252660783008], [0.000648907676805, -0.00222983281128, 0.00149262882769, -0.00192879734095, 0.00213442486711, -0.000644297746476, -0.000645642867312, 0.00188955140766, 0.000258253741777, -0.00614223629236, 0.0203071516007, -0.00945497304201, 0.00136219814885], [-0.000579599756747, 0.00198776554316, -0.00148514204193, 0.00170078419615, -0.00135815655813, 0.00396338757128, -0.000574267585762, -0.00220442051068, 0.00538743147627, -0.000594739394728, -0.00945497304201, 0.0225576646626, -0.00862222444266], [0.000680293072946, -0.000676378782373, 0.00232840655372, -0.00287157739513, 0.00034763943404, -0.000362910621334, 0.000959240016527, 0.000960346311331, -0.00292993686162, 0.00252660783008, 0.00136219814885, -0.00862222444266, 0.0224625431001]]
    },
    "melbands": {
        "mean": [0.00176972430199, 0.00206447648816, 0.000856653379742, 0.000442889577243, 0.000359052442946, 0.000183906740858, 0.000125052814838, 0.000104011800431, 0.000115087153972, 0.000102073165181, 7.1179245424e-05, 5.71589444007e-05, 3.52933711838e-05, 5.28595883225e-05, 4.3141979404e-05, 4.76567729493e-05, 4.4563337724e-05, 4.43868811999e-05, 2.74357535091e-05, 3.26210792991e-05, 7.14140260243e-05, 9.27468499867e-05, 7.25992285879e-05, 2.78771294688e-05, 2.55931063293e-05, 2.38462980633e-05, 1.2394551959e-05, 1.12383222586e-05, 7.96996300778e-06, 5.31526939085e-06, 5.94590164837e-06, 4.41478096036e-06, 2.55460327026e-06, 1.97608937924e-06, 1.66829568116e-06, 1.29169984575e-06, 1.29275213112e-06, 9.93302592178e-07, 6.96506560871e-07, 4.84167799186e-07],
        "stdev": [0.00208045518957, 0.00217983219773, 0.000782199611422, 0.000505799485836, 0.000407107989304, 0.000228401549975, 0.000178511152626, 0.000202088180231, 0.000251850375207, 0.000227718206588, 0.000158329261467, 0.000143878321978, 8.2224716607e-05, 0.000137707349495, 8.92692551133e-05, 0.000112421177619, 9.08609144972e-05, 8.94233235158e-05, 5.25657960679e-05, 6.27919798717e-05, 8.70694348123e-05, 0.000114359332656, 8.88117428985e-05, 3.21494335367e-05, 2.76107311947e-05, 2.64588088612e-05, 1.2860690731e-05, 1.30880134748e-05, 1.02030244307e-05, 6.07550327913e-06, 6.30632575849e-06, 5.16449517818e-06, 3.34933906743e-06, 2.77363801615e-06, 2.8312649647e-06, 3.37405822393e-06, 4.07833522331e-06, 2.79522623714e-06, 1.45531305407e-06, 8.65765571234e-07]
    },
    "melbands128": {
        "mean": [0.000372564420104, 0.00141451472882, 0.00239860056899, 0.00239071273245, 0.00218150229193, 0.00157572655007, 0.000970077642705, 0.000650589703582, 0.000603198481258, 0.000459556642454, 0.000363134749932, 0.000330699083861, 0.000441525189672, 0.000308124785079, 0.000176302273758, 0.000125799706439, 0.000103508209577, 0.00014124577865, 0.000114855232823, 0.000116836839879, 6.85052655172e-05, 0.0001269440545, 0.000136621980346, 6.92062822054e-05, 0.000108299100248, 0.000100870376627, 0.000119707110571, 5.38870153832e-05, 4.25318139605e-05, 8.00749039627e-05, 5.6289780332e-05, 2.39064065681e-05, 4.03098129027e-05, 3.31047958753e-05, 4.30421896453e-05, 5.94036500843e-05, 7.42847914807e-05, 3.200673018e-05, 3.47126006091e-05, 3.97964759031e-05, 3.98028387281e-05, 7.68114696257e-05, 3.98182419303e-05, 2.90837888315e-05, 5.03739975102e-05, 4.38564566139e-05, 4.7580604587e-05, 2.32896945818e-05, 2.08647288673e-05, 2.69529755315e-05, 3.25987712131e-05, 3.29137255903e-05, 6.77890566294e-05, 8.08205004432e-05, 0.000100595418189, 8.06299431133e-05, 0.000102178557427, 0.000100883757113, 5.43652204215e-05, 3.44241379935e-05, 2.84657598968e-05, 2.08372130146e-05, 1.89460351976e-05, 2.77048602584e-05, 3.58814831998e-05, 2.56960192928e-05, 1.60926665558e-05, 1.21492812468e-05, 1.24257776406e-05, 1.10843120638e-05, 1.12447069114e-05, 1.14348194984e-05, 1.06861871245e-05, 6.59208490106e-06, 6.00901739745e-06, 5.01278054799e-06, 5.19412651556e-06, 5.62996228837e-06, 6.0160027715e-06, 6.47592923997e-06, 4.93427342008e-06, 3.63657795788e-06, 2.85085639007e-06, 2.62463549916e-06, 2.03820468414e-06, 2.00894373847e-06, 1.85527153462e-06, 2.13166322283e-06, 1.6177756379e-06, 1.42265480463e-06, 1.30757700845e-06, 1.25794508676e-06, 1.26012730561e-06, 1.3657687532e-06, 1.26074985474e-06, 1.15797490707e-06, 8.78321600339e-07, 8.59071349169e-07, 6.92193168561e-07, 6.42614622848e-07, 5.48232833353e-07, 4.36805152049e-07, 4.40704582161e-07, 4.63337244128e-07, 4.43574862175e-07, 4.53769729347e-07, 4.50412301234e-07, 3.64492649396e-07, 3.16148032198e-07, 3.31716648816e-07, 3.06440426812e-07, 3.25412656821e-07, 2.91625411819e-07, 2.70267889846e-07, 2.20613443958e-07, 2.05699024036e-07, 1.80821714935e-07, 1.2768957447e-07, 9.41503373042e-08, 3.54378784095e-08, 2.67795918774e-08, 1.24759500508e-08, 5.8763669486e-09, 2.89724222391e-09, 4.31422286784e-10, 9.20763951195e-11, 3.23967523815e-12, 3.20958949522e-12],
        "stdev": [0.000512171478476, 0.00204058457166, 0.00307716662064, 0.00308316247538, 0.00262842257507, 0.00177408149466, 0.0010710778879, 0.00075847026892, 0.000932162976824, 0.00067731452873, 0.000560317130294, 0.00041134696221, 0.000666117470246, 0.000449166196631, 0.000298827013467, 0.000245553645073, 0.000238817810896, 0.000264481990598, 0.0002367131965, 0.000316614925396, 0.00021666016255, 0.000358353427146, 0.000387784268241, 0.000190908496734, 0.00032403410296, 0.000328510795953, 0.000374077528249, 0.000164002514794, 0.000155369198183, 0.000238649663515, 0.000175134104211, 6.3950465119e-05, 0.0001322394819, 0.000101688958239, 0.000187839745195, 0.000211292062886, 0.000231212485232, 8.21781068225e-05, 0.000125160280732, 0.000138212140882, 0.000155329602421, 0.000251539458986, 0.00011788772099, 6.63032624288e-05, 0.000158965965966, 0.000116780269309, 0.000129265186843, 6.67563872412e-05, 6.61822705297e-05, 8.39587955852e-05, 0.000104780934635, 6.64973704261e-05, 0.00010448993271, 0.000118683434266, 0.000188257195987, 0.000115369082778, 0.000170090890606, 0.000154462526552, 7.13517219992e-05, 4.8389974836e-05, 4.03689264203e-05, 2.94995570584e-05, 2.57935935224e-05, 3.47082459484e-05, 4.68596117571e-05, 3.42229941452e-05, 2.18709246838e-05, 1.4957174244e-05, 1.58405273396e-05, 1.35805985337e-05, 1.52965640154e-05, 1.68669339473e-05, 1.74027154571e-05, 9.42134283832e-06, 9.80949243967e-06, 6.97542918715e-06, 6.5780013756e-06, 6.83109237798e-06, 7.39618781154e-06, 7.79716447141e-06, 6.41585074845e-06, 5.24553661307e-06, 4.17041883338e-06, 3.98997917728e-06, 2.95354993796e-06, 3.18699744639e-06, 2.94092774311e-06, 3.69856570615e-06, 3.11635835715e-06, 3.14132716994e-06, 3.11736016556e-06, 3.62824766853e-06, 4.78630181533e-06, 4.48190940006e-06, 4.25909047408e-06, 3.70990960619e-06, 2.68212284027e-06, 2.01373427444e-06, 1.67186874478e-06, 1.30323735448e-06, 1.04290381842e-06, 8.83922837147e-07, 8.4950187329e-07, 8.43942757456e-07, 8.3416199459e-07, 9.45050715018e-07, 9.89617774394e-07, 8.22118352062e-07, 8.10925257611e-07, 8.43999089284e-07, 7.16001011369e-07, 7.94865002263e-07, 6.20910157068e-07, 6.12206349615e-07, 5.00194005326e-07, 4.50311659961e-07, 4.22575965331e-07, 4.33342023598e-07, 3.6460460251e-07, 1.55120275735e-07, 1.33005698899e-07, 7.75310198264e-08, 4.28274873343e-08, 3.27362101871e-08, 8.14242806513e-09, 2.22900875535e-09, 4.85364005931e-12, 4.82311976815e-12]
    },
    "mfcc": {
        "mean": [-641.726867676, 109.230552673, -6.47370672226, 46.6012916565, 18.8097782135, 9.26586055756, 1.74183273315, 9.30296325684, 4.8023815155, -0.899903953075, 1.28837132454, 4.33101654053, -1.55451607704],
        "cov": [[8153.34326172, -952.240112305, -927.924743652, -0.441233217716, -504.282562256, -437.062408447, -244.74446106, 20.9294071198, -62.8323898315, -98.216468811, 84.3216094971, 55.5537719727, -65.3038101196], [-952.240112305, 1258.74743652, -405.433288574, 28.5968742371, 27.5887699127, -80.5019302368, -5.61933803558, -24.909029007, -33.4492759705, -56.1967353821, -12.3821821213, 8.54227924347, 28.2234783173], [-927.924743652, -405.433288574, 828.505004883, -45.7395858765, 146.051940918, 207.190704346, 74.6581268311, 25.3699645996, 30.5320587158, 71.3175735474, -8.96474742889, -5.28706407547, 1.31956148148], [-0.441233217716, 28.5968742371, -45.7395858765, 295.174835205, 70.9796142578, -28.3868846893, -33.3801956177, -8.92471408844, 4.37255907059, -24.6688098907, -11.4030036926, 6.62234163284, 10.1983366013], [-504.282562256, 27.5887699127, 146.051940918, 70.9796142578, 212.828781128, 47.8443946838, -2.96038556099, -18.7019786835, 12.1087398529, 6.8658862114, -21.6744861603, -1.68012464046, -0.335912704468], [-437.062408447, -80.5019302368, 207.190704346, -28.3868846893, 47.8443946838, 207.993988037, 78.7993774414, 16.5121574402, 23.7563591003, 47.6927757263, 13.2741041183, -11.5646448135, -6.44500350952], [-244.74446106, -5.61933803558, 74.6581268311, -33.3801956177, -2.96038556099, 78.7993774414, 129.108688354, 52.3995933533, 5.47417402267, 12.1513986588, 7.3450345993, -7.47113609314, -5.83977651596], [20.9294071198, -24.909029007, 25.3699645996, -8.92471408844, -18.7019786835, 16.5121574402, 52.3995933533, 90.1855316162, 24.6640625, 6.32260894775, 6.57999706268, -4.95237398148, -5.95255804062], [-62.8323898315, -33.4492759705, 30.5320587158, 4.37255907059, 12.1087398529, 23.7563591003, 5.47417402267, 24.6640625, 82.5183639526, 47.6522331238, 10.4560508728, -6.38365411758, -10.2520618439], [-98.216468811, -56.1967353821, 71.3175735474, -24.6688098907, 6.8658862114, 47.6927757263, 12.1513986588, 6.32260894775, 47.6522331238, 94.8791427612, 33.4118232727, -0.856605172157, -12.441069603], [84.3216094971, -12.3821821213, -8.96474742889, -11.4030036926, -21.6744861603, 13.2741041183, 7.3450345993, 6.57999706268, 10.4560508728, 33.4118232727, 62.6926040649, 21.2276687622, -3.68254470825], [55.5537719727, 8.54227924347, -5.28706407547, 6.62234163284, -1.68012464046, -11.5646448135, -7.47113609314, -4.95237398148, -6.38365411758, -0.856605172157, 21.2276687622, 67.8561172485, 23.6334457397], [-65.3038101196, 28.2234783173, 1.31956148148, 10.1983366013, -0.335912704468, -6.44500350952, -5.83977651596, -5.95255804062, -10.2520618439, -12.441069603, -3.68254470825, 23.6334457397, 64.1921920776]],
        "icov": [[0.000218763016164, 0.000250954792136, 0.000258733838564, -7.54262237024e-06, 0.00023897990468, 0.000122009761981, 0.000290000403766, -0.000219863388338, 0.000127381732455, 0.000101427882328, -0.000173610475031, -0.000154316439875, 0.00021444450249], [0.000250954792136, 0.00131921516731, 0.000932725204621, 0.00012342435366, -0.000345626525814, 0.000155466535944, -8.0242723925e-05, -9.43772902247e-05, 0.000258576066699, 0.000241305664531, -0.000193249332369, -0.00013797430438, -0.000237978369114], [0.000258733838564, 0.000932725204621, 0.00256552011706, 0.000416548748035, -0.00112125521991, -0.00132957764436, 0.000259399821516, -0.000866258109454, 0.000745133380406, -0.000909099704586, 0.000760933966376, -0.000542418623809, -0.00027571778628], [-7.54262237024e-06, 0.00012342435366, 0.000416548748035, 0.00407503219321, -0.0017698694719, 0.00013115760521, 0.000746923091356, -0.000386207189877, -0.000796928652562, 0.00127186870668, -0.000401144032367, -8.19837441668e-05, -0.000555471517146], [0.00023897990468, -0.000345626525814, -0.00112125521991, -0.0017698694719, 0.00725624943152, -0.000833867583424, 0.000650857458822, 0.00138872093521, -0.0009377556853, -2.64891673396e-06, 0.00217229616828, -0.00104178255424, 0.00119943660684], [0.000122009761981, 0.000155466535944, -0.00132957764436, 0.00013115760521, -0.000833867583424, 0.00904768425971, -0.00493175955489, 0.00194023910444, -0.000773896579631, -0.00185149174649, -0.00150812871289, 0.00139361224137, -0.000384472834412], [0.000290000403766, -8.0242723925e-05, 0.000259399821516, 0.000746923091356, 0.000650857458822, -0.00493175955489, 0.0146524431184, -0.00831202603877, 0.00298244692385, 6.81349119986e-05, -0.000305339199258, 2.11038659472e-05, 0.000741001509596], [-0.000219863388338, -9.43772902247e-05, -0.000866258109454, -0.000386207189877, 0.00138872093521, 0.00194023910444, -0.00831202603877, 0.0179256331176, -0.00696709332988, 0.00310903438367, -0.00148479104973, 0.00071785482578, 0.000145520461956], [0.000127381732455, 0.000258576066699, 0.000745133380406, -0.000796928652562, -0.0009377556853, -0.000773896579631, 0.00298244692385, -0.00696709332988, 0.0204965732992, -0.0109720509499, 0.0023940987885, 0.000426970800618, 0.000796987907961], [0.000101427882328, 0.000241305664531, -0.000909099704586, 0.00127186870668, -2.64891673396e-06, -0.00185149174649, 6.81349119986e-05, 0.00310903438367, -0.0109720509499, 0.0217893216759, -0.0101901330054, 0.00161883700639, 0.00121236941777], [-0.000173610475031, -0.000193249332369, 0.000760933966376, -0.000401144032367, 0.00217229616828, -0.00150812871289, -0.000305339199258, -0.00148479104973, 0.0023940987885, -0.0101901330054, 0.0256955772638, -0.00901534408331, 0.00285157863982], [-0.000154316439875, -0.00013797430438, -0.000542418623809, -8.19837441668e-05, -0.00104178255424, 0.00139361224137, 2.11038659472e-05, 0.00071785482578, 0.000426970800618, 0.00161883700639, -0.00901534408331, 0.0206423196942, -0.00760426511988], [0.00021444450249, -0.000237978369114, -0.00027571778628, -0.000555471517146, 0.00119943660684, -0.000384472834412, 0.000741001509596, 0.000145520461956, 0.000796987907961, 0.00121236941777, 0.00285157863982, -0.00760426511988, 0.0193689875305]]
    },
    "spectral_contrast_coeffs": {
        "mean": [-0.741074919701, -0.775708317757, -0.785948872566, -0.788201212883, -0.776235342026, -0.743742108345],
        "stdev": [0.0519547276199, 0.0680902153254, 0.0623612180352, 0.048030346632, 0.0399944446981, 0.0448484346271]
    },
    "spectral_contrast_valleys": {
        "mean": [-6.39520454407, -7.12684059143, -7.72043704987, -7.57524967194, -7.25977182388, -10.3157453537],
        "stdev": [1.10675644875, 1.25881171227, 1.19551289082, 1.19690239429, 1.37389111519, 1.346378088]
    }
},
"rhythm": {
    "beats_count": 746,
    "beats_loudness": {
        "mean": 0.029404874891,
        "stdev": 0.0147452410311
    },
    "bpm": 139.642150879,
    "bpm_histogram_first_peak_bpm": 140,
    "bpm_histogram_first_peak_weight": 0.24647885561,
    "bpm_histogram_second_peak_bpm": 92,
    "bpm_histogram_second_peak_spread": 0.529411792755,
    "bpm_histogram_second_peak_weight": 0.0107382545248,
    "danceability": 1.07945013046,
    "onset_rate": 2.45646882057,
    "beats_loudness_band_ratio": {
        "mean": [0.560153186321, 0.153230801225, 0.0712854042649, 0.0594842731953, 0.120698586106, 0.0784035474062],
        "stdev": [0.221994608641, 0.126107290387, 0.0695842429996, 0.0714295879006, 0.0980153232813, 0.0501025952399]
    },
    "beats_position": [0.406349211931, 0.835918366909, 1.26548755169, 1.69505667686, 2.12462592125, 2.55419492722, 2.97215414047, 3.40172338486, 3.83129239082, 4.26086139679, 4.69043064117, 5.11999988556, 5.54956912994, 5.97913837433, 6.40870714188, 6.83827638626, 7.26784563065, 7.69741487503, 8.12698364258, 8.55655288696, 8.98612213135, 9.41569137573, 9.84526062012, 10.2748298645, 10.7043991089, 11.1339683533, 11.5635375977, 11.9931058884, 12.4226751328, 12.8522443771, 13.2818136215, 13.6997728348, 14.1293420792, 14.5589113235, 14.9884805679, 15.4180498123, 15.8592290878, 16.2887973785, 16.7183666229, 17.1479358673, 17.5775051117, 18.0070743561, 18.4366436005, 18.8662128448, 19.2957820892, 19.7137413025, 20.1433105469, 20.5728797913, 21.0140590668, 21.4552383423, 21.8848075867, 22.3143768311, 22.7439460754, 23.1851234436, 23.614692688, 24.0326519012, 24.4506111145, 24.8801803589, 25.3097496033, 25.7393188477, 26.168888092, 26.6100673676, 27.0396366119, 27.4692058563, 27.8987751007, 28.3283443451, 28.7579135895, 29.1874828339, 29.6170520782, 30.0466213226, 30.476190567, 30.9057598114, 31.3353290558, 31.7648983002, 32.1944656372, 32.6240348816, 33.053604126, 33.4831733704, 33.9127426147, 34.3423118591, 34.7718811035, 35.2014503479, 35.6310195923, 36.0605888367, 36.4901580811, 36.9197273254, 37.3376846313, 37.7672538757, 38.1968231201, 38.6263923645, 39.0559616089, 39.4855308533, 39.9151000977, 40.344669342, 40.7742385864, 41.2038078308, 41.6333770752, 42.0745582581, 42.5041275024, 42.9336967468, 43.3632659912, 43.7928352356, 44.22240448, 44.6519737244, 45.0699310303, 45.5111083984, 45.9406776428, 46.3702468872, 46.7998161316, 47.229385376, 47.6589546204, 48.0885238647, 48.5297050476, 48.9708824158, 49.4120635986, 49.841632843, 50.2712020874, 50.6891593933, 51.1187286377, 51.5482978821, 51.9778671265, 52.4074363708, 52.8370056152, 53.2665748596, 53.6845359802, 54.1141014099, 54.5436706543, 54.9732398987, 55.4028091431, 55.8323783875, 56.2619476318, 56.6915168762, 57.1210861206, 57.550655365, 57.9802246094, 58.4097938538, 58.8393630981, 59.2689323425, 59.6985015869, 60.1280708313, 60.5576400757, 60.9872093201, 61.4167785645, 61.8347396851, 62.2759170532, 62.7054862976, 63.135055542, 63.5762329102, 64.0058059692, 64.4353713989, 64.864944458, 65.2945098877, 65.7124710083, 66.142036438, 66.5716094971, 67.0127868652, 67.4539642334, 67.8835372925, 68.3131027222, 68.7426757812, 69.1606369019, 69.5902023315, 70.0197753906, 70.4493408203, 70.8905181885, 71.3200912476, 71.7496566772, 72.1792297363, 72.5971832275, 73.0267562866, 73.4563217163, 73.8858947754, 74.3154602051, 74.7450332642, 75.1629943848, 75.5925598145, 76.0221328735, 76.4633102417, 76.8928756714, 77.3224487305, 77.7520141602, 78.1815872192, 78.6111526489, 79.040725708, 79.4702911377, 79.8998641968, 80.3294296265, 80.7590026855, 81.2001800537, 81.6297454834, 82.0593185425, 82.4772796631, 82.9068450928, 83.3364181519, 83.7659835815, 84.1955566406, 84.6367340088, 85.0662994385, 85.4958724976, 85.9254379272, 86.3433990479, 86.7729721069, 87.2025375366, 87.6321105957, 88.0616760254, 88.4912490845, 88.9208145142, 89.3503875732, 89.7799530029, 90.2095184326, 90.6390914917, 91.0686569214, 91.4982299805, 91.9277954102, 92.3689804077, 92.7985458374, 93.2281188965, 93.6576843262, 94.0872573853, 94.5168228149, 94.946395874, 95.3759613037, 95.8055343628, 96.2350997925, 96.6646728516, 97.0942382812, 97.5238113403, 97.95337677, 98.3829498291, 98.8125152588, 99.2420806885, 99.6716537476, 100.101219177, 100.530792236, 100.960357666, 101.389930725, 101.819496155, 102.249069214, 102.678634644, 103.108207703, 103.537773132, 103.967346191, 104.396911621, 104.82648468, 105.25605011, 105.685623169, 106.115188599, 106.544761658, 106.974327087, 107.403900146, 107.833465576, 108.263038635, 108.704216003, 109.133781433, 109.563354492, 109.992919922, 110.410881042, 110.840454102, 111.270019531, 111.687980652, 112.117546082, 112.547119141, 112.988296509, 113.417869568, 113.847434998, 114.277008057, 114.706573486, 115.136146545, 115.565711975, 116.006889343, 116.436462402, 116.877639771, 117.318817139, 117.748390198, 118.189567566, 118.619132996, 119.048706055, 119.466667175, 119.896232605, 120.325805664, 120.755371094, 121.184944153, 121.614509583, 122.044082642, 122.462036133, 122.891609192, 123.321174622, 123.750747681, 124.18031311, 124.609886169, 125.039451599, 125.469024658, 125.898590088, 126.328163147, 126.757728577, 127.187301636, 127.616867065, 128.046432495, 128.476013184, 128.905578613, 129.335144043, 129.764709473, 130.194290161, 130.623855591, 131.053421021, 131.48298645, 131.912567139, 132.342132568, 132.771697998, 133.212875366, 133.642440796, 134.072021484, 134.489974976, 134.919540405, 135.349105835, 135.778686523, 136.208251953, 136.637817383, 137.067382812, 137.496963501, 137.926528931, 138.35609436, 138.78565979, 139.20362854, 139.63319397, 140.062759399, 140.503936768, 140.933517456, 141.363082886, 141.792648315, 142.222213745, 142.651794434, 143.081359863, 143.510925293, 143.940490723, 144.358459473, 144.788024902, 145.217590332, 145.635559082, 146.065124512, 146.50630188, 146.93586731, 147.377044678, 147.806625366, 148.236190796, 148.654144287, 149.072113037, 149.501678467, 149.931243896, 150.372421265, 150.813598633, 151.243179321, 151.661132812, 152.090698242, 152.520263672, 152.94984436, 153.37940979, 153.80897522, 154.226928711, 154.656509399, 155.086074829, 155.515640259, 155.945205688, 156.374786377, 156.804351807, 157.233917236, 157.663482666, 158.093063354, 158.522628784, 158.952194214, 159.381759644, 159.811340332, 160.240905762, 160.670471191, 161.11164856, 161.541213989, 161.970794678, 162.400360107, 162.829925537, 163.259490967, 163.689071655, 164.107025146, 164.536590576, 164.966171265, 165.395736694, 165.825302124, 166.254867554, 166.684448242, 167.114013672, 167.543579102, 167.973144531, 168.40272522, 168.832290649, 169.261856079, 169.703033447, 170.132598877, 170.550567627, 170.991744995, 171.421310425, 171.850875854, 172.280456543, 172.721633911, 173.151199341, 173.569152832, 173.987121582, 174.416687012, 174.846252441, 175.275817871, 175.70539856, 176.134963989, 176.564529419, 176.994094849, 177.423675537, 177.841629028, 178.271194458, 178.700775146, 179.130340576, 179.559906006, 180.001083374, 180.419036865, 180.837005615, 181.278182983, 181.696136475, 182.125717163, 182.555282593, 182.996459961, 183.437637329, 183.85559082, 184.27355957, 184.703125, 185.13269043, 185.55065918, 185.991836548, 186.433013916, 186.862579346, 187.292144775, 187.721725464, 188.151290894, 188.592468262, 189.010421753, 189.440002441, 189.869567871, 190.299133301, 190.717086792, 191.14666748, 191.57623291, 192.00579834, 192.43536377, 192.864944458, 193.306121826, 193.747299194, 194.165252686, 194.594833374, 195.024398804, 195.453964233, 195.883529663, 196.301498413, 196.731063843, 197.160629272, 197.590194702, 198.019775391, 198.44934082, 198.87890625, 199.30847168, 199.738052368, 200.167617798, 200.608795166, 201.038360596, 201.467926025, 201.897506714, 202.338684082, 202.756637573, 203.174606323, 203.604171753, 204.033737183, 204.463302612, 204.892883301, 205.334060669, 205.763626099, 206.193191528, 206.645980835, 207.11038208, 207.574783325, 208.050796509, 208.515182495, 208.97958374, 209.443984985, 209.896774292, 210.349563599, 210.802352905, 211.243530273, 211.684707642, 212.12588501, 212.578674316, 213.031463623, 213.48425293, 213.925445557, 214.355010986, 214.784576416, 215.214141846, 215.643707275, 216.084899902, 216.514465332, 216.932418823, 217.361984253, 217.791564941, 218.221130371, 218.650695801, 219.08026123, 219.509841919, 219.939407349, 220.368972778, 220.798538208, 221.239730835, 221.669296265, 222.098861694, 222.528427124, 222.946395874, 223.375961304, 223.793914795, 224.223495483, 224.653060913, 225.082626343, 225.512191772, 225.953369141, 226.382949829, 226.812515259, 227.253692627, 227.683258057, 228.112823486, 228.542404175, 228.960357666, 229.389923096, 229.831100464, 230.260681152, 230.690246582, 231.119812012, 231.549377441, 231.97895813, 232.40852356, 232.838088989, 233.267654419, 233.697235107, 234.126800537, 234.556365967, 234.985931396, 235.415512085, 235.845077515, 236.274642944, 236.704208374, 237.133789062, 237.563354492, 237.992919922, 238.422485352, 238.85206604, 239.270019531, 239.699584961, 240.117553711, 240.535507202, 240.97668457, 241.40625, 241.835830688, 242.265396118, 242.694961548, 243.124526978, 243.554092407, 243.983673096, 244.413238525, 244.854415894, 245.295593262, 245.713562012, 246.131515503, 246.561080933, 246.979049683, 247.408615112, 247.838180542, 248.27935791, 248.70892334, 249.138504028, 249.568069458, 250.009246826, 250.438812256, 250.856781006, 251.286346436, 251.704299927, 252.133865356, 252.563446045, 252.981399536, 253.422576904, 253.863754272, 254.293334961, 254.722900391, 255.15246582, 255.58203125, 256.01159668, 256.452789307, 256.882354736, 257.311920166, 257.741485596, 258.171051025, 258.600616455, 259.018585205, 259.436553955, 259.866119385, 260.295684814, 260.736877441, 261.178039551, 261.60760498, 262.03717041, 262.45513916, 262.87310791, 263.291046143, 263.72064209, 264.15020752, 264.591369629, 265.020935059, 265.462127686, 265.891693115, 266.309661865, 266.739227295, 267.168792725, 267.598358154, 268.027923584, 268.469116211, 268.898681641, 269.32824707, 269.7578125, 270.18737793, 270.60534668, 271.046539307, 271.476104736, 271.905670166, 272.335235596, 272.764801025, 273.182769775, 273.600708008, 274.030303955, 274.459869385, 274.889434814, 275.319000244, 275.748565674, 276.178131104, 276.607696533, 277.037261963, 277.47845459, 277.919647217, 278.337585449, 278.767150879, 279.196716309, 279.637908936, 280.055877686, 280.473815918, 280.891784668, 281.321350098, 281.750915527, 282.192108154, 282.633270264, 283.074462891, 283.515655518, 283.945220947, 284.374786377, 284.792724609, 285.210693359, 285.640258789, 286.069824219, 286.499420166, 286.928985596, 287.358551025, 287.788116455, 288.206085205, 288.647247314, 289.076812744, 289.506378174, 289.947570801, 290.365539551, 290.79510498, 291.22467041, 291.66583252, 292.095428467, 292.524993896, 292.942932129, 293.372497559, 293.802093506, 294.220031738, 294.661224365, 295.090789795, 295.520355225, 295.938323975, 296.367889404, 296.797454834, 297.227020264, 297.656585693, 298.09777832, 298.53894043, 298.95690918, 299.386474609, 299.816040039, 300.257232666, 300.686798096, 301.116363525, 301.557556152, 301.987121582, 302.416687012, 302.846252441, 303.275817871, 303.705383301, 304.13494873, 304.55291748, 304.97088623, 305.388824463, 305.81842041, 306.24798584, 306.689147949, 307.130340576, 307.559906006, 307.989471436, 308.419036865, 308.848602295, 309.289794922, 309.730957031, 310.172149658, 310.613342285, 311.054504395, 311.495697021, 312.076171875, 312.656677246, 313.237182617, 313.817687988, 314.398193359, 315.048339844, 315.675262451, 316.302215576, 316.952362061, 317.602539062, 318.252685547, 318.902862549, 319.564605713, 320.214782715, 320.864929199, 321.503479004, 322.142028809, 322.780578613, 323.419128418, 324.057678223, 324.696228027, 325.334777832],
    "bpm_histogram": [0, 0, 0, 0, 0, 0, 0, 0, 0, 0, 0, 0, 0, 0, 0, 0, 0, 0, 0, 0, 0, 0, 0, 0, 0, 0, 0, 0, 0, 0, 0, 0, 0, 0, 0, 0, 0, 0, 0, 0, 0, 0, 0, 0, 0, 0, 0, 0, 0, 0, 0, 0, 0, 0, 0, 0, 0, 0, 0, 0, 0, 0, 0, 0, 0, 0, 0, 0, 0, 0, 0, 0, 0, 0, 0, 0, 0, 0, 0, 0, 0, 0, 0, 0, 0, 0, 0, 0, 0, 0, 0, 0.00134228193201, 0.00939597282559, 0, 0.00939597282559, 0, 0.00268456386402, 0, 0, 0, 0, 0, 0, 0.00671140942723, 0, 0, 0, 0, 0, 0, 0, 0, 0, 0, 0, 0, 0, 0, 0, 0, 0, 0, 0, 0, 0, 0, 0.00134228193201, 0, 0, 0.00671140942723, 0, 0, 0, 0.00939597282559, 0, 0, 0.124832212925, 0, 0, 0, 0.71812081337, 0, 0, 0, 0.110067114234, 0, 0, 0, 0, 0, 0, 0, 0, 0, 0, 0, 0, 0, 0, 0, 0, 0, 0, 0, 0, 0, 0, 0, 0, 0, 0, 0, 0, 0, 0, 0, 0, 0, 0, 0, 0, 0, 0, 0, 0, 0, 0, 0, 0, 0, 0, 0, 0, 0, 0, 0, 0, 0, 0, 0, 0, 0, 0, 0, 0, 0, 0, 0, 0, 0, 0, 0, 0, 0, 0, 0, 0, 0, 0, 0, 0, 0, 0, 0, 0, 0, 0, 0, 0, 0, 0, 0, 0, 0, 0, 0, 0, 0, 0, 0, 0, 0, 0, 0, 0, 0, 0, 0, 0, 0]
},
"tonal": {
    "chords_changes_rate": 0.0600882805884,
    "chords_number_rate": 0.00170867145061,
    "chords_strength": {
        "mean": 0.526009142399,
        "stdev": 0.0987895131111
    },
    "hpcp_crest": {
        "mean": 11.6050920486,
        "stdev": 5.91754102707
    },
    "hpcp_entropy": {
        "mean": 2.33029007912,
        "stdev": 0.765865921974
    },
    "key_edma": {
        "strength": 0.845448553562,
        "key": "G",
        "scale": "major"
    },
    "key_krumhansl": {
        "strength": 0.832838892937,
        "key": "G",
        "scale": "major"
    },
    "key_temperley": {
        "strength": 0.814465939999,
        "key": "G",
        "scale": "major"
    },
    "tuning_diatonic_strength": 0.676050364971,
    "tuning_equal_tempered_deviation": 0.337395459414,
    "tuning_frequency": 434.193115234,
    "tuning_nontempered_energy_ratio": 0.959852218628,
    "hpcp": {
        "mean": [0.201134979725, 0.255801409483, 0.167533546686, 0.0895324796438, 0.0744017660618, 0.0757801234722, 0.141621097922, 0.223034650087, 0.186948418617, 0.114957623184, 0.0864195376635, 0.0649698972702, 0.0776861608028, 0.108474649489, 0.114885829389, 0.207514405251, 0.345936745405, 0.261275947094, 0.110156230628, 0.0851692184806, 0.0884486958385, 0.124498054385, 0.166047677398, 0.137568548322, 0.0956708937883, 0.0851144194603, 0.0860860347748, 0.144361123443, 0.183970466256, 0.160355657339, 0.170438975096, 0.175401642919, 0.132322922349, 0.103300981224, 0.0996331945062, 0.112232163548],
        "stdev": [0.283095002174, 0.330698788166, 0.248499155045, 0.194571852684, 0.175038650632, 0.175400644541, 0.233029231429, 0.322142899036, 0.291155725718, 0.214987263083, 0.189206302166, 0.151378586888, 0.147606670856, 0.182358980179, 0.185148730874, 0.246205747128, 0.368449419737, 0.307470470667, 0.178097948432, 0.147244229913, 0.147199317813, 0.172348603606, 0.223180651665, 0.192288860679, 0.167385041714, 0.161799117923, 0.174262478948, 0.242747530341, 0.273414433002, 0.250779241323, 0.271731436253, 0.300316125154, 0.245944425464, 0.195206031203, 0.185906618834, 0.195954620838]
    },
    "chords_histogram": [15.2926101685, 30.1438140869, 14.4240350723, 1.45237076283, 9.62551593781, 0.256300717592, 2.19279503822, 0.284778594971, 6.25088977814, 0.028477858752, 0.0711946487427, 0, 0, 0.014238929376, 0, 0, 0.056955717504, 5.23992586136, 0.256300717592, 7.10522556305, 2.17855620384, 1.05368077755, 0.541079282761, 3.53125452995],
    "thpcp": [1, 0.755270898342, 0.318428814411, 0.246198818088, 0.255678802729, 0.35988676548, 0.47999432683, 0.397669672966, 0.276556044817, 0.246040418744, 0.248849064112, 0.417304962873, 0.531803786755, 0.463540405035, 0.492688268423, 0.507033884525, 0.382506132126, 0.298612326384, 0.288009852171, 0.32442972064, 0.581421256065, 0.739445626736, 0.484289526939, 0.258811712265, 0.215073332191, 0.219057738781, 0.40938436985, 0.64472669363, 0.540412127972, 0.332308202982, 0.249813124537, 0.187808603048, 0.224567532539, 0.313567876816, 0.332100689411, 0.599862277508],
    "chords_key": "B",
    "chords_scale": "minor"
}
}