{
"metadata": {
    "version": {
        "essentia": "2.1-dev",
        "essentia_git_sha": "v2.1_beta3-415-gd5473f3",
        "extractor": "music 2.0"
    },
    "audio_properties": {
        "analysis": {
            "equal_loudness": 0,
            "length": 239.438369751,
            "sample_rate": 44100,
            "start_time": 0,
            "downmix": "mix"
        },
        "bit_rate": 128000,
        "length": 239.438369751,
        "lossless": 0,
        "number_channels": 2,
        "replay_gain": -9.25142860413,
        "sample_rate": 44100,
        "codec": "mp3",
        "md5_encoded": "cf055c5dae2df5f7d3b8f0657f310e38"
    },
    "tags": {
        "file_name": "goo_goo_dolls-here_is_gone.mp3",
        "album": ["Gutterflower"],
        "artist": ["Goo Goo Dolls"],
        "date": ["2002"],
        "genre": ["Alternative Rock", "Alt. Rock"],
        "title": ["Here Is Gone"],
        "tracknumber": ["1"]
    }
},
"lowlevel": {
    "average_loudness": 0.951625883579,
    "barkbands_crest": {
        "mean": 10.6691188812,
        "stdev": 5.33729076385
    },
    "barkbands_flatness_db": {
        "mean": 0.136535003781,
        "stdev": 0.0752982124686
    },
    "barkbands_kurtosis": {
        "mean": 14.7379550934,
        "stdev": 75.24269104
    },
    "barkbands_skewness": {
        "mean": 2.18194675446,
        "stdev": 2.79707312584
    },
    "barkbands_spread": {
        "mean": 29.9347763062,
        "stdev": 15.9932355881
    },
    "dissonance": {
        "mean": 0.475366294384,
        "stdev": 0.020845297724
    },
    "dynamic_complexity": 3.68027663231,
    "erbbands_crest": {
        "mean": 7.77913665771,
        "stdev": 4.02594804764
    },
    "erbbands_flatness_db": {
        "mean": 0.115643851459,
        "stdev": 0.0334047339857
    },
    "erbbands_kurtosis": {
        "mean": 0.344148844481,
        "stdev": 2.16022515297
    },
    "erbbands_skewness": {
        "mean": -0.0457512959838,
        "stdev": 0.790745198727
    },
    "erbbands_spread": {
        "mean": 50.3453636169,
        "stdev": 26.8685894012
    },
    "hfc": {
        "mean": 28.8810997009,
        "stdev": 19.207403183
    },
    "loudness_ebu128": {
        "integrated": -12.2837266922,
        "loudness_range": 5.93841552734,
        "momentary": {
            "mean": -14.0578670502,
            "stdev": 7.30375909805
        },
        "short_term": {
            "mean": -13.4934196472,
            "stdev": 5.06163406372
        }
    },
    "melbands_crest": {
        "mean": 15.8065013885,
        "stdev": 5.85598611832
    },
    "melbands_flatness_db": {
        "mean": 0.197361975908,
        "stdev": 0.0976696610451
    },
    "melbands_kurtosis": {
        "mean": 36.8446083069,
        "stdev": 80.8823165894
    },
    "melbands_skewness": {
        "mean": 3.92511153221,
        "stdev": 3.23163104057
    },
    "melbands_spread": {
        "mean": 26.6015262604,
        "stdev": 18.9000263214
    },
    "pitch_salience": {
        "mean": 0.486976355314,
        "stdev": 0.13309250772
    },
    "silence_rate_20dB": {
        "mean": 1,
        "stdev": 0
    },
    "silence_rate_30dB": {
        "mean": 0.999806046486,
        "stdev": 0.0139236487448
    },
    "silence_rate_60dB": {
        "mean": 0.0329681001604,
        "stdev": 0.178553834558
    },
    "spectral_centroid": {
        "mean": 1633.39160156,
        "stdev": 705.962890625
    },
    "spectral_complexity": {
        "mean": 24.5005340576,
        "stdev": 14.4278116226
    },
    "spectral_decrease": {
        "mean": -8.27810797688e-09,
        "stdev": 5.28586063808e-09
    },
    "spectral_energy": {
        "mean": 0.0338630452752,
        "stdev": 0.0208263248205
    },
    "spectral_energyband_high": {
        "mean": 0.00144753872883,
        "stdev": 0.00118797551841
    },
    "spectral_energyband_low": {
        "mean": 0.0167258828878,
        "stdev": 0.0175035856664
    },
    "spectral_energyband_middle_high": {
        "mean": 0.0077791926451,
        "stdev": 0.006815825589
    },
    "spectral_energyband_middle_low": {
        "mean": 0.00911305751652,
        "stdev": 0.00752562237903
    },
    "spectral_entropy": {
        "mean": 7.835460186,
        "stdev": 0.445189416409
    },
    "spectral_flux": {
        "mean": 0.0873745307326,
        "stdev": 0.0532695502043
    },
    "spectral_kurtosis": {
        "mean": 3.464397192,
        "stdev": 4.91156148911
    },
    "spectral_rms": {
        "mean": 0.00545869302005,
        "stdev": 0.00179995899089
    },
    "spectral_rolloff": {
        "mean": 1558.39123535,
        "stdev": 1458.58215332
    },
    "spectral_skewness": {
        "mean": 1.40622138977,
        "stdev": 0.539853513241
    },
    "spectral_spread": {
        "mean": 5806835,
        "stdev": 1947872.125
    },
    "spectral_strongpeak": {
        "mean": 0.599041104317,
        "stdev": 0.957956910133
    },
    "zerocrossingrate": {
        "mean": 0.0685103163123,
        "stdev": 0.0356397740543
    },
    "barkbands": {
        "mean": [0.000167434642208, 0.0100349439308, 0.00542383687571, 0.00177099660505, 0.00350029487163, 0.00123544433154, 0.000824261340313, 0.000841490458697, 0.000789943325799, 0.000917063385714, 0.000624682230409, 0.000900743936654, 0.000784024887253, 0.000887052854523, 0.000529272598214, 0.00098716490902, 0.000807207019534, 0.000517971056979, 0.000545503513422, 0.000625432876404, 0.000269323994871, 0.000196935230633, 0.000199629823328, 0.000207076212973, 0.000187897006981, 8.71180382092e-05, 3.8624389731e-07],
        "stdev": [0.000355142168701, 0.0107178669423, 0.00791179668158, 0.00236820755526, 0.00473635783419, 0.0019150536973, 0.00115005287807, 0.00130160315894, 0.00118642172311, 0.00164342776407, 0.00119338207878, 0.00172703014687, 0.00149834796321, 0.00149452965707, 0.000777214823756, 0.00139776431024, 0.00107457616832, 0.000629577320069, 0.000634621537756, 0.000725894002244, 0.000233756320085, 0.000177597088623, 0.000201086295419, 0.000227081749472, 0.00020666657656, 0.000103106576717, 1.60122920079e-06]
    },
    "erbbands": {
        "mean": [0.207805454731, 2.54234313965, 6.34686279297, 6.66617393494, 8.76826763153, 10.4503908157, 13.2846078873, 9.58282661438, 12.85227108, 10.9380407333, 21.4229660034, 16.8718547821, 24.1836280823, 25.3428287506, 26.7495212555, 32.914855957, 39.7470703125, 32.5045700073, 40.2655067444, 37.647567749, 55.3743934631, 52.4704437256, 30.9581680298, 25.7831172943, 30.0392341614, 27.9732189178, 16.1061115265, 8.06097412109, 7.05531835556, 6.4463133812, 5.57691335678, 4.51190280914, 3.32523846626, 2.16303801537, 1.28438484669, 0.455902844667, 0.152710735798, 0.0171626619995, 0.000343488121871, 5.65510745218e-05],
        "stdev": [0.213964089751, 2.82034778595, 8.72182655334, 8.43979358673, 13.6692800522, 14.9364395142, 18.304069519, 17.2508106232, 17.5531215668, 17.2644367218, 29.540512085, 25.0630664825, 43.8116607666, 42.153377533, 42.5798683167, 64.1282653809, 72.1392822266, 53.4235725403, 59.1323432922, 47.890422821, 79.5799179077, 68.9816970825, 38.4209823608, 27.2511444092, 36.063785553, 32.2129554749, 15.9048528671, 6.5972070694, 6.1895275116, 6.40261602402, 5.62942409515, 5.04644012451, 3.71829247475, 2.46034908295, 1.4243465662, 0.551430344582, 0.18088015914, 0.022262044251, 0.000408006628277, 3.2984506106e-05]
    },
    "gfcc": {
        "mean": [23.5581550598, 68.5505065918, -96.354095459, 47.0675773621, -46.0561408997, 25.6455955505, -38.5029144287, 19.2813987732, -26.0123748779, 8.46633338928, -19.1785526276, 3.39327335358, -12.3537120819],
        "cov": [[16048.8095703, 265.148803711, -2802.22900391, 219.295288086, -869.432983398, -166.302749634, -794.057434082, -210.218841553, -626.782409668, -151.587905884, -69.8353652954, -277.797821045, -138.451141357], [265.148803711, 998.322631836, -161.085342407, -218.12109375, 100.805412292, -72.6202087402, 111.27318573, -68.1590118408, 62.658782959, -95.321937561, 55.5489463806, -36.0346450806, 78.0827102661], [-2802.22900391, -161.085342407, 1155.00109863, 151.040710449, 97.0328979492, 60.2996444702, 89.8631286621, 12.5419216156, 96.5828475952, 59.9774055481, -23.6455097198, 107.574195862, 5.01094770432], [219.295288086, -218.12109375, 151.040710449, 295.611968994, -23.5204715729, -14.484585762, -74.9957504272, 1.25916683674, -0.224011287093, 11.2873687744, -11.1636800766, -5.86271047592, 0.40145856142], [-869.432983398, 100.805412292, 97.0328979492, -23.5204715729, 191.321166992, 20.9849624634, 77.065826416, 19.4338493347, 56.5833129883, -2.85148453712, -1.20025503635, 1.87838506699, 7.58843708038], [-166.302749634, -72.6202087402, 60.2996444702, -14.484585762, 20.9849624634, 129.062713623, 61.7964820862, 11.7165412903, -15.6245346069, 13.0720319748, 1.553409338, -4.9168806076, -21.7664642334], [-794.057434082, 111.27318573, 89.8631286621, -74.9957504272, 77.065826416, 61.7964820862, 161.996276855, 32.8600006104, 29.7284374237, -11.5788221359, 8.99067783356, -2.45838713646, 1.66040754318], [-210.218841553, -68.1590118408, 12.5419216156, 1.25916683674, 19.4338493347, 11.7165412903, 32.8600006104, 82.2880783081, 39.278591156, 5.67555189133, -18.9629020691, -7.14650249481, -4.31936502457], [-626.782409668, 62.658782959, 96.5828475952, -0.224011287093, 56.5833129883, -15.6245346069, 29.7284374237, 39.278591156, 105.189163208, 25.3032798767, -0.8141477108, -5.43552350998, 10.9217357635], [-151.587905884, -95.321937561, 59.9774055481, 11.2873687744, -2.85148453712, 13.0720319748, -11.5788221359, 5.67555189133, 25.3032798767, 72.8726272583, 23.9288520813, 7.24910449982, -20.9705028534], [-69.8353652954, 55.5489463806, -23.6455097198, -11.1636800766, -1.20025503635, 1.553409338, 8.99067783356, -18.9629020691, -0.8141477108, 23.9288520813, 69.7729797363, 26.0868911743, 3.83843541145], [-277.797821045, -36.0346450806, 107.574195862, -5.86271047592, 1.87838506699, -4.9168806076, -2.45838713646, -7.14650249481, -5.43552350998, 7.24910449982, 26.0868911743, 75.2257385254, 24.2338600159], [-138.451141357, 78.0827102661, 5.01094770432, 0.40145856142, 7.58843708038, -21.7664642334, 1.66040754318, -4.31936502457, 10.9217357635, -20.9705028534, 3.83843541145, 24.2338600159, 68.8467712402]],
        "icov": [[0.0003606279206, -0.000913317664526, 0.000880680454429, -0.00102450128179, 0.000841130618937, -0.000671588699333, 0.000920475751627, -0.0006701106322, 0.00148891052231, -0.00136220327113, 0.00185801740736, -0.00128066667821, 0.00102973834146], [-0.000913317664526, 0.00515380967408, -0.00250034593046, 0.00441972445697, -0.00255652773194, 0.00287207681686, -0.00300322612748, 0.0044839293696, -0.00637419056147, 0.00788578949869, -0.00875593349338, 0.00685946689919, -0.00449527706951], [0.000880680454429, -0.00250034593046, 0.00405652541667, -0.00407106755301, 0.00220191990957, -0.00217497488484, 0.000351143826265, 0.000145975282067, 0.00182959472295, -0.00505552953109, 0.00808080565184, -0.00764803960919, 0.00381708075292], [-0.00102450128179, 0.00441972445697, -0.00407106755301, 0.00907655991614, -0.00298217730597, 0.00229870714247, 0.000795560190454, 0.00148191628978, -0.00464430777356, 0.00751306349412, -0.0101442495361, 0.00946556404233, -0.00544134574011], [0.000841130618937, -0.00255652773194, 0.00220191990957, -0.00298217730597, 0.00964788161218, -0.00236650998704, -0.000853470293805, -0.000266281189397, -0.000644787971396, -0.00251617934555, 0.00589818740264, -0.00488227792084, 0.00336598139256], [-0.000671588699333, 0.00287207681686, -0.00217497488484, 0.00229870714247, -0.00236650998704, 0.0138034932315, -0.00735962996259, 0.00109129527118, 0.001712208963, -0.00018499136786, -0.00416180957109, 0.00506863696501, -0.00147223088425], [0.000920475751627, -0.00300322612748, 0.000351143826265, 0.000795560190454, -0.000853470293805, -0.00735962996259, 0.0172986388206, -0.00805104803294, 0.00382670247927, 0.00191465299577, -0.0017925654538, 0.000995731330477, 0.00179753394332], [-0.0006701106322, 0.0044839293696, 0.000145975282067, 0.00148191628978, -0.000266281189397, 0.00109129527118, -0.00805104803294, 0.0241195373237, -0.0143644232303, 0.00499688507989, 0.00187155220192, -0.00029893728788, -0.000568882504012], [0.00148891052231, -0.00637419056147, 0.00182959472295, -0.00464430777356, -0.000644787971396, 0.001712208963, 0.00382670247927, -0.0143644232303, 0.0298335216939, -0.0180493034422, 0.00877883471549, -0.000538453867193, -0.000794088817202], [-0.00136220327113, 0.00788578949869, -0.00505552953109, 0.00751306349412, -0.00251617934555, -0.00018499136786, 0.00191465299577, 0.00499688507989, -0.0180493034422, 0.037537727505, -0.0240375380963, 0.010184311308, 0.00117975042667], [0.00185801740736, -0.00875593349338, 0.00808080565184, -0.0101442495361, 0.00589818740264, -0.00416180957109, -0.0017925654538, 0.00187155220192, 0.00877883471549, -0.0240375380963, 0.0422460474074, -0.0245469417423, 0.00890346895903], [-0.00128066667821, 0.00685946689919, -0.00764803960919, 0.00946556404233, -0.00488227792084, 0.00506863696501, 0.000995731330477, -0.00029893728788, -0.000538453867193, 0.010184311308, -0.0245469417423, 0.0366618819535, -0.0161045603454], [0.00102973834146, -0.00449527706951, 0.00381708075292, -0.00544134574011, 0.00336598139256, -0.00147223088425, 0.00179753394332, -0.000568882504012, -0.000794088817202, 0.00117975042667, 0.00890346895903, -0.0161045603454, 0.0261902268976]]
    },
    "melbands": {
        "mean": [0.00241197249852, 0.00347817502916, 0.00119618955068, 0.000745572673623, 0.00046134807053, 0.000224849427468, 0.000179389768164, 0.000136324379127, 0.00018229491252, 9.83429345069e-05, 0.000126187427668, 0.00011017084762, 8.13975639176e-05, 8.34636593936e-05, 0.000105255043309, 7.80234186095e-05, 6.09526687185e-05, 7.52005071263e-05, 4.22981502197e-05, 6.31377042737e-05, 5.94944467593e-05, 5.90884083067e-05, 3.26979352394e-05, 2.09535792237e-05, 2.05656306207e-05, 2.21249883907e-05, 2.24657196668e-05, 1.78670907189e-05, 1.14661997941e-05, 5.9788130784e-06, 4.23961910201e-06, 3.97707299271e-06, 3.77918649974e-06, 3.51930725628e-06, 3.23300650962e-06, 2.96013649859e-06, 2.72024794867e-06, 2.37147287407e-06, 2.09829272535e-06, 1.72502905116e-06],
        "stdev": [0.00248903688043, 0.00419529573992, 0.00138110970147, 0.00118512439076, 0.000598382670432, 0.000361510436051, 0.000243739516009, 0.00021808128804, 0.000254504237091, 0.000153205881361, 0.000235559651628, 0.000179282200406, 0.000139337411383, 0.000138978357427, 0.000258157437202, 0.000158940063557, 0.000113616159069, 0.000126423503389, 6.88169093337e-05, 8.7854146841e-05, 9.05800843611e-05, 8.34419115563e-05, 4.31452244811e-05, 2.40320205194e-05, 2.30836176343e-05, 2.80312851828e-05, 2.98056038446e-05, 2.31616286328e-05, 1.30889438879e-05, 5.33289721716e-06, 3.75005083697e-06, 3.53028872269e-06, 3.81083532375e-06, 3.65302093996e-06, 3.24851203004e-06, 3.47112745658e-06, 3.13873783853e-06, 2.74594572147e-06, 2.41594761974e-06, 2.03547597266e-06]
    },
    "melbands128": {
        "mean": [0.000142295961268, 0.00114943773951, 0.00359780411236, 0.00440793670714, 0.00361906900071, 0.00248777167872, 0.00139937351923, 0.000747170415707, 0.000876299280208, 0.00103789230343, 0.00046215383918, 0.000530453457031, 0.000514838378876, 0.000308678427245, 0.000220127185457, 0.000139063195093, 0.00027317929198, 0.000176194909727, 0.000109481974505, 8.16208994365e-05, 0.000174064596649, 0.000202985407668, 0.000169599981746, 0.00021409074543, 9.016005788e-05, 8.13083679532e-05, 4.54492510471e-05, 0.000110792185296, 0.000250879122177, 8.15925377537e-05, 9.72999769147e-05, 8.11166828498e-05, 5.49163887626e-05, 0.000101364887087, 0.000118873846077, 5.11709731654e-05, 6.08456612099e-05, 0.000173310152604, 5.95862875343e-05, 9.36730648391e-05, 9.57399388426e-05, 3.50643567799e-05, 5.0092847232e-05, 4.95635722473e-05, 0.000154698238475, 5.8362067648e-05, 2.32584006881e-05, 4.47950842499e-05, 5.39815409866e-05, 3.30432376359e-05, 7.58109163144e-05, 6.61882804707e-05, 8.83300308487e-05, 3.90340574086e-05, 3.45997177646e-05, 9.27733417484e-05, 4.43428143626e-05, 2.28109784075e-05, 3.87257605325e-05, 3.15016513923e-05, 1.41555110531e-05, 1.69738250406e-05, 2.32929414778e-05, 1.61990137713e-05, 2.64940827037e-05, 2.32103666349e-05, 1.84719538083e-05, 2.29164197663e-05, 2.56042603723e-05, 1.87497043953e-05, 1.70555631485e-05, 1.98322650249e-05, 1.22362316688e-05, 1.10107812361e-05, 8.39199583424e-06, 6.50240281175e-06, 4.74180069432e-06, 4.16054081143e-06, 4.28076100434e-06, 4.13815951106e-06, 4.04009324484e-06, 3.8298326217e-06, 3.96324776375e-06, 3.80483379558e-06, 3.64065613212e-06, 3.51315861735e-06, 3.52782467417e-06, 3.39423877449e-06, 3.2248469779e-06, 3.09525898956e-06, 3.10897530653e-06, 2.98497866424e-06, 2.6360182801e-06, 2.66916254077e-06, 2.8741319511e-06, 2.48866399488e-06, 2.22587277676e-06, 2.23532310883e-06, 2.12980876313e-06, 2.09677568819e-06, 1.76697028564e-06, 1.65918049788e-06, 1.66175459526e-06, 1.55765246745e-06, 1.55704924509e-06, 1.43000647768e-06, 1.11644851586e-06, 8.62400838741e-07, 7.05920399469e-07, 6.28935140412e-07, 5.99917029831e-07, 5.14966075116e-07, 4.92366496019e-07, 4.48554828836e-07, 3.66713919675e-07, 1.82424855666e-07, 2.51509586491e-08, 5.24496869547e-11, 5.39523937679e-12, 5.1931857252e-12, 5.04140435995e-12, 4.91493998278e-12, 4.79812587231e-12, 4.70464119051e-12, 4.62876265095e-12, 4.57441853494e-12, 4.53428874309e-12, 4.50062816876e-12],
        "stdev": [0.000308595248498, 0.00134404574055, 0.00396258151159, 0.00530259590596, 0.00503272004426, 0.00361119140871, 0.00194651586935, 0.00106043182313, 0.00155434641056, 0.00207953481004, 0.000949024164584, 0.000857301347423, 0.00081748951925, 0.00058238155907, 0.000599813298322, 0.000271340628387, 0.000442387419753, 0.000260785658611, 0.000268429837888, 0.000201646733331, 0.000335990742315, 0.000387268926715, 0.000323438405758, 0.000405587605201, 0.000198891677428, 0.000183563897735, 0.000175279288669, 0.000269185606157, 0.000517401960678, 0.000158501308761, 0.000271326571237, 0.000242266891291, 0.000159969888045, 0.000223892639042, 0.000271764060017, 0.000129500840558, 0.000208824887522, 0.000527969910763, 0.000209531266592, 0.000253193225944, 0.000243051545112, 0.000100214587292, 0.000168445141753, 0.000127349645481, 0.000322858220898, 0.000120019401948, 5.25155119249e-05, 0.000119311684102, 0.000104360355181, 7.58742171456e-05, 0.000134824775159, 0.000140297634061, 0.000180386807187, 7.34547429602e-05, 6.25603934168e-05, 0.000157522634254, 8.02272988949e-05, 5.7065339206e-05, 6.91466630087e-05, 5.90280687902e-05, 2.16687221837e-05, 2.31916164921e-05, 3.01591917378e-05, 2.24641571549e-05, 4.11812725361e-05, 3.89237029594e-05, 2.98462400679e-05, 4.4687443733e-05, 4.09350432165e-05, 3.01170075545e-05, 2.96115649689e-05, 3.70476809621e-05, 2.18314235099e-05, 1.51347521751e-05, 9.98618543235e-06, 7.5350330917e-06, 4.87412580696e-06, 4.29022793469e-06, 4.39466066382e-06, 4.4218641051e-06, 4.02954992751e-06, 3.94504741053e-06, 4.2839606067e-06, 4.43914586867e-06, 4.24716154157e-06, 4.08847108702e-06, 4.172716217e-06, 3.96358882426e-06, 3.43268834513e-06, 3.5401101286e-06, 3.96760378862e-06, 3.96402265324e-06, 3.4683348531e-06, 3.44714044331e-06, 3.5915297758e-06, 3.12635393129e-06, 2.93390962725e-06, 2.75344200418e-06, 2.57719671026e-06, 2.80541758002e-06, 2.21061077355e-06, 2.14970168599e-06, 2.18331774704e-06, 1.95000598069e-06, 1.84782857104e-06, 1.7351162569e-06, 1.4346652506e-06, 1.16542571504e-06, 1.07443565867e-06, 9.53181711338e-07, 8.45343322453e-07, 7.13192434887e-07, 6.52482754049e-07, 6.0292057924e-07, 5.06583887727e-07, 3.2205161915e-07, 7.24538438135e-08, 4.44605685601e-10, 7.80056748362e-12, 7.54800041913e-12, 7.33662783303e-12, 7.154693938e-12, 6.99840576115e-12, 6.86760153953e-12, 6.7583287057e-12, 6.67275349558e-12, 6.61091494047e-12, 6.57225489309e-12]
    },
    "mfcc": {
        "mean": [-619.745727539, 97.1148452759, 13.0365056992, 29.3538608551, 17.5754108429, 10.318605423, 7.79046678543, 7.67493534088, 4.56054162979, 5.98144245148, -1.26375031471, 2.06557035446, 2.37405729294],
        "cov": [[12102.6337891, 78.1248016357, -1687.45214844, -237.199234009, -263.284973145, -374.860321045, -167.99230957, -320.829193115, -344.060089111, -129.058776855, -292.577911377, -128.697570801, -90.186668396], [78.1248016357, 820.49420166, -111.290161133, -81.5737457275, -41.9583816528, 10.4697761536, 30.1391906738, 44.2477874756, 5.4022192955, -12.2681083679, -9.25037288666, 1.36743628979, 10.9968366623], [-1687.45214844, -111.290161133, 796.619689941, 187.551040649, 88.2446060181, 106.158096313, -6.04076337814, 28.3986625671, 37.0394744873, -16.5688323975, 43.42237854, -6.85259199142, -13.8540277481], [-237.199234009, -81.5737457275, 187.551040649, 227.544509888, 92.6470947266, -0.0476233065128, -41.3820381165, -5.81726741791, 14.3855247498, 0.103669203818, -12.443772316, -4.85657787323, 1.9077283144], [-263.284973145, -41.9583816528, 88.2446060181, 92.6470947266, 123.510215759, 30.2974567413, -22.0818977356, 0.739632427692, 21.6259098053, 7.22957420349, 5.61306667328, 8.61053276062, 3.33615612984], [-374.860321045, 10.4697761536, 106.158096313, -0.0476233065128, 30.2974567413, 104.506401062, 54.1887321472, 15.2010765076, 2.50311303139, 5.44473695755, 24.0953483582, 6.36664676666, -5.86529016495], [-167.99230957, 30.1391906738, -6.04076337814, -41.3820381165, -22.0818977356, 54.1887321472, 110.684188843, 46.7965049744, 1.50401377678, 5.33220100403, 12.9923191071, 3.20191407204, -2.39815759659], [-320.829193115, 44.2477874756, 28.3986625671, -5.81726741791, 0.739632427692, 15.2010765076, 46.7965049744, 84.2080230713, 42.3186912537, 2.85184431076, 1.88682353497, 0.489888101816, 2.57900547981], [-344.060089111, 5.4022192955, 37.0394744873, 14.3855247498, 21.6259098053, 2.50311303139, 1.50401377678, 42.3186912537, 94.1206817627, 39.6766433716, 0.495375096798, -0.810134649277, 1.5857963562], [-129.058776855, -12.2681083679, -16.5688323975, 0.103669203818, 7.22957420349, 5.44473695755, 5.33220100403, 2.85184431076, 39.6766433716, 76.3560028076, 31.0174922943, 2.37189865112, -4.699614048], [-292.577911377, -9.25037288666, 43.42237854, -12.443772316, 5.61306667328, 24.0953483582, 12.9923191071, 1.88682353497, 0.495375096798, 31.0174922943, 74.951675415, 29.7475605011, -5.05412626266], [-128.697570801, 1.36743628979, -6.85259199142, -4.85657787323, 8.61053276062, 6.36664676666, 3.20191407204, 0.489888101816, -0.810134649277, 2.37189865112, 29.7475605011, 64.0689086914, 25.7816524506], [-90.186668396, 10.9968366623, -13.8540277481, 1.9077283144, 3.33615612984, -5.86529016495, -2.39815759659, 2.57900547981, 1.5857963562, -4.699614048, -5.05412626266, 25.7816524506, 59.9962005615]],
        "icov": [[0.000154044100782, -4.02682786671e-07, 0.000286716298433, -0.000107013947854, 9.93935973383e-05, 0.000104022248706, 1.75310851773e-05, 0.000279919593595, 0.000309310940793, -4.19712068833e-06, 0.000386818486731, 1.8491858782e-06, 0.000317841186188], [-4.02682786671e-07, 0.00133471621666, 0.000197481946088, 0.000241521018324, 0.000333929725457, -0.000585226691328, 0.000474155967822, -0.000970656226855, 0.000112057874503, 0.000158237613505, 9.23176921788e-05, 5.12800179422e-05, -0.000227255906793], [0.000286716298433, 0.000197481946088, 0.00286769750528, -0.00227355398238, 0.00124638038687, -0.00270065222867, 0.00132673245389, 3.57106146112e-05, -0.000971015018877, 0.00235109613277, -0.001839992241, 0.00136903789826, 0.000313980679493], [-0.000107013947854, 0.000241521018324, -0.00227355398238, 0.00879493542016, -0.0060741584748, 0.00303471577354, 0.000271408556728, -0.000670069770422, 0.00175837555435, -0.00242140027694, 0.00304809398949, -0.000564475485589, -7.25064383005e-05], [9.93935973383e-05, 0.000333929725457, 0.00124638038687, -0.0060741584748, 0.015480642207, -0.00778527697548, 0.00529279233888, -0.00101508619264, -0.00258318358101, 0.000901565887034, -0.000648231070954, -0.00142220011912, -0.000102123187389], [0.000104022248706, -0.000585226691328, -0.00270065222867, 0.00303471577354, -0.00778527697548, 0.0212316028774, -0.0124983694404, 0.00492164259776, 0.00016655329091, 0.000111588007712, -0.00177932390943, 3.53108844138e-05, 0.00118017720524], [1.75310851773e-05, 0.000474155967822, 0.00132673245389, 0.000271408556728, 0.00529279233888, -0.0124983694404, 0.0219348166138, -0.0134612172842, 0.00590484077111, -0.00386941456236, 0.00145791878458, -0.000809724442661, 0.000188030739082], [0.000279919593595, -0.000970656226855, 3.57106146112e-05, -0.000670069770422, -0.00101508619264, 0.00492164259776, -0.0134612172842, 0.0269279014319, -0.0142184570432, 0.00863292533904, -0.00328352395445, 0.00190613989253, -0.000573428813368], [0.000309310940793, 0.000112057874503, -0.000971015018877, 0.00175837555435, -0.00258318358101, 0.00016655329091, 0.00590484077111, -0.0142184570432, 0.0254908893257, -0.0162331312895, 0.00949221570045, -0.00326662231237, 0.0014294644352], [-4.19712068833e-06, 0.000158237613505, 0.00235109613277, -0.00242140027694, 0.000901565887034, 0.000111588007712, -0.00386941456236, 0.00863292533904, -0.0162331312895, 0.0279680695385, -0.0156418476254, 0.00669980607927, -0.00155727495439], [0.000386818486731, 9.23176921788e-05, -0.001839992241, 0.00304809398949, -0.000648231070954, -0.00177932390943, 0.00145791878458, -0.00328352395445, 0.00949221570045, -0.0156418476254, 0.0298613458872, -0.0152348680422, 0.00769040454179], [1.8491858782e-06, 5.12800179422e-05, 0.00136903789826, -0.000564475485589, -0.00142220011912, 3.53108844138e-05, -0.000809724442661, 0.00190613989253, -0.00326662231237, 0.00669980607927, -0.0152348680422, 0.0276440661401, -0.0122558018193], [0.000317841186188, -0.000227255906793, 0.000313980679493, -7.25064383005e-05, -0.000102123187389, 0.00118017720524, 0.000188030739082, -0.000573428813368, 0.0014294644352, -0.00155727495439, 0.00769040454179, -0.0122558018193, 0.02316984348]]
    },
    "spectral_contrast_coeffs": {
        "mean": [-0.727062642574, -0.773090004921, -0.763450324535, -0.776072621346, -0.785029351711, -0.788499295712],
        "stdev": [0.0550429932773, 0.0601217374206, 0.0585342794657, 0.0489359088242, 0.0420865230262, 0.0342190228403]
    },
    "spectral_contrast_valleys": {
        "mean": [-6.36180877686, -6.9191608429, -7.61139297485, -7.58621692657, -7.35547876358, -9.57429504395],
        "stdev": [1.21660017967, 1.3606274128, 1.44470477104, 1.49233818054, 1.4913829565, 1.33757400513]
    }
},
"rhythm": {
    "beats_count": 416,
    "beats_loudness": {
        "mean": 0.035939309746,
        "stdev": 0.013763030991
    },
    "bpm": 103.835105896,
    "bpm_histogram_first_peak_bpm": 105,
    "bpm_histogram_first_peak_weight": 0.648578822613,
    "bpm_histogram_second_peak_bpm": 110,
    "bpm_histogram_second_peak_spread": 0,
    "bpm_histogram_second_peak_weight": 0.0144578311592,
    "danceability": 1.08611309528,
    "onset_rate": 2.86065340042,
    "beats_loudness_band_ratio": {
        "mean": [0.515458226204, 0.224782302976, 0.0741503536701, 0.0975482016802, 0.0917267873883, 0.0812551230192],
        "stdev": [0.206933811307, 0.175954014063, 0.0516320168972, 0.100487813354, 0.0742722228169, 0.04498327896]
    },
    "beats_position": [0.603718817234, 1.23065757751, 1.8575963974, 2.48453521729, 3.11147379875, 3.7151927948, 4.3073015213, 4.8994102478, 5.47990942001, 6.07201814651, 6.66412687302, 7.25623559952, 7.83673477173, 8.42884349823, 9.02095222473, 9.61306095123, 10.1935596466, 10.7856683731, 11.3777770996, 11.9582767487, 12.5503854752, 13.1424942017, 13.7346029282, 14.3267116547, 14.90721035, 15.4877090454, 16.0798187256, 16.6719264984, 17.2524261475, 17.8329238892, 18.4250335693, 19.0171432495, 19.6092510223, 20.2013607025, 20.7934684753, 21.3855781555, 21.9660758972, 22.5465755463, 23.1386852264, 23.7307929993, 24.3229026794, 24.9150104523, 25.5071201324, 26.0992279053, 26.6797275543, 27.2718353271, 27.8639450073, 28.4444446564, 29.0365524292, 29.6286621094, 30.2091598511, 30.8012695312, 31.3933773041, 31.9738769531, 32.5659866333, 33.1580963135, 33.7385940552, 34.3307037354, 34.9228096008, 35.5033111572, 36.0838088989, 36.6759185791, 37.2680282593, 37.8601341248, 38.4522438049, 39.0443534851, 39.6364631653, 40.216960907, 40.7974586487, 41.3895683289, 41.981678009, 42.5737876892, 43.1658935547, 43.7580032349, 44.350112915, 44.9306106567, 45.5227203369, 46.1032180786, 46.6953277588, 47.2758255005, 47.8679351807, 48.4600448608, 49.052154541, 49.6442604065, 50.2247619629, 50.8168716431, 51.4089775085, 51.9894790649, 52.5815849304, 53.1736946106, 53.7541923523, 54.3346939087, 54.9151916504, 55.4956893921, 56.0761909485, 56.6566886902, 57.2371864319, 57.8409042358, 58.433013916, 59.0251235962, 59.6172332764, 60.2093429565, 60.801448822, 61.3935585022, 61.9740562439, 62.5777778625, 63.169883728, 63.7619934082, 64.3424911499, 64.9229888916, 65.5034942627, 66.0839920044, 66.6761016846, 67.2682037354, 67.8603134155, 68.4524230957, 69.0329208374, 69.6134262085, 70.1823120117, 70.7511978149, 71.3316955566, 71.9005889893, 72.481086731, 73.0499725342, 73.6188659668, 74.1993637085, 74.7682495117, 75.3487548828, 75.9292526245, 76.5097503662, 77.0902481079, 77.6707458496, 78.2512435913, 78.8201370239, 79.4006347656, 79.9695205688, 80.5500183105, 81.1305236816, 81.6994094849, 82.2682952881, 82.8487930298, 83.4292984009, 84.0097961426, 84.5902938843, 85.170791626, 85.7512893677, 86.3433990479, 86.935508728, 87.5276184082, 88.1197280884, 88.7118377686, 89.3039474487, 89.8844451904, 90.4765548706, 91.0686569214, 91.6607666016, 92.2412643433, 92.8333740234, 93.4254837036, 94.0059814453, 94.5864868164, 95.1785888672, 95.7706985474, 96.3628082275, 96.9433059692, 97.5354156494, 98.1275253296, 98.7196350098, 99.3001327515, 99.8922424316, 100.484352112, 101.076461792, 101.656959534, 102.249069214, 102.841178894, 103.421676636, 104.002174377, 104.605895996, 105.198005676, 105.790107727, 106.382217407, 106.974327087, 107.566436768, 108.158546448, 108.739044189, 109.319541931, 109.911651611, 110.492149353, 111.072654724, 111.664756775, 112.245262146, 112.825759888, 113.417869568, 114.009971619, 114.59047699, 115.170974731, 115.763084412, 116.343582153, 116.924079895, 117.492965698, 118.07346344, 118.653968811, 119.234466553, 119.814964294, 120.372245789, 120.95274353, 121.521629333, 122.078910828, 122.647796631, 123.228294373, 123.808792114, 124.389297485, 124.969795227, 125.550292969, 126.13079071, 126.711288452, 127.291786194, 127.872291565, 128.452789307, 129.033279419, 129.602172852, 130.182678223, 130.751556396, 131.332061768, 131.912567139, 132.481445312, 133.050338745, 133.630844116, 134.19972229, 134.768615723, 135.337509155, 135.906387329, 136.463668823, 137.044174194, 137.613052368, 138.181945801, 138.750839233, 139.319732666, 139.900222778, 140.480728149, 141.049606323, 141.630111694, 142.210617065, 142.779495239, 143.348388672, 143.917282104, 144.486160278, 145.055053711, 145.623947144, 146.192825317, 146.76171875, 147.330612183, 147.899505615, 148.468383789, 149.037277222, 149.606170654, 150.175048828, 150.743942261, 151.312835693, 151.893325806, 152.473831177, 153.042724609, 153.599990845, 154.168884277, 154.73777771, 155.306671143, 155.875549316, 156.432830811, 157.001724243, 157.570602417, 158.13949585, 158.708389282, 159.265670776, 159.822952271, 160.391830444, 160.960723877, 161.52961731, 162.098495483, 162.667388916, 163.236282349, 163.793563843, 164.362442017, 164.931335449, 165.500228882, 166.069107056, 166.62638855, 167.195281982, 167.764175415, 168.333053589, 168.91355896, 169.482452393, 170.062942505, 170.620223999, 171.177505493, 171.734786987, 172.292053223, 172.860946655, 173.429840088, 173.998733521, 174.567611694, 175.136505127, 175.70539856, 176.274276733, 176.843170166, 177.423675537, 178.004165649, 178.573059082, 179.141952515, 179.710830688, 180.279724121, 180.860229492, 181.429107666, 181.998001099, 182.57850647, 183.158996582, 183.727890015, 184.296783447, 184.865661621, 185.434555054, 186.003448486, 186.583938599, 187.152832031, 187.721725464, 188.290603638, 188.85949707, 189.440002441, 190.008880615, 190.589385986, 191.158279419, 191.727157593, 192.296051025, 192.864944458, 193.433822632, 194.002716064, 194.583221436, 195.163711548, 195.73260498, 196.301498413, 196.870376587, 197.43927002, 198.008163452, 198.577041626, 199.145935059, 199.714828491, 200.283721924, 200.852600098, 201.433105469, 202.013595581, 202.582489014, 203.162994385, 203.743484497, 204.31237793, 204.881271362, 205.450149536, 206.00743103, 206.587936401, 207.156814575, 207.725708008, 208.29460144, 208.863494873, 209.432373047, 210.001266479, 210.581771851, 211.162261963, 211.731155396, 212.300048828, 212.868927002, 213.437820435, 214.018310547, 214.598815918, 215.167709351, 215.736587524, 216.317092896, 216.885986328, 217.454864502, 218.035369873, 218.604263306, 219.173141479, 219.753646851, 220.322540283, 220.879821777, 221.448699951, 222.017593384, 222.586486816, 223.15536499, 223.724258423, 224.304763794, 224.885253906, 225.454147339, 226.023040771, 226.591918945, 227.160812378, 227.741317749, 228.310195923, 228.855865479, 229.401535034, 229.94720459, 230.37677002, 230.806350708, 231.224304199, 231.64225769, 232.106658936, 232.571060181, 233.035461426, 233.453414917, 233.859771729, 234.266113281, 234.672470093, 235.113647461, 235.554824829, 235.996002197, 236.553283691, 237.110565186, 237.656234741, 238.201904297, 238.747573853],
    "bpm_histogram": [0, 0, 0, 0, 0, 0, 0, 0, 0, 0, 0, 0, 0, 0, 0, 0, 0, 0, 0, 0, 0, 0, 0, 0, 0, 0, 0, 0, 0, 0, 0, 0, 0, 0, 0, 0, 0, 0, 0, 0, 0, 0, 0, 0, 0, 0, 0, 0, 0, 0, 0, 0, 0, 0, 0, 0, 0, 0, 0, 0, 0, 0, 0, 0, 0, 0, 0, 0, 0, 0, 0, 0, 0, 0, 0, 0, 0, 0, 0, 0, 0, 0, 0, 0, 0, 0, 0, 0, 0, 0, 0, 0, 0, 0, 0, 0, 0.0096385544166, 0, 0, 0.0096385544166, 0, 0.253012061119, 0, 0.310843378305, 0, 0.327710837126, 0, 0, 0.0409638546407, 0, 0.0144578311592, 0, 0, 0, 0, 0, 0, 0, 0, 0, 0, 0, 0, 0, 0, 0, 0, 0, 0, 0.00722891557962, 0, 0, 0, 0, 0, 0, 0.00722891557962, 0, 0, 0, 0.0048192772083, 0, 0, 0, 0.00722891557962, 0, 0, 0, 0.00722891557962, 0, 0, 0, 0, 0, 0, 0, 0, 0, 0, 0, 0, 0, 0, 0, 0, 0, 0, 0, 0, 0, 0, 0, 0, 0, 0, 0, 0, 0, 0, 0, 0, 0, 0, 0, 0, 0, 0, 0, 0, 0, 0, 0, 0, 0, 0, 0, 0, 0, 0, 0, 0, 0, 0, 0, 0, 0, 0, 0, 0, 0, 0, 0, 0, 0, 0, 0, 0, 0, 0, 0, 0, 0, 0, 0, 0, 0, 0, 0, 0, 0, 0, 0, 0, 0, 0, 0, 0, 0, 0, 0, 0, 0, 0, 0, 0, 0, 0, 0, 0, 0]
},
"tonal": {
    "chords_changes_rate": 0.0424665510654,
    "chords_number_rate": 0.00193911185488,
    "chords_strength": {
        "mean": 0.525427639484,
        "stdev": 0.0835748538375
    },
    "hpcp_crest": {
        "mean": 13.3171386719,
        "stdev": 6.04642534256
    },
    "hpcp_entropy": {
        "mean": 1.98425173759,
        "stdev": 0.653042674065
    },
    "key_edma": {
        "strength": 0.850263059139,
        "key": "C#",
        "scale": "major"
    },
    "key_krumhansl": {
        "strength": 0.862300276756,
        "key": "C#",
        "scale": "major"
    },
    "key_temperley": {
        "strength": 0.877913296223,
        "key": "C#",
        "scale": "major"
    },
    "tuning_diatonic_strength": 0.686451852322,
    "tuning_equal_tempered_deviation": 0.0621882751584,
    "tuning_frequency": 441.527557373,
    "tuning_nontempered_energy_ratio": 0.673693299294,
    "hpcp": {
        "mean": [0.0400010459125, 0.0612906999886, 0.159771993756, 0.203262060881, 0.115342326462, 0.0479194633663, 0.0383327268064, 0.0465442799032, 0.120159886777, 0.148491486907, 0.11284700036, 0.268811881542, 0.331319093704, 0.149183377624, 0.0541238747537, 0.0470618456602, 0.0571909584105, 0.144311532378, 0.182601392269, 0.0921216979623, 0.0405969023705, 0.0427139103413, 0.0527448244393, 0.116161830723, 0.130184277892, 0.0686049982905, 0.0847361385822, 0.132013678551, 0.101916462183, 0.0628060698509, 0.0560301654041, 0.0594889633358, 0.207108065486, 0.308522611856, 0.174855232239, 0.0605524778366],
        "stdev": [0.119813479483, 0.157698586583, 0.289712965488, 0.334383130074, 0.221098184586, 0.123958781362, 0.115405857563, 0.13739977777, 0.235107183456, 0.282029300928, 0.197212547064, 0.325740486383, 0.366575926542, 0.215720549226, 0.149639070034, 0.139199152589, 0.144199848175, 0.227988347411, 0.261696368456, 0.154973492026, 0.114507526159, 0.136838048697, 0.142282277346, 0.200803980231, 0.21375079453, 0.14294230938, 0.194584369659, 0.297695845366, 0.229182392359, 0.153729200363, 0.140251025558, 0.138819471002, 0.254941850901, 0.343570768833, 0.238993391395, 0.143345400691]
    },
    "chords_histogram": [34.8264503479, 1.00833821297, 25.1890640259, 0.736862540245, 3.45161914825, 0, 0.484777957201, 0.310257911682, 0, 1.74520075321, 0.310257911682, 0, 0, 0, 0.620515823364, 1.74520075321, 0, 8.14426994324, 0.0387822389603, 0.0581733584404, 0.698080301285, 2.79232120514, 2.59840989113, 15.2414197922],
    "thpcp": [1, 0.450270980597, 0.163358747959, 0.142043873668, 0.172615945339, 0.435566604137, 0.55113452673, 0.278045237064, 0.12253113091, 0.128920763731, 0.159196451306, 0.350604087114, 0.3929271698, 0.207066237926, 0.255753874779, 0.398448735476, 0.307608187199, 0.189563691616, 0.16911239922, 0.179551869631, 0.62510150671, 0.931194782257, 0.52775478363, 0.182761818171, 0.120732694864, 0.1849899441, 0.482229948044, 0.613493323326, 0.348130643368, 0.14463236928, 0.115697309375, 0.140481725335, 0.362671166658, 0.448182702065, 0.340599149466, 0.811338305473],
    "chords_key": "C#",
    "chords_scale": "major"
}
}