{
"metadata": {
    "version": {
        "essentia": "2.1-dev",
        "essentia_git_sha": "v2.1_beta3-415-gd5473f3",
        "extractor": "music 2.0"
    },
    "audio_properties": {
        "analysis": {
            "equal_loudness": 0,
            "length": 268.068572998,
            "sample_rate": 44100,
            "start_time": 0,
            "downmix": "mix"
        },
        "bit_rate": 128000,
        "length": 268.068572998,
        "lossless": 0,
        "number_channels": 2,
        "replay_gain": -7.60939407349,
        "sample_rate": 44100,
        "codec": "mp3",
        "md5_encoded": "8d7c5822d219d68815e2070f41b0c945"
    },
    "tags": {
        "file_name": "the_cult-painted_on_my_heart.mp3",
        "album": ["Soundtrack to Gone In 60 Seconds"],
        "artist": ["Gone In 60 Seconds"],
        "genre": ["genre"],
        "length": ["267911"],
        "media": ["DIG"],
        "title": ["The Cult - Painted On My Heart"],
        "tracknumber": ["1"]
    }
},
"lowlevel": {
    "average_loudness": 0.915736198425,
    "barkbands_crest": {
        "mean": 9.43949699402,
        "stdev": 4.4914150238
    },
    "barkbands_flatness_db": {
        "mean": 0.108826689422,
        "stdev": 0.0437043122947
    },
    "barkbands_kurtosis": {
        "mean": 1.16262972355,
        "stdev": 5.84398841858
    },
    "barkbands_skewness": {
        "mean": 0.868249058723,
        "stdev": 1.1373667717
    },
    "barkbands_spread": {
        "mean": 33.3310089111,
        "stdev": 12.0086870193
    },
    "dissonance": {
        "mean": 0.480002999306,
        "stdev": 0.0171936564147
    },
    "dynamic_complexity": 3.63280320168,
    "erbbands_crest": {
        "mean": 8.56858730316,
        "stdev": 3.72152352333
    },
    "erbbands_flatness_db": {
        "mean": 0.147561565042,
        "stdev": 0.0309893097728
    },
    "erbbands_kurtosis": {
        "mean": 0.866985201836,
        "stdev": 1.4825283289
    },
    "erbbands_skewness": {
        "mean": -0.396144032478,
        "stdev": 0.599299430847
    },
    "erbbands_spread": {
        "mean": 29.7638435364,
        "stdev": 12.5499334335
    },
    "hfc": {
        "mean": 26.2716712952,
        "stdev": 19.6536502838
    },
    "loudness_ebu128": {
        "integrated": -15.3175992966,
        "loudness_range": 6.77594280243,
        "momentary": {
            "mean": -17.773235321,
            "stdev": 9.31251811981
        },
        "short_term": {
            "mean": -17.1272544861,
            "stdev": 6.38637399673
        }
    },
    "melbands_crest": {
        "mean": 14.7429494858,
        "stdev": 5.54129886627
    },
    "melbands_flatness_db": {
        "mean": 0.165668994188,
        "stdev": 0.0627459809184
    },
    "melbands_kurtosis": {
        "mean": 7.72149324417,
        "stdev": 16.333240509
    },
    "melbands_skewness": {
        "mean": 2.12520575523,
        "stdev": 1.60094261169
    },
    "melbands_spread": {
        "mean": 39.0207557678,
        "stdev": 19.4735088348
    },
    "pitch_salience": {
        "mean": 0.514321625233,
        "stdev": 0.106131836772
    },
    "silence_rate_20dB": {
        "mean": 1,
        "stdev": 0
    },
    "silence_rate_30dB": {
        "mean": 0.999566972256,
        "stdev": 0.0208053849638
    },
    "silence_rate_60dB": {
        "mean": 0.0691148415208,
        "stdev": 0.253649055958
    },
    "spectral_centroid": {
        "mean": 1964.15673828,
        "stdev": 533.447875977
    },
    "spectral_complexity": {
        "mean": 26.3173389435,
        "stdev": 12.7377166748
    },
    "spectral_decrease": {
        "mean": -6.42367803394e-09,
        "stdev": 4.18059009633e-09
    },
    "spectral_energy": {
        "mean": 0.0266273822635,
        "stdev": 0.0170451682061
    },
    "spectral_energyband_high": {
        "mean": 0.000922511215322,
        "stdev": 0.00103100389242
    },
    "spectral_energyband_low": {
        "mean": 0.0114468112588,
        "stdev": 0.0112987505272
    },
    "spectral_energyband_middle_high": {
        "mean": 0.00884180981666,
        "stdev": 0.00744298473001
    },
    "spectral_energyband_middle_low": {
        "mean": 0.00603445805609,
        "stdev": 0.00638883700594
    },
    "spectral_entropy": {
        "mean": 7.7985625267,
        "stdev": 0.279469937086
    },
    "spectral_flux": {
        "mean": 0.0803631171584,
        "stdev": 0.0429790616035
    },
    "spectral_kurtosis": {
        "mean": 4.60333156586,
        "stdev": 2.08586263657
    },
    "spectral_rms": {
        "mean": 0.00477799633518,
        "stdev": 0.0017744244542
    },
    "spectral_rolloff": {
        "mean": 2103.50927734,
        "stdev": 1835.17553711
    },
    "spectral_skewness": {
        "mean": 1.47366940975,
        "stdev": 0.307578474283
    },
    "spectral_spread": {
        "mean": 4098593.25,
        "stdev": 1295535.5
    },
    "spectral_strongpeak": {
        "mean": 0.826422572136,
        "stdev": 1.41733300686
    },
    "zerocrossingrate": {
        "mean": 0.0744659379125,
        "stdev": 0.0478547662497
    },
    "barkbands": {
        "mean": [0.000511903257575, 0.00778084434569, 0.00268974620849, 0.000924682826735, 0.0011144351447, 0.000687369029038, 0.000654359697364, 0.000714464462362, 0.00161170575302, 0.000986614730209, 0.000554743921384, 0.000621090002824, 0.000956224102993, 0.0011391179869, 0.00100807170384, 0.00119016051758, 0.00115207117051, 0.000637597753666, 0.00057256227592, 0.000355027616024, 0.000254243699601, 0.000178264075657, 0.000118564952572, 8.56308470247e-05, 7.56992740207e-05, 5.14435305377e-05, 7.23099276456e-07],
        "stdev": [0.00119434529915, 0.00869306363165, 0.0034844763577, 0.00137403118424, 0.00157577090431, 0.000814480008557, 0.00110471260268, 0.00238972553052, 0.00424839323387, 0.00272704940289, 0.000974915747065, 0.00134298682678, 0.00197768863291, 0.00146559462883, 0.00168725696858, 0.00143090414349, 0.00130402029026, 0.00083119579358, 0.000611361698247, 0.000379026430892, 0.000302963919239, 0.000237336411374, 0.000159678849741, 0.000138421761221, 0.000128965999465, 8.88171125553e-05, 2.0360871531e-06]
    },
    "erbbands": {
        "mean": [0.274404853582, 1.53780531883, 3.30567574501, 3.00720310211, 3.41347885132, 3.7362473011, 4.28322935104, 5.91088819504, 7.78344106674, 12.4712104797, 18.7501068115, 33.1607055664, 37.709903717, 29.2902412415, 22.0145225525, 28.217754364, 43.0106430054, 65.60887146, 46.8950920105, 58.4181137085, 73.9089431763, 58.0902862549, 36.4008102417, 32.6996154785, 25.5986862183, 16.7387447357, 12.148276329, 8.50235843658, 6.61087846756, 5.01312160492, 2.96535634995, 2.09070611, 1.29785442352, 0.834848105907, 0.539932847023, 0.297155767679, 0.0816762670875, 0.00654937000945, 0.000159741466632, 4.0033210098e-05],
        "stdev": [0.348186999559, 1.77117073536, 4.20115709305, 3.81674337387, 5.68944263458, 5.0496006012, 5.19663572311, 7.83500576019, 11.6643009186, 26.1706371307, 63.0916633606, 96.9047317505, 101.629730225, 69.0258255005, 33.5588226318, 61.6304473877, 80.9328613281, 84.181678772, 79.7100906372, 78.2580947876, 85.1446914673, 64.076713562, 46.1619491577, 34.1023254395, 28.1941623688, 17.7219982147, 13.5285844803, 10.5535039902, 8.75704574585, 6.93474960327, 3.96781396866, 3.21170520782, 2.24595212936, 1.34637486935, 1.02348256111, 0.486320912838, 0.162624433637, 0.0120335035026, 0.000264416768914, 2.80700824078e-05]
    },
    "gfcc": {
        "mean": [6.0061917305, 80.7904663086, -130.075637817, 44.4985618591, -37.1606254578, 25.6509590149, -34.3666267395, 17.7270126343, -20.0809555054, 11.1501293182, -17.4517688751, 4.33630037308, -11.5373497009],
        "cov": [[17157.5800781, 517.227050781, -610.388549805, 246.387374878, -334.804382324, 127.965026855, -397.884979248, 308.286499023, -287.851959229, 68.1198272705, -377.867706299, 67.250617981, -251.186157227], [517.227050781, 1020.14447021, -113.339744568, 58.8467788696, 148.398284912, -74.3982925415, 67.4864501953, -117.184082031, 76.7670135498, -63.9958381653, 98.8893356323, -62.7880096436, 72.8879623413], [-610.388549805, -113.339744568, 421.210083008, 38.1165428162, -3.85238671303, 60.3403511047, -11.4855461121, -17.6185436249, -9.77568435669, 30.8243904114, 11.0511579514, 4.17698812485, -1.29418003559], [246.387374878, 58.8467788696, 38.1165428162, 224.080123901, 23.4410190582, 15.4311637878, -15.4783535004, -48.3865890503, 12.1392593384, 19.5930709839, 28.2910785675, -6.79260015488, 33.6684608459], [-334.804382324, 148.398284912, -3.85238671303, 23.4410190582, 167.417602539, 6.70941066742, 17.8695755005, -27.9917125702, 27.0546646118, -15.2517118454, 26.412361145, 3.38814926147, 20.8594684601], [127.965026855, -74.3982925415, 60.3403511047, 15.4311637878, 6.70941066742, 104.743637085, 18.3945884705, 9.02665138245, -19.8244457245, 2.90617895126, -3.94202709198, 5.57042217255, 1.4953700304], [-397.884979248, 67.4864501953, -11.4855461121, -15.4783535004, 17.8695755005, 18.3945884705, 136.605575562, 5.32303571701, 14.0370807648, -19.0404930115, 14.4256334305, -10.7118663788, 13.7280063629], [308.286499023, -117.184082031, -17.6185436249, -48.3865890503, -27.9917125702, 9.02665138245, 5.32303571701, 108.545150757, 9.18102359772, 9.16863155365, -31.6132411957, 2.44381928444, -25.080373764], [-287.851959229, 76.7670135498, -9.77568435669, 12.1392593384, 27.0546646118, -19.8244457245, 14.0370807648, 9.18102359772, 97.1865310669, 18.8058128357, 15.4823493958, -14.0527362823, 10.950802803], [68.1198272705, -63.9958381653, 30.8243904114, 19.5930709839, -15.2517118454, 2.90617895126, -19.0404930115, 9.16863155365, 18.8058128357, 73.1389007568, 21.1176528931, 2.62635397911, -8.3771944046], [-377.867706299, 98.8893356323, 11.0511579514, 28.2910785675, 26.412361145, -3.94202709198, 14.4256334305, -31.6132411957, 15.4823493958, 21.1176528931, 88.7207641602, 11.7694740295, 21.3586959839], [67.250617981, -62.7880096436, 4.17698812485, -6.79260015488, 3.38814926147, 5.57042217255, -10.7118663788, 2.44381928444, -14.0527362823, 2.62635397911, 11.7694740295, 63.4232444763, 10.63560009], [-251.186157227, 72.8879623413, -1.29418003559, 33.6684608459, 20.8594684601, 1.4953700304, 13.7280063629, -25.080373764, 10.950802803, -8.3771944046, 21.3586959839, 10.63560009, 78.8806228638]],
        "icov": [[0.000147613885929, -0.000408674008213, 0.000223069917411, -0.000352837087121, 0.000299003440887, -0.000412680761656, 0.000337204895914, -0.000521393958479, 0.000496861001011, -0.000563291425351, 0.000845795613714, -0.00061207258841, 0.000430944201071], [-0.000408674008213, 0.00293507985771, -0.000328192167217, 0.000941490172409, -0.00168329256121, 0.0019270213088, -0.00113786780275, 0.00238434108905, -0.00213361065835, 0.00320596527308, -0.00408009812236, 0.00355043774471, -0.00179322133772], [0.000223069917411, -0.000328192167217, 0.00311496690847, -0.000682513869833, 0.000432996661402, -0.00212521501817, 0.000703978177626, 2.42655132752e-05, 0.000636884185951, -0.00161674548872, 0.00100299937185, -0.000657661701553, 0.000723977689631], [-0.000352837087121, 0.000941490172409, -0.000682513869833, 0.00648270454258, -0.000979880220257, -0.000186754783499, 0.000107418207335, 0.00326070003211, -0.00162183400244, -0.000199347356101, -0.00240205554292, 0.00260231853463, -0.00298749050125], [0.000299003440887, -0.00168329256121, 0.000432996661402, -0.000979880220257, 0.00827039591968, -0.00239333952777, 0.00066860858351, -0.000112230838567, -0.00129408936482, 0.000630656315479, 0.000901277177036, -0.00288423174061, 0.00103064626455], [-0.000412680761656, 0.0019270213088, -0.00212521501817, -0.000186754783499, -0.00239333952777, 0.0135400462896, -0.0033286230173, -5.97083635512e-05, 0.00159535417333, 0.0010150905, -0.00205096788704, 0.00185842358042, -0.00192228448577], [0.000337204895914, -0.00113786780275, 0.000703978177626, 0.000107418207335, 0.00066860858351, -0.0033286230173, 0.00976629927754, -0.00239992118441, -0.000230654128245, 0.00166940479539, -0.000586389738601, 0.000499264744576, -0.000184762480785], [-0.000521393958479, 0.00238434108905, 2.42655132752e-05, 0.00326070003211, -0.000112230838567, -5.97083635512e-05, -0.00239992118441, 0.0154943410307, -0.00499469786882, 0.000248252181336, 0.000573081430048, 0.000953250273596, 0.000556147366296], [0.000496861001011, -0.00213361065835, 0.000636884185951, -0.00162183400244, -0.00129408936482, 0.00159535417333, -0.000230654128245, -0.00499469786882, 0.0160128939897, -0.00690054008737, 0.0025758726988, 0.000705607293639, -0.000728050945327], [-0.000563291425351, 0.00320596527308, -0.00161674548872, -0.000199347356101, 0.000630656315479, 0.0010150905, 0.00166940479539, 0.000248252181336, -0.00690054008737, 0.0231542028487, -0.0109954448417, 0.00341790472157, 0.000838206615299], [0.000845795613714, -0.00408009812236, 0.00100299937185, -0.00240205554292, 0.000901277177036, -0.00205096788704, -0.000586389738601, 0.000573081430048, 0.0025758726988, -0.0109954448417, 0.0230836924165, -0.00867100991309, 0.000983366626315], [-0.00061207258841, 0.00355043774471, -0.000657661701553, 0.00260231853463, -0.00288423174061, 0.00185842358042, 0.000499264744576, 0.000953250273596, 0.000705607293639, 0.00341790472157, -0.00867100991309, 0.0229018032551, -0.00588261755183], [0.000430944201071, -0.00179322133772, 0.000723977689631, -0.00298749050125, 0.00103064626455, -0.00192228448577, -0.000184762480785, 0.000556147366296, -0.000728050945327, 0.000838206615299, 0.000983366626315, -0.00588261755183, 0.0176835507154]]
    },
    "melbands": {
        "mean": [0.00227193394676, 0.00184766331222, 0.000552640703972, 0.000258722429862, 0.000152935273945, 0.000133063207613, 0.000123174701002, 0.000137418246595, 0.000159195202286, 0.000224723989959, 0.000186415025382, 0.000118624993775, 8.15059465822e-05, 5.89517003391e-05, 8.58091225382e-05, 0.000116227201943, 0.000115407478006, 7.00763703207e-05, 7.15379865142e-05, 7.49830724089e-05, 9.30668829824e-05, 6.56161209918e-05, 3.8389913243e-05, 3.20223261951e-05, 2.56050261669e-05, 2.13869989238e-05, 1.41129930853e-05, 1.00987836049e-05, 7.92092396296e-06, 6.2649960455e-06, 4.45077375844e-06, 3.68793939742e-06, 3.44190698343e-06, 2.58673594544e-06, 1.7078516521e-06, 1.48196909322e-06, 1.20685444926e-06, 9.30298313051e-07, 7.29194994165e-07, 7.04276544639e-07],
        "stdev": [0.00266012083739, 0.00210431148298, 0.000674566603266, 0.0003900360025, 0.000171898340341, 0.000168154321727, 0.00018522895698, 0.000303008651827, 0.000526591436937, 0.000630693743005, 0.000511990161613, 0.000304103945382, 0.000135996640893, 0.000135992770083, 0.000172483269125, 0.000210187106859, 0.00015197310131, 0.000122690253193, 0.000119312622701, 9.49571622186e-05, 0.00011187363998, 7.5442076195e-05, 5.87878312217e-05, 4.45892765129e-05, 2.83122426481e-05, 2.49038821494e-05, 1.68765600392e-05, 1.11014724098e-05, 8.88004069566e-06, 7.93873641669e-06, 5.9227309066e-06, 5.10020981892e-06, 4.75632668895e-06, 3.81744712286e-06, 2.4630628559e-06, 2.00602880795e-06, 2.15030263462e-06, 1.65910955729e-06, 1.30045953028e-06, 1.1384681784e-06]
    },
    "melbands128": {
        "mean": [0.000466846424388, 0.00231380341575, 0.00294447783381, 0.00238872552291, 0.0019301812863, 0.00114010961261, 0.000598425860517, 0.000435147900134, 0.000341803854099, 0.000260297529167, 0.00021000704146, 0.000161384610692, 0.000142893448356, 0.000146637714352, 0.00012388137111, 0.000142810546095, 0.000115133385407, 0.000119403841381, 0.000106395687908, 0.000163955293829, 0.000109593158413, 0.000157551126904, 0.0001574549824, 0.000151975589688, 0.000217310880544, 0.000224515883019, 0.000315332115861, 0.000157019283506, 0.000104578422906, 0.000159458417329, 9.74906579359e-05, 8.83088359842e-05, 0.000116193645226, 3.6901623389e-05, 5.07286895299e-05, 6.09679591435e-05, 8.45123431645e-05, 8.30300414236e-05, 9.89116233541e-05, 7.52305058995e-05, 7.74449072196e-05, 0.000241379748331, 0.000121109078464, 5.88696275372e-05, 5.9352551034e-05, 7.2290735261e-05, 9.07344801817e-05, 4.89159756398e-05, 6.81708843331e-05, 0.000111789435323, 5.90770869167e-05, 5.48920979782e-05, 0.000111718349217, 8.82080421434e-05, 9.91081396933e-05, 6.13637312199e-05, 3.89648703276e-05, 5.42619854969e-05, 3.26047229464e-05, 2.06839958992e-05, 3.89872693631e-05, 3.34504147759e-05, 2.50690700341e-05, 2.4595648938e-05, 2.40209792537e-05, 2.15090822167e-05, 2.09793452086e-05, 1.52388201968e-05, 1.14375779958e-05, 1.39145513458e-05, 1.07349305836e-05, 7.54678785597e-06, 9.15589316719e-06, 8.11634799902e-06, 6.43120210952e-06, 6.86600378685e-06, 6.15269664195e-06, 4.43934459327e-06, 4.57609667137e-06, 3.95129472963e-06, 3.64731226909e-06, 3.41978329743e-06, 4.03500553148e-06, 3.59984960596e-06, 2.85893247565e-06, 2.61904187937e-06, 2.72443003269e-06, 2.06364416044e-06, 1.57631143338e-06, 1.40816860039e-06, 1.70588612036e-06, 1.45359615544e-06, 1.23836196053e-06, 1.29010800265e-06, 1.14472481982e-06, 9.02379781564e-07, 9.12323400826e-07, 9.31901240619e-07, 6.71180544032e-07, 6.68986217534e-07, 6.9909327749e-07, 6.73002091389e-07, 7.96485267074e-07, 6.07960487287e-07, 5.77590810735e-07, 6.00355065217e-07, 5.84025542594e-07, 5.01740885284e-07, 5.31723173935e-07, 4.77474543459e-07, 5.54499081318e-07, 3.4863975884e-07, 2.07204308822e-07, 1.2925313797e-07, 8.68305676249e-08, 6.46633750989e-08, 2.93540232121e-08, 1.05359075631e-10, 4.14089552578e-12, 4.00020858451e-12, 3.89200650874e-12, 3.80115210141e-12, 3.71443370853e-12, 3.64158356247e-12, 3.5880762337e-12, 3.55015214275e-12, 3.51959585608e-12, 3.49395534206e-12],
        "stdev": [0.00105318066198, 0.00322979269549, 0.00361474184319, 0.00302666262724, 0.00259126187302, 0.00145997887012, 0.000841746979859, 0.000667487794999, 0.000682275975123, 0.000537952466402, 0.000343764462741, 0.000226542935707, 0.000223013019422, 0.000219162742724, 0.000201632195967, 0.000249351403909, 0.000211366568692, 0.000257355801295, 0.000286021095235, 0.000412885128753, 0.000415602553403, 0.000669890607242, 0.000745210389141, 0.000698114105035, 0.000991050852463, 0.000841315719299, 0.00105582736433, 0.000699704221915, 0.000422299199272, 0.000546158640645, 0.000313077005558, 0.000194744410692, 0.000226359101362, 9.13364638109e-05, 0.000175139590283, 0.000197710003704, 0.000288812938379, 0.000219648805796, 0.000293535384117, 0.00026692263782, 0.00030643233913, 0.000409636966651, 0.00019990936562, 0.000148071703734, 0.000142523655086, 0.000150945430505, 0.00029702714528, 0.000148655861267, 0.000149949002662, 0.00019777448324, 0.000100891542388, 0.000115091395855, 0.000184013726539, 0.000113859518024, 0.000150844425661, 0.000101994417491, 7.7696320659e-05, 0.000111755965918, 6.34613243164e-05, 5.04958297824e-05, 7.01614553691e-05, 5.53004938411e-05, 3.55146985385e-05, 3.52412862412e-05, 4.37087801402e-05, 3.09326896968e-05, 3.6346475099e-05, 2.78310726571e-05, 1.74359156517e-05, 2.07482335099e-05, 1.45683161463e-05, 8.83434586285e-06, 1.14771582957e-05, 1.13449705168e-05, 9.94714446279e-06, 1.00915176517e-05, 8.62874640006e-06, 6.84728638589e-06, 6.75336241329e-06, 6.52072276353e-06, 5.57212752028e-06, 5.35604476681e-06, 6.10009738011e-06, 5.65694654142e-06, 4.71479233966e-06, 4.1965249693e-06, 4.59406510345e-06, 3.55378256245e-06, 2.66873780674e-06, 2.18773152483e-06, 2.37329118136e-06, 2.28072985919e-06, 2.01764282792e-06, 2.90036837214e-06, 2.24291397899e-06, 1.69353222645e-06, 1.84102066214e-06, 1.91340723177e-06, 1.36861956435e-06, 1.30114960939e-06, 1.30045793867e-06, 1.11980250495e-06, 1.46361333009e-06, 1.26552413349e-06, 1.27616908685e-06, 1.41680857269e-06, 1.28749343276e-06, 9.84513690128e-07, 8.53656729305e-07, 8.19035108179e-07, 1.55663451551e-06, 8.5069780198e-07, 4.08853367162e-07, 2.38100113847e-07, 1.7911361283e-07, 1.42979772022e-07, 7.85801432812e-08, 4.17372192363e-10, 6.5357168462e-12, 6.33060140767e-12, 6.15884079846e-12, 6.00953314889e-12, 5.88180762776e-12, 5.77399716581e-12, 5.68349534102e-12, 5.61370828295e-12, 5.56172859503e-12, 5.52960672043e-12]
    },
    "mfcc": {
        "mean": [-627.169311523, 107.971115112, -20.9334411621, 28.0938091278, 16.5399551392, 15.1495838165, 4.32726049423, 8.34553337097, 5.46430110931, 6.76297521591, 4.18075656891, 3.12980031967, 2.21082282066],
        "cov": [[9564.16699219, 96.1708602905, -358.756896973, 76.3090133667, -39.7245445251, -76.0105056763, -47.9324874878, 124.858184814, 75.8244476318, 88.3031921387, -10.0765419006, -48.333114624, -43.8620567322], [96.1708602905, 905.735107422, -136.687103271, 101.841415405, 59.6089553833, 60.748046875, 17.7696018219, 27.481967926, -10.7028026581, 7.66697025299, 15.9962444305, 20.9873962402, 14.4946403503], [-358.756896973, -136.687103271, 381.436798096, 0.929314136505, 18.3241424561, 39.3946990967, 26.7140808105, -39.9547348022, -0.0523321926594, -6.57137537003, -1.0908755064, 17.2464580536, -0.00840126629919], [76.3090133667, 101.841415405, 0.929314136505, 171.915390015, 37.2638549805, 50.8355941772, -4.32897186279, -19.0224189758, 0.981184720993, -1.49299919605, -8.35556793213, 14.0374011993, 26.7981891632], [-39.7245445251, 59.6089553833, 18.3241424561, 37.2638549805, 150.121170044, 36.7171554565, -12.9741592407, -11.2324819565, -1.77548706532, -8.33533573151, -2.429864645, 7.72046899796, 15.0315494537], [-76.0105056763, 60.748046875, 39.3946990967, 50.8355941772, 36.7171554565, 122.07850647, 33.4408950806, -6.45685005188, 1.76849019527, -17.2140140533, -3.09211778641, 9.7079076767, 6.30106306076], [-47.9324874878, 17.7696018219, 26.7140808105, -4.32897186279, -12.9741592407, 33.4408950806, 104.35459137, 17.5027656555, -0.618396222591, -12.8236856461, -1.18966042995, 5.3186006546, -13.2968654633], [124.858184814, 27.481967926, -39.9547348022, -19.0224189758, -11.2324819565, -6.45685005188, 17.5027656555, 91.0285491943, 14.8358945847, 3.72147536278, 10.6889810562, -24.5257263184, -6.02984666824], [75.8244476318, -10.7028026581, -0.0523321926594, 0.981184720993, -1.77548706532, 1.76849019527, -0.618396222591, 14.8358945847, 79.1054840088, 20.243730545, -7.31677532196, 0.817994773388, -6.58251428604], [88.3031921387, 7.66697025299, -6.57137537003, -1.49299919605, -8.33533573151, -17.2140140533, -12.8236856461, 3.72147536278, 20.243730545, 78.2419509888, 24.1508750916, -1.38495719433, -3.29331755638], [-10.0765419006, 15.9962444305, -1.0908755064, -8.35556793213, -2.429864645, -3.09211778641, -1.18966042995, 10.6889810562, -7.31677532196, 24.1508750916, 75.26953125, 7.25919294357, -0.864624977112], [-48.333114624, 20.9873962402, 17.2464580536, 14.0374011993, 7.72046899796, 9.7079076767, 5.3186006546, -24.5257263184, 0.817994773388, -1.38495719433, 7.25919294357, 74.5140991211, 13.3183240891], [-43.8620567322, 14.4946403503, -0.00840126629919, 26.7981891632, 15.0315494537, 6.30106306076, -13.2968654633, -6.02984666824, -6.58251428604, -3.29331755638, -0.864624977112, 13.3183240891, 73.2386245728]],
        "icov": [[0.000112445370178, 1.02118419818e-05, 8.75035984791e-05, -9.46807049331e-05, 7.84803069109e-06, 4.15911563323e-05, 3.19923019561e-05, -0.00013253063662, -4.21514196205e-05, -0.000103721111373, 5.56649174541e-05, -6.21876415607e-06, 8.30190401757e-05], [1.02118419818e-05, 0.00134877115488, 0.000535756349564, -0.000643525563646, -0.000389313237974, -0.000444459961727, -0.000212226455915, -0.000501549278852, 0.000357135693775, -0.000316168559948, -0.000131615772261, -0.000444393604994, 0.000110167369712], [8.75035984791e-05, 0.000535756349564, 0.0031957544852, 8.43002999318e-05, -0.000374988099793, -0.000885615881998, -0.000842009554617, 0.00119640491903, -0.000194023261429, -0.000198463647394, -0.000211103339097, -0.000227417040151, 2.71822773357e-05], [-9.46807049331e-05, -0.000643525563646, 8.43002999318e-05, 0.00778170209378, -0.00065414304845, -0.00284761167131, 0.000641522929072, 0.00133710110094, -0.000228367891395, -0.000627326779068, 0.000848371884786, -0.000237134299823, -0.00216646585613], [7.84803069109e-06, -0.000389313237974, -0.000374988099793, -0.00065414304845, 0.00781417544931, -0.00208653626032, 0.00173644779716, 0.000196524051717, -7.77628665674e-05, 0.00063193438109, -3.46913366229e-05, -0.000126222512336, -0.000727801700123], [4.15911563323e-05, -0.000444459961727, -0.000885615881998, -0.00284761167131, -0.00208653626032, 0.0118906181306, -0.00374852959067, 0.000635955075268, -0.00116286834236, 0.00215766346082, -0.000782195653301, 0.000187879908481, -0.000119144344353], [3.19923019561e-05, -0.000212226455915, -0.000842009554617, 0.000641522929072, 0.00173644779716, -0.00374852959067, 0.0123774912208, -0.00325282244012, 0.000724103359971, 0.00116470304783, 0.000577188504394, -0.00193543743808, 0.00224805809557], [-0.00013253063662, -0.000501549278852, 0.00119640491903, 0.00133710110094, 0.000196524051717, 0.000635955075268, -0.00325282244012, 0.0150345554575, -0.00354941841215, 0.00116480165161, -0.00313080265187, 0.0051772906445, -0.00116209848784], [-4.21514196205e-05, 0.000357135693775, -0.000194023261429, -0.000228367891395, -7.77628665674e-05, -0.00116286834236, 0.000724103359971, -0.00354941841215, 0.0151934325695, -0.00501478370279, 0.00364964874461, -0.00198160042055, 0.00148634356447], [-0.000103721111373, -0.000316168559948, -0.000198463647394, -0.000627326779068, 0.00063193438109, 0.00215766346082, 0.00116470304783, 0.00116480165161, -0.00501478370279, 0.016763433814, -0.00602115085348, 0.00104560458567, 0.000263856898528], [5.56649174541e-05, -0.000131615772261, -0.000211103339097, 0.000848371884786, -3.46913366229e-05, -0.000782195653301, 0.000577188504394, -0.00313080265187, 0.00364964874461, -0.00602115085348, 0.016397383064, -0.00283132377081, 0.000436105125118], [-6.21876415607e-06, -0.000444393604994, -0.000227417040151, -0.000237134299823, -0.000126222512336, 0.000187879908481, -0.00193543743808, 0.0051772906445, -0.00198160042055, 0.00104560458567, -0.00283132377081, 0.0163000691682, -0.00287307589315], [8.30190401757e-05, 0.000110167369712, 2.71822773357e-05, -0.00216646585613, -0.000727801700123, -0.000119144344353, 0.00224805809557, -0.00116209848784, 0.00148634356447, 0.000263856898528, 0.000436105125118, -0.00287307589315, 0.0156197929755]]
    },
    "spectral_contrast_coeffs": {
        "mean": [-0.775770366192, -0.772487342358, -0.765637934208, -0.767474591732, -0.774016141891, -0.748250186443],
        "stdev": [0.0507555566728, 0.0660549029708, 0.0654992461205, 0.0470328144729, 0.0432292558253, 0.0424879491329]
    },
    "spectral_contrast_valleys": {
        "mean": [-6.64118051529, -7.06096410751, -7.40534591675, -7.20312309265, -7.28001594543, -10.2635011673],
        "stdev": [1.47844171524, 1.30925035477, 1.28163290024, 1.29707074165, 1.29568505287, 1.33860945702]
    }
},
"rhythm": {
    "beats_count": 631,
    "beats_loudness": {
        "mean": 0.0334554091096,
        "stdev": 0.0178425200284
    },
    "bpm": 141.987136841,
    "bpm_histogram_first_peak_bpm": 144,
    "bpm_histogram_first_peak_weight": 0.410981714725,
    "bpm_histogram_second_peak_bpm": 136,
    "bpm_histogram_second_peak_spread": 0.38095241785,
    "bpm_histogram_second_peak_weight": 0.0206349212676,
    "danceability": 1.18333947659,
    "onset_rate": 2.88713335991,
    "beats_loudness_band_ratio": {
        "mean": [0.471592783928, 0.0662532672286, 0.106099791825, 0.130081176758, 0.15954759717, 0.0906597599387],
        "stdev": [0.229379013181, 0.0468883290887, 0.106380686164, 0.105213485658, 0.103503659368, 0.0802193582058]
    },
    "beats_position": [0.441179126501, 0.905578196049, 1.35836732388, 1.8111563921, 2.26394557953, 2.72834467888, 3.1811337471, 3.62231278419, 4.05188179016, 4.48145103455, 4.8994102478, 5.32897949219, 5.74693870544, 6.17650794983, 6.59446716309, 7.02403593063, 7.45360517502, 7.87156438828, 8.28952407837, 8.70748329163, 9.12544155121, 9.54340076447, 9.96135997772, 10.3909292221, 10.8204984665, 11.2384576797, 11.6680269241, 12.0975961685, 12.5155553818, 12.933514595, 13.3514738083, 13.7694330215, 14.1990022659, 14.6285715103, 15.0465307236, 15.4760990143, 15.8940582275, 16.3236274719, 16.7415866852, 17.1595458984, 17.5775051117, 18.0070743561, 18.4366436005, 18.8546028137, 19.272562027, 19.6905212402, 20.1084804535, 20.5380496979, 20.9676189423, 21.3855781555, 21.8151473999, 22.2331066132, 22.6626758575, 23.0806350708, 23.4985942841, 23.9165534973, 24.3345127106, 24.7524719238, 25.1704311371, 25.6000003815, 26.0179595947, 26.4475269318, 26.8770961761, 27.3066654205, 27.7246246338, 28.142583847, 28.5721530914, 29.0017223358, 29.4196815491, 29.8376407623, 30.2555999756, 30.68516922, 31.1031284332, 31.5326976776, 31.9506568909, 32.3686180115, 32.7865753174, 33.2161445618, 33.6457138062, 34.0636711121, 34.4816322327, 34.9112014771, 35.3407707214, 35.7587280273, 36.1766891479, 36.5946464539, 37.0126075745, 37.4305648804, 37.8601341248, 38.2897033691, 38.7076644897, 39.1372337341, 39.5668029785, 39.9847602844, 40.402721405, 40.8322906494, 41.2618598938, 41.6798171997, 42.0977783203, 42.5273475647, 42.9453048706, 43.374874115, 43.7928352356, 44.2107925415, 44.6287536621, 45.046710968, 45.4762802124, 45.9058494568, 46.3238105774, 46.7417678833, 47.1597251892, 47.5892944336, 48.018863678, 48.4368247986, 48.8547821045, 49.2843513489, 49.7139205933, 50.1318817139, 50.5498390198, 50.9794082642, 51.4089775085, 51.8269386292, 52.2448959351, 52.6628570557, 53.0924263, 53.510383606, 53.9399528503, 54.3579139709, 54.7758712769, 55.1938323975, 55.6117897034, 56.0413589478, 56.4709281921, 56.8888893127, 57.3068466187, 57.736415863, 58.1659851074, 58.583946228, 59.0019035339, 59.4198646545, 59.8494338989, 60.2789993286, 60.6969604492, 61.1149177551, 61.5328788757, 61.9508361816, 62.3687973022, 62.7983665466, 63.227935791, 63.6458930969, 64.0638504028, 64.4934234619, 64.9229888916, 65.3409500122, 65.7589111328, 66.1884765625, 66.6180496216, 67.0360107422, 67.4539642334, 67.871925354, 68.2898864746, 68.7194519043, 69.1490249634, 69.566986084, 69.9965515137, 70.4261245728, 70.844078064, 71.2620391846, 71.6800003052, 72.0979614258, 72.515914917, 72.9454879761, 73.3750534058, 73.7930145264, 74.210975647, 74.6405410767, 75.0585021973, 75.488067627, 75.9060287476, 76.3356018066, 76.7535552979, 77.1831283569, 77.6010894775, 78.0190429688, 78.4486160278, 78.8781814575, 79.2961425781, 79.7141036987, 80.1320648193, 80.5500183105, 80.9679794312, 81.3859405518, 81.8155059814, 82.2450790405, 82.6862564087, 83.1158294678, 83.5221786499, 83.9401321411, 84.3580932617, 84.7876663208, 85.205619812, 85.6351928711, 86.0531539917, 86.4711074829, 86.900680542, 87.3302459717, 87.7482070923, 88.1661682129, 88.5841217041, 89.0136947632, 89.4432601929, 89.8612213135, 90.2791824341, 90.6971435547, 91.1267089844, 91.5562820435, 91.9742355347, 92.3921966553, 92.8101577759, 93.2281188965, 93.6576843262, 94.0872573853, 94.5052108765, 94.9347839355, 95.3643493652, 95.7823104858, 96.2002716064, 96.6298370361, 97.0477981567, 97.4773712158, 97.895324707, 98.3132858276, 98.7312469482, 99.1492080688, 99.5787734985, 100.008346558, 100.426300049, 100.844261169, 101.273826599, 101.703399658, 102.121360779, 102.53931427, 102.968887329, 103.398452759, 103.816413879, 104.234375, 104.652336121, 105.08190155, 105.499862671, 105.917823792, 106.347389221, 106.765350342, 107.183311462, 107.601264954, 108.019226074, 108.448799133, 108.878364563, 109.296325684, 109.714286804, 110.143852234, 110.573425293, 110.991378784, 111.409339905, 111.838912964, 112.268478394, 112.686439514, 113.104400635, 113.522354126, 113.951927185, 114.369888306, 114.799453735, 115.217414856, 115.635368347, 116.053329468, 116.471290588, 116.900856018, 117.330429077, 117.748390198, 118.166343689, 118.595916748, 119.025482178, 119.443443298, 119.861404419, 120.302581787, 120.720542908, 121.138504028, 121.55645752, 121.97441864, 122.415596008, 122.833557129, 123.25151825, 123.681083679, 124.0990448, 124.528617859, 124.94657135, 125.364532471, 125.79410553, 126.223670959, 126.64163208, 127.059593201, 127.477546692, 127.895507812, 128.313461304, 128.731430054, 129.149383545, 129.578948975, 130.008529663, 130.426483154, 130.844436646, 131.274017334, 131.703582764, 132.133148193, 132.551101685, 132.980682373, 133.398635864, 133.816589355, 134.234558105, 134.652511597, 135.070480347, 135.500045776, 135.929611206, 136.347564697, 136.765533447, 137.195098877, 137.624664307, 138.042633057, 138.460586548, 138.890151978, 139.319732666, 139.737686157, 140.155639648, 140.585220337, 141.003173828, 141.432739258, 141.850692749, 142.268661499, 142.68661499, 143.10458374, 143.522537231, 143.952102661, 144.381668091, 144.799636841, 145.217590332, 145.647155762, 146.07673645, 146.494689941, 146.912643433, 147.342224121, 147.771789551, 148.189743042, 148.607711792, 149.04888916, 149.47845459, 149.919631958, 150.360809326, 150.813598633, 151.254776001, 151.719177246, 152.183578491, 152.647979736, 153.112380981, 153.576782227, 154.041183472, 154.493972778, 154.923538208, 155.364715576, 155.805892944, 156.235458374, 156.665023804, 157.082992554, 157.500946045, 157.918914795, 158.336868286, 158.754821777, 159.172790527, 159.590744019, 160.020309448, 160.449890137, 160.879455566, 161.297409058, 161.715377808, 162.144943237, 162.562896729, 162.980865479, 163.410430908, 163.839996338, 164.257949829, 164.675918579, 165.09387207, 165.51184082, 165.929794312, 166.347747803, 166.777328491, 167.206893921, 167.636459351, 168.054412842, 168.472381592, 168.890335083, 169.308303833, 169.737869263, 170.167434692, 170.597000122, 171.014968872, 171.432922363, 171.850875854, 172.268844604, 172.698410034, 173.127975464, 173.545944214, 173.963897705, 174.393463135, 174.823028564, 175.240997314, 175.658950806, 176.088516235, 176.518096924, 176.936050415, 177.354003906, 177.771972656, 178.189926147, 178.607894897, 179.025848389, 179.455413818, 179.884979248, 180.314559937, 180.732513428, 181.162078857, 181.580047607, 181.998001099, 182.41595459, 182.83392334, 183.26348877, 183.693054199, 184.111022949, 184.540588379, 184.95854187, 185.3881073, 185.80607605, 186.235641479, 186.665206909, 187.083175659, 187.50112915, 187.93069458, 188.360275269, 188.77822876, 189.196182251, 189.614151001, 190.032104492, 190.450057983, 190.868026733, 191.285980225, 191.715545654, 192.145126343, 192.563079834, 192.981033325, 193.410614014, 193.840179443, 194.258132935, 194.676101685, 195.094055176, 195.523620605, 195.953201294, 196.371154785, 196.789108276, 197.218673706, 197.648254395, 198.066207886, 198.484161377, 198.902130127, 199.320083618, 199.749649048, 200.179229736, 200.597183228, 201.015136719, 201.444717407, 201.874282837, 202.292236328, 202.710205078, 203.139770508, 203.569335938, 203.987304688, 204.405258179, 204.82321167, 205.24118042, 205.659133911, 206.077087402, 206.506668091, 206.936233521, 207.354187012, 207.7837677, 208.21333313, 208.631286621, 209.049255371, 209.467208862, 209.885162354, 210.314727783, 210.744308472, 211.162261963, 211.591827393, 212.009796143, 212.439361572, 212.857315063, 213.275283813, 213.704849243, 214.134414673, 214.552383423, 214.970336914, 215.388290405, 215.817871094, 216.235824585, 216.665390015, 217.083358765, 217.512924194, 217.930877686, 218.360443115, 218.778411865, 219.196365356, 219.614334106, 220.043899536, 220.461853027, 220.891418457, 221.309387207, 221.727340698, 222.156906128, 222.574874878, 222.981216431, 223.410797119, 223.840362549, 224.269927979, 224.699493408, 225.117462158, 225.535415649, 225.953369141, 226.371337891, 226.80090332, 227.23046875, 227.6484375, 228.066390991, 228.495956421, 228.925521851, 229.343490601, 229.761444092, 230.191009521, 230.62059021, 231.038543701, 231.456497192, 231.874465942, 232.304031372, 232.721984863, 233.139953613, 233.569519043, 233.987472534, 234.405441284, 234.835006714, 235.264572144, 235.682540894, 236.100494385, 236.518447876, 236.948028564, 237.377593994, 237.795547485, 238.213516235, 238.643081665, 239.061035156, 239.479003906, 239.908569336, 240.326522827, 240.756088257, 241.174057007, 241.603622437, 242.021575928, 242.439544678, 242.869110107, 243.287063599, 243.716644287, 244.146209717, 244.564163208, 244.982131958, 245.411697388, 245.829650879, 246.247619629, 246.66557312, 247.083526611, 247.5131073, 247.942672729, 248.372238159, 248.801803589, 249.219772339, 249.63772583, 250.05569458, 250.473648071, 250.903213501, 251.332778931, 251.750747681, 252.168701172, 252.586654663, 253.004623413, 253.422576904, 253.852142334, 254.281723022, 254.699676514, 255.117630005, 255.547210693, 255.976776123, 256.394744873, 256.824310303, 257.253875732, 257.671844482, 258.089782715, 258.507751465, 258.925720215, 259.343658447, 259.761627197, 260.191192627, 260.620758057, 261.038726807, 261.456695557, 261.886260986, 262.315826416, 262.733795166, 263.151733398, 263.581298828, 264.010864258, 264.440460205, 264.870025635, 265.299591064, 265.740753174, 266.181945801, 266.634735107, 267.075927734, 267.528717041],
    "bpm_histogram": [0, 0, 0, 0, 0, 0, 0, 0, 0, 0, 0, 0, 0, 0, 0, 0, 0, 0, 0, 0, 0, 0, 0, 0, 0, 0, 0, 0, 0, 0, 0, 0, 0, 0, 0, 0, 0, 0, 0, 0, 0, 0, 0, 0, 0, 0, 0, 0, 0, 0, 0, 0, 0, 0, 0, 0, 0, 0, 0, 0, 0, 0, 0, 0, 0, 0, 0, 0, 0, 0, 0, 0, 0, 0, 0, 0, 0, 0, 0, 0, 0, 0, 0, 0, 0, 0, 0, 0, 0, 0, 0, 0, 0, 0, 0, 0, 0, 0, 0, 0, 0, 0, 0, 0, 0, 0, 0, 0, 0, 0, 0, 0, 0, 0, 0, 0, 0, 0, 0, 0, 0, 0, 0, 0, 0, 0, 0, 0, 0, 0.0126984128729, 0, 0, 0, 0.0126984128729, 0, 0, 0.0206349212676, 0, 0, 0, 0.388888895512, 0, 0, 0, 0.561904788017, 0, 0, 0, 0.00317460321821, 0, 0, 0, 0, 0, 0, 0, 0, 0, 0, 0, 0, 0, 0, 0, 0, 0, 0, 0, 0, 0, 0, 0, 0, 0, 0, 0, 0, 0, 0, 0, 0, 0, 0, 0, 0, 0, 0, 0, 0, 0, 0, 0, 0, 0, 0, 0, 0, 0, 0, 0, 0, 0, 0, 0, 0, 0, 0, 0, 0, 0, 0, 0, 0, 0, 0, 0, 0, 0, 0, 0, 0, 0, 0, 0, 0, 0, 0, 0, 0, 0, 0, 0, 0, 0, 0, 0, 0, 0, 0, 0, 0, 0, 0, 0, 0, 0, 0, 0, 0, 0]
},
"tonal": {
    "chords_changes_rate": 0.0581918954849,
    "chords_number_rate": 0.0022514720913,
    "chords_strength": {
        "mean": 0.496129870415,
        "stdev": 0.131118014455
    },
    "hpcp_crest": {
        "mean": 12.2367238998,
        "stdev": 5.66989898682
    },
    "hpcp_entropy": {
        "mean": 2.12431335449,
        "stdev": 0.699671983719
    },
    "key_edma": {
        "strength": 0.586178719997,
        "key": "E",
        "scale": "major"
    },
    "key_krumhansl": {
        "strength": 0.583376467228,
        "key": "E",
        "scale": "major"
    },
    "key_temperley": {
        "strength": 0.577155768871,
        "key": "E",
        "scale": "major"
    },
    "tuning_diatonic_strength": 0.451461315155,
    "tuning_equal_tempered_deviation": 0.275056660175,
    "tuning_frequency": 434.193115234,
    "tuning_nontempered_energy_ratio": 0.957838654518,
    "hpcp": {
        "mean": [0.225483298302, 0.220573946834, 0.103773340583, 0.0565055087209, 0.0609131902456, 0.0776030793786, 0.195920422673, 0.269632399082, 0.161333188415, 0.0731685087085, 0.0597899854183, 0.0562656074762, 0.0917763113976, 0.126534581184, 0.0941535979509, 0.0997045636177, 0.13182631135, 0.0987042188644, 0.0927536711097, 0.0927742645144, 0.0778035223484, 0.154470562935, 0.188317075372, 0.121522963047, 0.0820156782866, 0.0747065842152, 0.10090854764, 0.225754156709, 0.282435387373, 0.175332084298, 0.145920857787, 0.152039930224, 0.119346998632, 0.181715592742, 0.22130985558, 0.178772568703],
        "stdev": [0.323980420828, 0.317562192678, 0.196021720767, 0.146363884211, 0.149980515242, 0.169477328658, 0.254701852798, 0.321605533361, 0.225290492177, 0.158200055361, 0.131387144327, 0.133522734046, 0.168880045414, 0.193906277418, 0.144452378154, 0.157375484705, 0.197436600924, 0.157551527023, 0.144733279943, 0.148179382086, 0.143385872245, 0.237766832113, 0.280953913927, 0.209933146834, 0.183787330985, 0.168734684587, 0.19720248878, 0.2810536623, 0.303720772266, 0.225569963455, 0.267799675465, 0.280129879713, 0.214467480779, 0.278566360474, 0.335306346416, 0.250049680471]
    },
    "chords_histogram": [7.70696210861, 5.33425712585, 3.15206098557, 0.259785234928, 2.25147223473, 0, 3.30793213844, 0.0346380323172, 1.50675439835, 0.0346380323172, 0.346380323172, 0.900588870049, 0, 0.519570469856, 0.0173190161586, 0.675441622734, 0.0692760646343, 7.11811590195, 6.97956371307, 27.5891933441, 11.7596120834, 7.41253900528, 5.97506046295, 7.04883956909],
    "thpcp": [1, 0.620786547661, 0.516652166843, 0.53831756115, 0.422563910484, 0.643388211727, 0.783576965332, 0.632968008518, 0.798353552818, 0.780971348286, 0.367423295975, 0.200065255165, 0.215671241283, 0.274764001369, 0.693682253361, 0.954669296741, 0.571221590042, 0.259062826633, 0.211694389582, 0.199215859175, 0.324946224689, 0.448012501001, 0.333363324404, 0.353017240763, 0.466748565435, 0.349475383759, 0.328406691551, 0.328479617834, 0.275473713875, 0.546923518181, 0.666761636734, 0.430268198252, 0.290387392044, 0.264508575201, 0.357280105352, 0.799312591553],
    "chords_key": "B",
    "chords_scale": "minor"
}
}